booking_id,flight_id,airline_code,route_name,payment_method,amount_clean,is_cancelled,cancellation_risk_score,risk_tier
B1000,AI192,AI,MAA -> BOM,,8027.12,1,0.2362,Low Risk
B1001,6F026,6E,BOM -> CCU,,8027.12,1,0.3045,Low Risk
B1002,SJ010,SJ,CCU -> MAA,UPI,6087.22,1,0.3198,Low Risk
B1002,SJ010,SJ,CCU -> MAA,NETBANKING,2505.86,1,0.3077,Low Risk
B1003,AI069,AI,DEL -> BOM,,8027.12,0,0.3765,Medium Risk
B1004,UK003,UK,HYD -> DEL,UPI,12222.48,0,0.3313,Medium Risk
B1005,AI048,AI,CCU -> DEL,UPI,13378.9,0,0.3648,Medium Risk
B1006,AI140,AI,BOM -> DEL,NETBANKING,14980.37,1,0.1732,Low Risk
B1007,UK167,UK,DEL -> MAA,,8027.12,0,0.2468,Low Risk
B1008,AI245,AI,BOM -> CCU,,8027.12,0,0.2831,Low Risk
B1009,SJ158,SJ,DEL -> HYD,,8027.12,1,0.3149,Low Risk
B1010,AI155,AI,BOM -> CCU,NETBANKING,8027.12,0,0.2683,Low Risk
B1011,AI179,AI,HYD -> BOM,CARD,2115.18,0,0.2511,Low Risk
B1012,AI137,AI,BOM -> DEL,CARD,8027.12,0,0.2744,Low Risk
B1012,AI137,AI,BOM -> DEL,CARD,4074.67,0,0.227,Low Risk
B1012,AI137,AI,BOM -> DEL,CARD,12647.86,0,0.3101,Low Risk
B1012,AI137,AI,BOM -> DEL,CARD,6979.86,0,0.2733,Low Risk
B1013,SJ001,SJ,BOM -> MAA,UPI,1176.33,0,0.1518,Low Risk
B1014,SJ172,SJ,CCU -> DEL,,8027.12,0,0.3665,Medium Risk
B1015,UK094,UK,BOM -> CCU,CARD,12008.1,0,0.2871,Low Risk
B1015,UK094,UK,BOM -> CCU,CARD,7601.56,0,0.2767,Low Risk
B1016,UK027,UK,BOM -> CCU,CARD,14076.51,1,0.3341,Medium Risk
B1016,UK027,UK,BOM -> CCU,NETBANKING,9724.26,1,0.3669,Medium Risk
B1017,UK067,UK,BOM -> CCU,,8027.12,0,0.3592,Medium Risk
B1018,6F196,6E,CCU -> MAA,UPI,2588.63,1,0.4816,Medium Risk
B1019,6F164,6E,BLR -> BOM,UPI,14810.27,1,0.2404,Low Risk
B1019,6F164,6E,BLR -> BOM,UPI,8027.12,1,0.421,Medium Risk
B1019,6F164,6E,BLR -> BOM,CARD,3810.73,1,0.5188,Medium Risk
B1020,SJ112,SJ,HYD -> DEL,NETBANKING,8150.35,0,0.1999,Low Risk
B1021,6F190,6E,DEL -> MAA,UPI,6949.93,1,0.2849,Low Risk
B1022,AI080,AI,BOM -> HYD,,8027.12,0,0.3394,Medium Risk
B1023,6F213,6E,BLR -> BOM,CARD,13057.27,0,0.3532,Medium Risk
B1024,AI115,AI,MAA -> BLR,UPI,4857.79,0,0.1952,Low Risk
B1025,SJ049,SJ,CCU -> DEL,CARD,9721.62,0,0.3462,Medium Risk
B1025,SJ049,SJ,CCU -> DEL,UPI,11899.89,0,0.3257,Low Risk
B1025,SJ049,SJ,CCU -> DEL,CARD,14501.45,0,0.2019,Low Risk
B1026,AI058,AI,BOM -> CCU,NETBANKING,2015.66,0,0.2924,Low Risk
B1026,AI058,AI,BOM -> CCU,UPI,11188.7,0,0.2831,Low Risk
B1027,UK036,UK,CCU -> BLR,UPI,7503.17,0,0.2947,Low Risk
B1028,SJ239,SJ,BOM -> CCU,,8027.12,1,0.3074,Low Risk
B1029,6F025,6E,BLR -> BOM,,8027.12,1,0.331,Medium Risk
B1030,6F236,6E,BOM -> DEL,,8027.12,1,0.3474,Medium Risk
B1031,AI060,AI,DEL -> HYD,CARD,7056.42,1,0.3867,Medium Risk
B1032,UK021,UK,HYD -> MAA,,8027.12,1,0.2996,Low Risk
B1033,UK026,UK,HYD -> MAA,CARD,9352.83,0,0.2444,Low Risk
B1033,UK026,UK,HYD -> MAA,UPI,8027.12,0,0.2488,Low Risk
B1033,UK026,UK,HYD -> MAA,UPI,7723.56,0,0.2483,Low Risk
B1034,SJ179,SJ,DEL -> HYD,,8027.12,0,0.3149,Low Risk
B1035,6F251,6E,DEL -> BLR,,8027.12,0,0.357,Medium Risk
B1036,SJ149,SJ,HYD -> MAA,CARD,5144.89,0,0.2168,Low Risk
B1037,AI188,AI,CCU -> HYD,,8027.12,0,0.3448,Medium Risk
B1038,SJ093,SJ,BLR -> BOM,,8027.12,0,0.2503,Low Risk
B1039,SJ205,SJ,HYD -> CCU,CARD,6604.98,0,0.2465,Low Risk
B1039,SJ205,SJ,HYD -> CCU,UPI,8185.34,0,0.2059,Low Risk
B1039,SJ205,SJ,HYD -> CCU,CARD,9866.37,0,0.2355,Low Risk
B1040,6F099,6E,MAA -> DEL,,8027.12,0,0.2234,Low Risk
B1041,UK176,UK,HYD -> BLR,UPI,13829.91,0,0.1711,Low Risk
B1041,UK176,UK,HYD -> BLR,NETBANKING,9750.27,0,0.2821,Low Risk
B1042,UK200,UK,CCU -> DEL,CARD,14402.39,1,0.3286,Low Risk
B1043,6F195,6E,CCU -> DEL,UPI,8291.6,1,0.3605,Medium Risk
B1044,6F174,6E,DEL -> HYD,UPI,1199.88,0,0.3891,Medium Risk
B1045,SJ214,SJ,BOM -> MAA,NETBANKING,2330.65,0,0.2325,Low Risk
B1045,SJ214,SJ,BOM -> MAA,UPI,4401.56,0,0.2445,Low Risk
B1045,SJ214,SJ,BOM -> MAA,NETBANKING,8027.12,0,0.2728,Low Risk
B1046,UK059,UK,HYD -> MAA,UPI,13689.48,0,0.2076,Low Risk
B1046,UK059,UK,HYD -> MAA,UPI,12592.83,0,0.2854,Low Risk
B1047,6F151,6E,CCU -> HYD,,8027.12,0,0.3771,Medium Risk
B1048,SJ236,SJ,MAA -> BOM,,8027.12,0,0.2293,Low Risk
B1049,SJ153,SJ,DEL -> CCU,,8027.12,0,0.3689,Medium Risk
B1050,AI220,AI,BOM -> DEL,NETBANKING,13350.33,0,0.3224,Low Risk
B1051,6F028,6E,HYD -> CCU,CARD,10875.08,1,0.2673,Low Risk
B1052,UK209,UK,MAA -> BLR,CARD,9827.3,1,0.2776,Low Risk
B1053,UK216,UK,MAA -> HYD,UPI,4621.1,0,0.3004,Low Risk
B1053,UK216,UK,MAA -> HYD,CARD,3081.42,0,0.143,Low Risk
B1054,AI132,AI,BLR -> BOM,,8027.12,1,0.2619,Low Risk
B1055,6F012,6E,CCU -> HYD,,8027.12,1,0.3771,Medium Risk
B1056,UK173,UK,MAA -> BLR,NETBANKING,3173.87,1,0.2723,Low Risk
B1056,UK173,UK,MAA -> BLR,CARD,8027.12,1,0.2647,Low Risk
B1057,SJ047,SJ,HYD -> BOM,UPI,1987.07,1,0.4683,Medium Risk
B1057,SJ047,SJ,HYD -> BOM,CARD,10224.13,1,0.3542,Medium Risk
B1058,SJ043,SJ,MAA -> DEL,,8027.12,0,0.1767,Low Risk
B1059,UK140,UK,MAA -> BLR,UPI,10839.07,0,0.2491,Low Risk
B1060,6F086,6E,MAA -> HYD,UPI,11681.98,0,0.2805,Low Risk
B1061,6F114,6E,BOM -> MAA,CARD,12021.5,1,0.3285,Low Risk
B1061,6F114,6E,BOM -> MAA,CARD,6835.68,1,0.3619,Medium Risk
B1061,6F114,6E,BOM -> MAA,NETBANKING,12722.62,1,0.4003,Medium Risk
B1062,UK153,UK,CCU -> HYD,,8027.12,1,0.4146,Medium Risk
B1063,6F149,6E,BLR -> CCU,,8027.12,1,0.3276,Low Risk
B1064,UK145,UK,BOM -> HYD,UPI,14413.72,0,0.1906,Low Risk
B1065,UK010,UK,MAA -> HYD,,8027.12,1,0.4487,Medium Risk
B1066,SJ003,SJ,MAA -> CCU,,8027.12,0,0.2211,Low Risk
B1067,SJ160,SJ,MAA -> BLR,UPI,4488.44,0,0.1926,Low Risk
B1067,SJ160,SJ,MAA -> BLR,UPI,7570.06,0,0.2082,Low Risk
B1067,SJ160,SJ,MAA -> BLR,NETBANKING,5374.84,0,0.1891,Low Risk
B1068,UK224,UK,CCU -> MAA,NETBANKING,5274.94,0,0.2555,Low Risk
B1069,UK152,UK,BOM -> CCU,UPI,14992.95,0,0.1333,Low Risk
B1070,SJ034,SJ,MAA -> BOM,NETBANKING,5631.13,1,0.1798,Low Risk
B1071,UK215,UK,BOM -> DEL,,8027.12,1,0.3935,Medium Risk
B1072,UK089,UK,BOM -> HYD,,8027.12,1,0.4063,Medium Risk
B1073,6F180,6E,MAA -> BLR,,8027.12,0,0.244,Low Risk
B1074,6F188,6E,DEL -> HYD,,8027.12,0,0.2866,Low Risk
B1075,UK131,UK,BOM -> DEL,,8027.12,0,0.3935,Medium Risk
B1076,UK055,UK,HYD -> DEL,CARD,8247.5,0,0.2356,Low Risk
B1077,UK181,UK,MAA -> DEL,NETBANKING,2981.73,0,0.153,Low Risk
B1077,UK181,UK,MAA -> DEL,CARD,8279.97,0,0.1545,Low Risk
B1078,6F077,6E,CCU -> DEL,,8027.12,0,0.4043,Medium Risk
B1079,SJ085,SJ,BLR -> MAA,,8027.12,0,0.3099,Low Risk
B1080,SJ023,SJ,HYD -> MAA,UPI,6604.5,0,0.2142,Low Risk
B1080,SJ023,SJ,HYD -> MAA,CARD,14564.92,0,0.332,Medium Risk
B1081,SJ202,SJ,CCU -> HYD,,8027.12,1,0.3669,Medium Risk
B1082,SJ150,SJ,BOM -> HYD,,8027.12,1,0.3665,Medium Risk
B1083,SJ116,SJ,HYD -> CCU,NETBANKING,6777.38,1,0.2164,Low Risk
B1084,6F270,6E,HYD -> MAA,,8027.12,0,0.1878,Low Risk
B1085,UK150,UK,DEL -> CCU,NETBANKING,11410.8,0,0.375,Medium Risk
B1086,SJ237,SJ,BOM -> CCU,UPI,3704.21,0,0.2567,Low Risk
B1086,SJ237,SJ,BOM -> CCU,UPI,1169.75,0,0.1653,Low Risk
B1087,AI221,AI,MAA -> HYD,NETBANKING,1154.4,1,0.6285,Medium Risk
B1087,AI221,AI,MAA -> HYD,UPI,2037.52,1,0.3855,Medium Risk
B1088,SJ081,SJ,BOM -> BLR,UPI,7375.1,0,0.2623,Low Risk
B1089,UK189,UK,BLR -> MAA,,8027.12,1,0.4045,Medium Risk
B1090,SJ068,SJ,BLR -> BOM,,8027.12,0,0.2503,Low Risk
B1091,6F043,6E,BOM -> HYD,,8027.12,0,0.3553,Medium Risk
B1092,UK187,UK,BLR -> BOM,UPI,9120.54,0,0.4155,Medium Risk
B1092,UK187,UK,BLR -> BOM,CARD,5439.03,0,0.4478,Medium Risk
B1092,UK187,UK,BLR -> BOM,NETBANKING,1339.36,0,0.309,Low Risk
B1093,UK074,UK,BOM -> DEL,,8027.12,0,0.3935,Medium Risk
B1094,UK004,UK,BOM -> CCU,CARD,6923.06,0,0.2826,Low Risk
B1094,UK004,UK,BOM -> CCU,CARD,10637.23,0,0.3225,Low Risk
B1095,6F194,6E,BOM -> CCU,,8027.12,0,0.3045,Low Risk
B1096,UK068,UK,BLR -> MAA,NETBANKING,9995.45,0,0.3606,Medium Risk
B1096,UK068,UK,BLR -> MAA,UPI,8168.44,0,0.3292,Low Risk
B1097,6F017,6E,CCU -> BOM,,8027.12,0,0.3634,Medium Risk
B1098,6F245,6E,CCU -> BOM,CARD,10455.66,0,0.3223,Low Risk
B1099,6F254,6E,MAA -> BLR,,8027.12,0,0.244,Low Risk
B1100,UK077,UK,HYD -> BOM,,8027.12,0,0.2624,Low Risk
B1101,AI029,AI,MAA -> DEL,CARD,2214.47,0,0.1777,Low Risk
B1102,SJ196,SJ,DEL -> HYD,UPI,10265.07,0,0.2751,Low Risk
B1102,SJ196,SJ,DEL -> HYD,CARD,14361.62,0,0.2786,Low Risk
B1103,AI242,AI,BLR -> CCU,NETBANKING,10750.13,1,0.3987,Medium Risk
B1103,AI242,AI,BLR -> CCU,NETBANKING,3312.42,1,0.4374,Medium Risk
B1104,AI242,AI,BLR -> CCU,,8027.12,1,0.2828,Low Risk
B1105,SJ044,SJ,DEL -> CCU,UPI,14294.21,0,0.3946,Medium Risk
B1106,UK063,UK,DEL -> BOM,UPI,8027.12,0,0.3354,Medium Risk
B1107,AI056,AI,DEL -> MAA,,8027.12,0,0.3032,Low Risk
B1108,UK207,UK,MAA -> CCU,,8027.12,1,0.2997,Low Risk
B1109,UK166,UK,HYD -> MAA,NETBANKING,13080.08,1,0.3484,Medium Risk
B1110,6F261,6E,CCU -> DEL,,8027.12,0,0.4043,Medium Risk
B1111,UK134,UK,HYD -> CCU,NETBANKING,8027.12,1,0.2199,Low Risk
B1112,6F152,6E,CCU -> DEL,UPI,10855.19,0,0.355,Medium Risk
B1112,6F152,6E,CCU -> DEL,NETBANKING,9807.59,0,0.3415,Medium Risk
B1113,SJ089,SJ,HYD -> CCU,UPI,9457.62,0,0.2105,Low Risk
B1114,6F123,6E,DEL -> HYD,NETBANKING,8187.33,1,0.3227,Low Risk
B1115,AI025,AI,HYD -> DEL,UPI,8185.02,0,0.2007,Low Risk
B1116,6F030,6E,BOM -> DEL,NETBANKING,9883.49,0,0.327,Low Risk
B1117,SJ222,SJ,BOM -> DEL,CARD,11125.21,0,0.2745,Low Risk
B1117,SJ222,SJ,BOM -> DEL,UPI,13517.5,0,0.3466,Medium Risk
B1118,UK109,UK,BLR -> BOM,NETBANKING,8027.12,0,0.4254,Medium Risk
B1119,SJ117,SJ,MAA -> BLR,NETBANKING,14344.34,1,0.3464,Medium Risk
B1119,SJ117,SJ,MAA -> BLR,CARD,7924.37,1,0.2539,Low Risk
B1120,SJ142,SJ,CCU -> BOM,CARD,8027.12,0,0.3044,Low Risk
B1120,SJ142,SJ,CCU -> BOM,CARD,1037.82,0,0.1724,Low Risk
B1120,SJ142,SJ,CCU -> BOM,UPI,1533.66,0,0.3411,Medium Risk
B1121,SJ142,SJ,CCU -> BOM,,8027.12,0,0.3514,Medium Risk
B1122,AI030,AI,CCU -> HYD,,8027.12,1,0.3448,Medium Risk
B1123,6F097,6E,BLR -> BOM,UPI,6074.04,0,0.3011,Low Risk
B1123,6F097,6E,BLR -> BOM,NETBANKING,8451.44,0,0.3982,Medium Risk
B1124,6F129,6E,DEL -> CCU,CARD,8027.12,1,0.5284,Medium Risk
B1124,6F129,6E,DEL -> CCU,UPI,2030.14,1,0.5962,Medium Risk
B1124,6F129,6E,DEL -> CCU,UPI,13723.54,1,0.4432,Medium Risk
B1125,6F181,6E,BOM -> MAA,,8027.12,0,0.3351,Medium Risk
B1126,AI072,AI,BLR -> CCU,,8027.12,0,0.2828,Low Risk
B1127,SJ154,SJ,BLR -> HYD,,8027.12,0,0.3082,Low Risk
B1128,AI031,AI,DEL -> MAA,,8027.12,0,0.3032,Low Risk
B1129,AI031,AI,DEL -> MAA,UPI,12008.51,0,0.3276,Low Risk
B1130,6F158,6E,CCU -> MAA,,8027.12,0,0.3553,Medium Risk
B1131,6F184,6E,MAA -> BOM,UPI,3592.91,1,0.3536,Medium Risk
B1132,UK141,UK,HYD -> MAA,UPI,8027.12,0,0.2488,Low Risk
B1132,UK141,UK,HYD -> MAA,UPI,2045.26,0,0.2978,Low Risk
B1132,UK141,UK,HYD -> MAA,UPI,2632.44,0,0.2579,Low Risk
B1133,6F168,6E,HYD -> DEL,NETBANKING,12903.74,1,0.3211,Low Risk
B1133,6F168,6E,HYD -> DEL,NETBANKING,1296.69,1,0.5066,Medium Risk
B1134,6F051,6E,BLR -> BOM,,8027.12,0,0.331,Medium Risk
B1135,6F047,6E,MAA -> DEL,CARD,10501.09,0,0.1796,Low Risk
B1136,UK156,UK,MAA -> BLR,NETBANKING,2857.01,0,0.2371,Low Risk
B1137,AI094,AI,DEL -> BLR,CARD,6179.22,0,0.3195,Low Risk
B1137,AI094,AI,DEL -> BLR,UPI,3913.54,0,0.3089,Low Risk
B1138,AI038,AI,HYD -> MAA,,8027.12,0,0.1969,Low Risk
B1139,6F255,6E,DEL -> BOM,UPI,6016.05,0,0.3707,Medium Risk
B1140,SJ025,SJ,BOM -> CCU,NETBANKING,8447.38,0,0.3045,Low Risk
B1140,SJ025,SJ,BOM -> CCU,CARD,8027.12,0,0.2799,Low Risk
B1141,SJ185,SJ,BOM -> CCU,,8027.12,0,0.3074,Low Risk
B1142,6F259,6E,BOM -> DEL,CARD,4506.21,1,0.2793,Low Risk
B1143,6F073,6E,DEL -> CCU,NETBANKING,6360.73,1,0.4994,Medium Risk
B1144,AI091,AI,CCU -> MAA,CARD,8027.12,0,0.2943,Low Risk
B1145,6F191,6E,BLR -> DEL,,8027.12,0,0.2903,Low Risk
B1146,UK228,UK,DEL -> MAA,UPI,8027.12,0,0.2146,Low Risk
B1147,6F146,6E,HYD -> MAA,,8027.12,0,0.1878,Low Risk
B1148,6F068,6E,BLR -> HYD,,8027.12,0,0.2595,Low Risk
B1149,SJ218,SJ,DEL -> HYD,UPI,3280.83,0,0.2755,Low Risk
B1149,SJ218,SJ,DEL -> HYD,CARD,9112.92,0,0.3283,Low Risk
B1150,UK083,UK,DEL -> HYD,NETBANKING,12535.73,0,0.2846,Low Risk
B1151,SJ007,SJ,BOM -> CCU,CARD,8027.12,1,0.2799,Low Risk
B1152,AI077,AI,CCU -> HYD,,8027.12,0,0.3448,Medium Risk
B1153,UK017,UK,BLR -> HYD,NETBANKING,5774.24,1,0.2553,Low Risk
B1154,6F229,6E,MAA -> DEL,UPI,9979.51,0,0.1831,Low Risk
B1155,6F074,6E,HYD -> BOM,,8027.12,0,0.2818,Low Risk
B1156,SJ088,SJ,CCU -> MAA,NETBANKING,3413.47,0,0.2383,Low Risk
B1157,SJ167,SJ,MAA -> CCU,NETBANKING,7902.25,0,0.1797,Low Risk
B1158,6F234,6E,BOM -> DEL,UPI,14265.47,0,0.2576,Low Risk
B1159,UK071,UK,DEL -> HYD,CARD,8897.78,0,0.2562,Low Risk
B1159,UK071,UK,DEL -> HYD,CARD,8027.12,0,0.245,Low Risk
B1159,UK071,UK,DEL -> HYD,CARD,8064.97,0,0.2417,Low Risk
B1160,AI178,AI,CCU -> BLR,UPI,5267.38,1,0.3173,Low Risk
B1161,UK104,UK,DEL -> BOM,UPI,7144.72,0,0.3201,Low Risk
B1161,UK104,UK,DEL -> BOM,UPI,9652.61,0,0.3584,Medium Risk
B1161,UK104,UK,DEL -> BOM,CARD,7842.91,0,0.3084,Low Risk
B1162,AI146,AI,BLR -> DEL,,8027.12,0,0.2483,Low Risk
B1163,SJ235,SJ,BOM -> DEL,,8027.12,1,0.3428,Medium Risk
B1164,6F209,6E,MAA -> CCU,UPI,2684.77,0,0.3096,Low Risk
B1165,AI129,AI,BOM -> CCU,NETBANKING,10424.86,1,0.3129,Low Risk
B1165,AI129,AI,BOM -> CCU,UPI,9442.05,1,0.3028,Low Risk
B1165,AI129,AI,BOM -> CCU,CARD,13603.29,1,0.3986,Medium Risk
B1165,AI129,AI,BOM -> CCU,CARD,9627.79,1,0.2981,Low Risk
B1166,SJ141,SJ,CCU -> DEL,NETBANKING,5530.81,0,0.2593,Low Risk
B1167,SJ018,SJ,BOM -> CCU,CARD,7043.11,1,0.2923,Low Risk
B1167,SJ018,SJ,BOM -> CCU,UPI,12224.46,1,0.3226,Low Risk
B1167,SJ018,SJ,BOM -> CCU,NETBANKING,8032.22,1,0.2855,Low Risk
B1168,UK120,UK,HYD -> DEL,CARD,5435.83,1,0.2797,Low Risk
B1169,AI078,AI,DEL -> BOM,NETBANKING,3795.6,0,0.3379,Medium Risk
B1170,AI079,AI,CCU -> BLR,,8027.12,0,0.3446,Medium Risk
B1171,UK087,UK,HYD -> MAA,UPI,7227.28,1,0.2583,Low Risk
B1171,UK087,UK,HYD -> MAA,UPI,12677.76,1,0.2881,Low Risk
B1171,UK087,UK,HYD -> MAA,UPI,3406.0,1,0.2183,Low Risk
B1172,UK133,UK,BOM -> DEL,NETBANKING,9220.51,0,0.3336,Medium Risk
B1172,UK133,UK,BOM -> DEL,NETBANKING,10384.47,0,0.3431,Medium Risk
B1172,UK133,UK,BOM -> DEL,UPI,5872.42,0,0.3006,Low Risk
B1173,AI222,AI,BOM -> DEL,UPI,8027.12,1,0.2949,Low Risk
B1174,6F049,6E,HYD -> DEL,NETBANKING,8027.12,1,0.2122,Low Risk
B1175,6F105,6E,BLR -> BOM,UPI,10654.9,0,0.4346,Medium Risk
B1176,SJ226,SJ,HYD -> BOM,,8027.12,1,0.3527,Medium Risk
B1177,SJ227,SJ,BOM -> CCU,NETBANKING,12412.89,1,0.337,Medium Risk
B1178,6F034,6E,BOM -> DEL,NETBANKING,8027.12,0,0.3184,Low Risk
B1179,SJ078,SJ,DEL -> HYD,UPI,3495.66,0,0.2476,Low Risk
B1179,SJ078,SJ,DEL -> HYD,NETBANKING,4786.25,0,0.243,Low Risk
B1179,SJ078,SJ,DEL -> HYD,UPI,2337.61,0,0.3,Low Risk
B1180,AI240,AI,MAA -> DEL,,8027.12,0,0.1494,Low Risk
B1181,SJ002,SJ,DEL -> BOM,,8027.12,1,0.4324,Medium Risk
B1182,AI044,AI,MAA -> BLR,UPI,9005.88,1,0.2294,Low Risk
B1183,UK076,UK,MAA -> CCU,,8027.12,1,0.2997,Low Risk
B1184,6F232,6E,MAA -> BLR,,8027.12,0,0.244,Low Risk
B1185,SJ228,SJ,BOM -> CCU,CARD,13080.31,1,0.3466,Medium Risk
B1186,SJ074,SJ,DEL -> CCU,,8027.12,0,0.3689,Medium Risk
B1187,UK229,UK,HYD -> DEL,NETBANKING,6625.76,0,0.2367,Low Risk
B1188,AI208,AI,BLR -> BOM,,8027.12,0,0.2619,Low Risk
B1189,AI019,AI,BOM -> CCU,,8027.12,0,0.2831,Low Risk
B1190,6F029,6E,BOM -> BLR,,8027.12,0,0.2763,Low Risk
B1191,6F018,6E,DEL -> BLR,,8027.12,0,0.357,Medium Risk
B1192,AI059,AI,CCU -> DEL,UPI,8027.12,1,0.3297,Low Risk
B1193,AI159,AI,HYD -> BLR,,8027.12,0,0.3436,Medium Risk
B1194,6F091,6E,BLR -> CCU,,8027.12,0,0.3276,Low Risk
B1195,6F084,6E,CCU -> HYD,UPI,13205.17,1,0.369,Medium Risk
B1195,6F084,6E,CCU -> HYD,CARD,6019.11,1,0.4421,Medium Risk
B1196,UK170,UK,BOM -> BLR,,8027.12,1,0.3945,Medium Risk
B1197,UK212,UK,HYD -> MAA,CARD,8876.86,0,0.2412,Low Risk
B1198,SJ022,SJ,DEL -> BLR,CARD,1830.32,0,0.3827,Medium Risk
B1199,SJ075,SJ,MAA -> BLR,NETBANKING,12300.69,0,0.288,Low Risk
B1199,SJ075,SJ,MAA -> BLR,CARD,1198.83,0,0.3201,Low Risk
B1200,UK177,UK,DEL -> HYD,NETBANKING,10067.38,0,0.2818,Low Risk
B1200,UK177,UK,DEL -> HYD,CARD,14034.27,0,0.2071,Low Risk
B1200,UK177,UK,DEL -> HYD,NETBANKING,6711.92,0,0.2098,Low Risk
B1201,UK206,UK,MAA -> BLR,CARD,7338.75,1,0.2551,Low Risk
B1202,UK079,UK,DEL -> BLR,UPI,1973.12,1,0.4861,Medium Risk
B1203,UK040,UK,HYD -> CCU,NETBANKING,12774.63,0,0.2622,Low Risk
B1204,AI034,AI,DEL -> BOM,CARD,14106.07,0,0.3825,Medium Risk
B1205,UK034,UK,DEL -> BLR,UPI,10452.65,0,0.3392,Medium Risk
B1206,AI088,AI,MAA -> DEL,,8027.12,0,0.1494,Low Risk
B1207,AI128,AI,BOM -> CCU,CARD,10823.99,0,0.283,Low Risk
B1208,SJ052,SJ,MAA -> BLR,NETBANKING,9105.12,0,0.219,Low Risk
B1208,SJ052,SJ,MAA -> BLR,CARD,12966.45,0,0.2937,Low Risk
B1209,AI233,AI,BLR -> BOM,NETBANKING,10307.2,0,0.3552,Medium Risk
B1210,AI012,AI,BOM -> CCU,,8027.12,0,0.2831,Low Risk
B1211,AI084,AI,BOM -> HYD,,8027.12,0,0.3394,Medium Risk
B1212,6F126,6E,CCU -> MAA,NETBANKING,8421.62,0,0.319,Low Risk
B1213,SJ061,SJ,MAA -> BLR,,8027.12,0,0.2111,Low Risk
B1214,UK194,UK,CCU -> BOM,,8027.12,0,0.3987,Medium Risk
B1215,AI135,AI,BLR -> BOM,NETBANKING,9065.13,1,0.3685,Medium Risk
B1215,AI135,AI,BLR -> BOM,NETBANKING,2886.02,1,0.3879,Medium Risk
B1216,6F238,6E,BOM -> DEL,CARD,1149.69,0,0.1994,Low Risk
B1216,6F238,6E,BOM -> DEL,UPI,12779.83,0,0.2789,Low Risk
B1216,6F238,6E,BOM -> DEL,NETBANKING,5236.29,0,0.2779,Low Risk
B1217,6F092,6E,MAA -> BLR,,8027.12,1,0.244,Low Risk
B1218,AI213,AI,HYD -> CCU,,8027.12,0,0.2044,Low Risk
B1219,UK193,UK,HYD -> DEL,,8027.12,1,0.2847,Low Risk
B1220,6F178,6E,BOM -> CCU,UPI,11075.72,0,0.2886,Low Risk
B1221,AI158,AI,CCU -> DEL,UPI,13658.68,0,0.3609,Medium Risk
B1221,AI158,AI,CCU -> DEL,UPI,5138.43,0,0.3043,Low Risk
B1222,UK208,UK,DEL -> CCU,,8027.12,0,0.3985,Medium Risk
B1223,6F056,6E,BOM -> MAA,UPI,1794.08,0,0.371,Medium Risk
B1224,UK185,UK,DEL -> MAA,,8027.12,0,0.2468,Low Risk
B1225,AI163,AI,HYD -> MAA,CARD,8027.12,0,0.2518,Low Risk
B1225,AI163,AI,HYD -> MAA,CARD,3894.65,0,0.2092,Low Risk
B1226,AI112,AI,DEL -> BLR,NETBANKING,8968.11,0,0.3038,Low Risk
B1227,AI227,AI,BLR -> MAA,CARD,8027.12,1,0.2525,Low Risk
B1228,SJ083,SJ,MAA -> BLR,CARD,4629.36,0,0.201,Low Risk
B1228,SJ083,SJ,MAA -> BLR,UPI,7087.22,0,0.2107,Low Risk
B1229,UK073,UK,BLR -> CCU,,8027.12,0,0.3578,Medium Risk
B1230,6F169,6E,BOM -> DEL,CARD,4531.77,0,0.2793,Low Risk
B1231,UK154,UK,MAA -> HYD,UPI,6547.3,1,0.5173,Medium Risk
B1231,UK154,UK,MAA -> HYD,UPI,5009.12,1,0.474,Medium Risk
B1232,SJ169,SJ,BOM -> MAA,,8027.12,0,0.3239,Low Risk
B1233,6F187,6E,BOM -> MAA,NETBANKING,1617.29,1,0.5476,Medium Risk
B1234,UK210,UK,DEL -> CCU,CARD,7984.22,1,0.4583,Medium Risk
B1235,6F250,6E,CCU -> BLR,NETBANKING,8027.12,0,0.3544,Medium Risk
B1235,6F250,6E,CCU -> BLR,CARD,1236.74,0,0.3326,Medium Risk
B1236,AI062,AI,MAA -> DEL,,8027.12,0,0.1494,Low Risk
B1237,AI047,AI,CCU -> MAA,,8027.12,0,0.3313,Medium Risk
B1238,SJ186,SJ,CCU -> DEL,UPI,3231.46,0,0.375,Medium Risk
B1239,AI217,AI,CCU -> BLR,UPI,8821.9,1,0.3403,Medium Risk
B1240,UK100,UK,CCU -> BLR,UPI,12241.53,0,0.3228,Low Risk
B1241,UK116,UK,CCU -> BOM,NETBANKING,8027.12,0,0.2897,Low Risk
B1242,6F036,6E,CCU -> BLR,,8027.12,1,0.3777,Medium Risk
B1243,AI175,AI,BOM -> HYD,,8027.12,1,0.3394,Medium Risk
B1244,UK051,UK,HYD -> DEL,CARD,4953.56,0,0.2101,Low Risk
B1245,6F201,6E,CCU -> BOM,CARD,3162.91,0,0.3629,Medium Risk
B1246,6F230,6E,CCU -> BLR,CARD,11516.06,0,0.3309,Medium Risk
B1247,SJ138,SJ,BLR -> BOM,CARD,7658.69,1,0.2986,Low Risk
B1248,AI246,AI,BOM -> BLR,,8027.12,0,0.2707,Low Risk
B1249,6F179,6E,HYD -> MAA,UPI,1969.22,1,0.4101,Medium Risk
B1249,6F179,6E,HYD -> MAA,NETBANKING,3055.22,1,0.3555,Medium Risk
B1250,6F031,6E,BOM -> BLR,NETBANKING,6497.92,1,0.352,Medium Risk
B1251,UK015,UK,BLR -> BOM,UPI,6952.65,0,0.4318,Medium Risk
B1252,UK001,UK,CCU -> DEL,CARD,1480.08,1,0.4682,Medium Risk
B1253,6F133,6E,MAA -> BLR,NETBANKING,2152.89,1,0.4533,Medium Risk
B1253,6F133,6E,MAA -> BLR,NETBANKING,14029.28,1,0.2728,Low Risk
B1254,6F143,6E,CCU -> DEL,UPI,8027.12,1,0.3625,Medium Risk
B1255,UK165,UK,DEL -> BLR,CARD,1412.67,1,0.4298,Medium Risk
B1256,6F083,6E,BLR -> DEL,NETBANKING,2040.64,1,0.5166,Medium Risk
B1257,AI082,AI,DEL -> CCU,NETBANKING,13028.65,1,0.5244,Medium Risk
B1258,AI164,AI,DEL -> BLR,,8027.12,1,0.3494,Medium Risk
B1259,SJ155,SJ,DEL -> CCU,CARD,12805.67,1,0.5776,Medium Risk
B1260,AI189,AI,CCU -> DEL,NETBANKING,9458.88,1,0.3327,Medium Risk
B1260,AI189,AI,CCU -> DEL,NETBANKING,2117.99,1,0.3953,Medium Risk
B1260,AI189,AI,CCU -> DEL,NETBANKING,4716.99,1,0.2725,Low Risk
B1261,SJ057,SJ,BOM -> CCU,,8027.12,0,0.3074,Low Risk
B1262,SJ198,SJ,CCU -> BOM,UPI,3896.83,0,0.2855,Low Risk
B1262,SJ198,SJ,CCU -> BOM,UPI,6722.37,0,0.2879,Low Risk
B1263,6F122,6E,DEL -> BLR,NETBANKING,1483.05,1,0.6627,High Risk
B1263,6F122,6E,DEL -> BLR,UPI,10997.85,1,0.3382,Medium Risk
B1264,SJ097,SJ,BOM -> CCU,NETBANKING,3936.86,0,0.2278,Low Risk
B1264,SJ097,SJ,BOM -> CCU,UPI,4662.75,0,0.2375,Low Risk
B1265,UK203,UK,BLR -> HYD,,8027.12,0,0.3872,Medium Risk
B1266,UK093,UK,HYD -> CCU,UPI,14431.32,0,0.1248,Low Risk
B1267,AI205,AI,BLR -> BOM,CARD,2158.29,1,0.5281,Medium Risk
B1267,AI205,AI,BLR -> BOM,UPI,14150.69,1,0.4424,Medium Risk
B1268,AI102,AI,CCU -> BLR,CARD,13289.27,0,0.3888,Medium Risk
B1269,6F046,6E,DEL -> BLR,UPI,6692.76,0,0.3204,Low Risk
B1269,6F046,6E,DEL -> BLR,CARD,14606.94,0,0.1847,Low Risk
B1270,SJ017,SJ,DEL -> MAA,,8027.12,0,0.302,Low Risk
B1271,6F156,6E,MAA -> BOM,NETBANKING,12211.33,0,0.253,Low Risk
B1272,AI068,AI,BOM -> BLR,UPI,7902.41,0,0.2535,Low Risk
B1272,AI068,AI,BOM -> BLR,UPI,12486.95,0,0.3069,Low Risk
B1272,AI068,AI,BOM -> BLR,UPI,8027.12,0,0.2718,Low Risk
B1272,AI068,AI,BOM -> BLR,CARD,10043.5,0,0.2789,Low Risk
B1273,AI150,AI,BOM -> DEL,UPI,5268.31,0,0.2641,Low Risk
B1273,AI150,AI,BOM -> DEL,CARD,3873.81,0,0.2374,Low Risk
B1274,UK008,UK,CCU -> BLR,NETBANKING,8582.34,0,0.3391,Medium Risk
B1275,6F166,6E,BOM -> CCU,,8027.12,0,0.3045,Low Risk
B1276,6F177,6E,HYD -> MAA,UPI,9396.07,0,0.1842,Low Risk
B1277,AI196,AI,MAA -> HYD,,8027.12,0,0.3111,Low Risk
B1278,SJ191,SJ,BLR -> BOM,,8027.12,0,0.2503,Low Risk
B1279,6F019,6E,BLR -> BOM,UPI,5467.05,0,0.2882,Low Risk
B1280,AI226,AI,BLR -> HYD,,8027.12,0,0.2563,Low Risk
B1281,SJ207,SJ,DEL -> CCU,CARD,4413.8,1,0.5418,Medium Risk
B1282,AI009,AI,DEL -> CCU,,8027.12,1,0.3731,Medium Risk
B1283,AI103,AI,BLR -> BOM,NETBANKING,1369.37,0,0.2226,Low Risk
B1283,AI103,AI,BLR -> BOM,CARD,7236.69,0,0.2952,Low Risk
B1284,SJ127,SJ,BOM -> DEL,UPI,4189.8,1,0.2556,Low Risk
B1284,SJ127,SJ,BOM -> DEL,CARD,8516.93,1,0.3233,Low Risk
B1285,UK188,UK,MAA -> BLR,NETBANKING,1207.32,1,0.5079,Medium Risk
B1286,6F010,6E,DEL -> BLR,,8027.12,0,0.357,Medium Risk
B1287,SJ098,SJ,HYD -> MAA,CARD,14610.33,1,0.3442,Medium Risk
B1287,SJ098,SJ,HYD -> MAA,CARD,7693.36,1,0.2609,Low Risk
B1288,6F058,6E,BOM -> CCU,CARD,1114.05,0,0.2021,Low Risk
B1288,6F058,6E,BOM -> CCU,NETBANKING,8140.84,0,0.3098,Low Risk
B1289,SJ030,SJ,DEL -> HYD,UPI,8027.12,0,0.2676,Low Risk
B1289,SJ030,SJ,DEL -> HYD,NETBANKING,12016.99,0,0.3004,Low Risk
B1290,UK175,UK,BLR -> BOM,UPI,13471.57,1,0.4123,Medium Risk
B1291,SJ108,SJ,BLR -> HYD,NETBANKING,4129.39,0,0.216,Low Risk
B1292,6F075,6E,BOM -> CCU,NETBANKING,13787.78,0,0.3141,Low Risk
B1292,6F075,6E,BOM -> CCU,UPI,8321.74,0,0.2884,Low Risk
B1293,UK222,UK,BOM -> CCU,NETBANKING,6227.3,0,0.2449,Low Risk
B1294,6F250,6E,CCU -> BLR,,8027.12,1,0.3777,Medium Risk
B1295,AI096,AI,CCU -> DEL,,8027.12,1,0.349,Medium Risk
B1296,AI216,AI,BOM -> CCU,,8027.12,1,0.2831,Low Risk
B1297,6F193,6E,BOM -> MAA,,8027.12,0,0.3351,Medium Risk
B1298,SJ194,SJ,CCU -> DEL,,8027.12,0,0.3665,Medium Risk
B1299,SJ020,SJ,BLR -> BOM,CARD,8842.93,0,0.3042,Low Risk
B1300,6F070,6E,HYD -> DEL,,8027.12,0,0.1729,Low Risk
B1301,AI051,AI,MAA -> BLR,UPI,14671.03,0,0.2147,Low Risk
B1302,UK219,UK,BOM -> HYD,NETBANKING,6515.83,0,0.2437,Low Risk
B1302,UK219,UK,BOM -> HYD,NETBANKING,8423.69,0,0.3355,Medium Risk
B1302,UK219,UK,BOM -> HYD,UPI,9282.39,0,0.3582,Medium Risk
B1303,AI235,AI,BLR -> HYD,CARD,5866.4,0,0.2724,Low Risk
B1303,AI235,AI,BLR -> HYD,NETBANKING,13806.55,0,0.3603,Medium Risk
B1304,6F022,6E,MAA -> BLR,,8027.12,0,0.244,Low Risk
B1305,SJ114,SJ,HYD -> DEL,NETBANKING,13844.39,0,0.1874,Low Risk
B1306,SJ076,SJ,DEL -> MAA,NETBANKING,9753.04,0,0.2831,Low Risk
B1307,UK227,UK,BOM -> HYD,CARD,12772.93,0,0.2908,Low Risk
B1307,UK227,UK,BOM -> HYD,CARD,13498.4,0,0.2799,Low Risk
B1308,UK135,UK,HYD -> DEL,UPI,9613.19,1,0.2681,Low Risk
B1308,UK135,UK,HYD -> DEL,UPI,12097.48,1,0.3171,Low Risk
B1309,AI234,AI,BOM -> MAA,,8027.12,0,0.3061,Low Risk
B1310,6F113,6E,BOM -> CCU,UPI,7370.22,0,0.2518,Low Risk
B1311,SJ206,SJ,DEL -> CCU,,8027.12,0,0.3689,Medium Risk
B1312,AI015,AI,BLR -> CCU,,8027.12,0,0.2828,Low Risk
B1313,6F260,6E,CCU -> DEL,,8027.12,1,0.4043,Medium Risk
B1314,AI061,AI,BOM -> CCU,NETBANKING,8027.12,0,0.2683,Low Risk
B1314,AI061,AI,BOM -> CCU,CARD,7529.51,0,0.2513,Low Risk
B1315,6F237,6E,HYD -> MAA,,8027.12,0,0.1878,Low Risk
B1316,SJ099,SJ,MAA -> BLR,UPI,11302.63,0,0.2097,Low Risk
B1317,SJ146,SJ,HYD -> BLR,NETBANKING,12552.7,1,0.3406,Medium Risk
B1317,SJ146,SJ,HYD -> BLR,UPI,7684.83,1,0.2598,Low Risk
B1317,SJ146,SJ,HYD -> BLR,CARD,13045.18,1,0.3785,Medium Risk
B1318,SJ146,SJ,HYD -> BLR,UPI,4594.77,1,0.2445,Low Risk
B1319,6F071,6E,DEL -> CCU,UPI,5359.26,0,0.3348,Medium Risk
B1320,6F272,6E,HYD -> MAA,UPI,12788.34,0,0.197,Low Risk
B1320,6F272,6E,HYD -> MAA,CARD,9370.75,0,0.2262,Low Risk
B1321,SJ029,SJ,HYD -> DEL,,8027.12,0,0.2136,Low Risk
B1322,UK084,UK,MAA -> DEL,,8027.12,0,0.2455,Low Risk
B1323,SJ048,SJ,MAA -> BLR,,8027.12,0,0.2111,Low Risk
B1324,AI108,AI,BLR -> CCU,NETBANKING,7543.0,1,0.3063,Low Risk
B1324,AI108,AI,BLR -> CCU,CARD,8027.12,1,0.293,Low Risk
B1325,SJ134,SJ,BOM -> CCU,UPI,4503.45,1,0.2375,Low Risk
B1326,UK146,UK,BOM -> MAA,,8027.12,0,0.3445,Medium Risk
B1327,SJ036,SJ,DEL -> HYD,UPI,13822.99,0,0.2405,Low Risk
B1328,6F202,6E,HYD -> BLR,,8027.12,0,0.2869,Low Risk
B1329,UK041,UK,HYD -> MAA,UPI,6401.38,0,0.2598,Low Risk
B1330,6F078,6E,BOM -> CCU,,8027.12,0,0.3045,Low Risk
B1331,AI097,AI,HYD -> MAA,NETBANKING,7131.5,0,0.2111,Low Risk
B1332,UK159,UK,CCU -> BLR,NETBANKING,4183.32,0,0.2319,Low Risk
B1333,UK044,UK,BLR -> BOM,UPI,2238.82,1,0.6221,Medium Risk
B1333,UK044,UK,BLR -> BOM,NETBANKING,2372.08,1,0.4534,Medium Risk
B1334,6F176,6E,CCU -> DEL,,8027.12,1,0.4043,Medium Risk
B1335,SJ221,SJ,MAA -> HYD,,8027.12,0,0.2684,Low Risk
B1336,6F112,6E,HYD -> DEL,,8027.12,0,0.1729,Low Risk
B1337,6F246,6E,HYD -> DEL,,8027.12,0,0.1729,Low Risk
B1338,6F014,6E,DEL -> MAA,,8027.12,1,0.3177,Low Risk
B1339,AI237,AI,BOM -> CCU,,8027.12,1,0.2831,Low Risk
B1340,6F003,6E,HYD -> BOM,,8027.12,1,0.2818,Low Risk
B1341,6F249,6E,HYD -> BOM,CARD,9263.24,0,0.2887,Low Risk
B1341,6F249,6E,HYD -> BOM,NETBANKING,8027.12,0,0.2586,Low Risk
B1342,UK149,UK,MAA -> DEL,NETBANKING,8027.12,0,0.165,Low Risk
B1342,UK149,UK,MAA -> DEL,CARD,10237.49,0,0.137,Low Risk
B1342,UK149,UK,MAA -> DEL,NETBANKING,8765.79,0,0.1633,Low Risk
B1343,SJ163,SJ,DEL -> HYD,,8027.12,0,0.3149,Low Risk
B1344,SJ243,SJ,BLR -> DEL,,8027.12,0,0.3077,Low Risk
B1345,UK113,UK,CCU -> DEL,,8027.12,1,0.4066,Medium Risk
B1346,AI071,AI,BOM -> MAA,,8027.12,0,0.3061,Low Risk
B1347,6F271,6E,HYD -> MAA,CARD,12000.54,0,0.2387,Low Risk
B1348,SJ015,SJ,BOM -> CCU,,8027.12,1,0.3074,Low Risk
B1349,UK047,UK,BLR -> HYD,CARD,11101.75,1,0.3539,Medium Risk
B1350,UK020,UK,MAA -> BLR,UPI,13802.17,0,0.1985,Low Risk
B1350,UK020,UK,MAA -> BLR,CARD,7709.03,0,0.2576,Low Risk
B1350,UK020,UK,MAA -> BLR,CARD,8540.17,0,0.2622,Low Risk
B1351,AI122,AI,BOM -> CCU,UPI,14687.44,0,0.1631,Low Risk
B1352,UK223,UK,CCU -> DEL,CARD,2116.34,1,0.414,Medium Risk
B1352,UK223,UK,CCU -> DEL,UPI,10103.51,1,0.3719,Medium Risk
B1353,6F148,6E,CCU -> BOM,,8027.12,1,0.3634,Medium Risk
B1354,SJ162,SJ,DEL -> HYD,UPI,10023.88,0,0.2789,Low Risk
B1355,6F127,6E,HYD -> BOM,CARD,5421.14,0,0.3436,Medium Risk
B1355,6F127,6E,HYD -> BOM,CARD,8877.37,0,0.2772,Low Risk
B1356,AI173,AI,HYD -> DEL,,8027.12,0,0.181,Low Risk
B1357,6F065,6E,MAA -> BLR,UPI,6983.72,0,0.2026,Low Risk
B1358,AI053,AI,CCU -> DEL,,8027.12,0,0.349,Medium Risk
B1359,AI241,AI,HYD -> BLR,CARD,8027.12,0,0.3066,Low Risk
B1359,AI241,AI,HYD -> BLR,CARD,3097.73,0,0.2493,Low Risk
B1359,AI241,AI,HYD -> BLR,UPI,8949.59,0,0.2851,Low Risk
B1359,AI241,AI,HYD -> BLR,UPI,9519.49,0,0.2975,Low Risk
B1360,AI105,AI,CCU -> DEL,,8027.12,0,0.349,Medium Risk
B1361,AI110,AI,BOM -> CCU,UPI,5339.72,0,0.2439,Low Risk
B1362,AI252,AI,HYD -> DEL,,8027.12,0,0.181,Low Risk
B1363,AI149,AI,BOM -> HYD,NETBANKING,8554.62,1,0.3452,Medium Risk
B1364,AI224,AI,DEL -> HYD,CARD,2061.92,0,0.302,Low Risk
B1364,AI224,AI,DEL -> HYD,NETBANKING,10914.38,0,0.3676,Medium Risk
B1364,AI224,AI,DEL -> HYD,NETBANKING,1147.36,0,0.2459,Low Risk
B1365,UK158,UK,BOM -> MAA,,8027.12,1,0.3445,Medium Risk
B1366,6F125,6E,BOM -> CCU,,8027.12,1,0.3045,Low Risk
B1367,UK164,UK,BOM -> HYD,CARD,2379.52,0,0.2789,Low Risk
B1367,UK164,UK,BOM -> HYD,UPI,8027.12,0,0.3413,Medium Risk
B1368,UK007,UK,DEL -> HYD,CARD,9184.07,1,0.3121,Low Risk
B1368,UK007,UK,DEL -> HYD,CARD,9111.32,1,0.3091,Low Risk
B1368,UK007,UK,DEL -> HYD,UPI,3626.55,1,0.2059,Low Risk
B1369,6F118,6E,CCU -> HYD,UPI,7583.98,0,0.3105,Low Risk
B1369,6F118,6E,CCU -> HYD,CARD,8027.12,0,0.3264,Low Risk
B1369,6F118,6E,CCU -> HYD,UPI,10519.7,0,0.3437,Medium Risk
B1370,SJ004,SJ,MAA -> DEL,UPI,1770.53,1,0.4778,Medium Risk
B1370,SJ004,SJ,MAA -> DEL,UPI,14742.11,1,0.4694,Medium Risk
B1371,6F206,6E,DEL -> BOM,,8027.12,1,0.3621,Medium Risk
B1372,SJ130,SJ,BOM -> DEL,NETBANKING,4621.54,1,0.2267,Low Risk
B1372,SJ130,SJ,BOM -> DEL,CARD,5975.68,1,0.2816,Low Risk
B1373,SJ070,SJ,MAA -> CCU,UPI,6540.32,1,0.2738,Low Risk
B1374,AI085,AI,DEL -> HYD,,8027.12,1,0.3105,Low Risk
B1375,SJ109,SJ,BOM -> DEL,UPI,9150.53,0,0.3049,Low Risk
B1375,SJ109,SJ,BOM -> DEL,UPI,10064.26,0,0.3087,Low Risk
B1376,AI168,AI,DEL -> CCU,NETBANKING,12718.31,0,0.4771,Medium Risk
B1376,AI168,AI,DEL -> CCU,UPI,7199.9,0,0.3764,Medium Risk
B1376,AI168,AI,DEL -> CCU,UPI,8027.12,0,0.3805,Medium Risk
B1377,UK123,UK,BOM -> DEL,,8027.12,0,0.3935,Medium Risk
B1378,UK110,UK,HYD -> DEL,UPI,4050.66,0,0.2059,Low Risk
B1378,UK110,UK,HYD -> DEL,CARD,10365.35,0,0.2382,Low Risk
B1379,AI206,AI,CCU -> MAA,,8027.12,0,0.3313,Medium Risk
B1380,6F007,6E,HYD -> MAA,CARD,14705.02,0,0.2578,Low Risk
B1381,SJ013,SJ,DEL -> MAA,UPI,7452.89,0,0.2408,Low Risk
B1382,UK061,UK,BLR -> BOM,UPI,14862.46,0,0.2184,Low Risk
B1383,AI010,AI,BOM -> HYD,,8027.12,1,0.3394,Medium Risk
B1384,AI024,AI,MAA -> BOM,NETBANKING,5107.55,0,0.1581,Low Risk
B1385,UK130,UK,MAA -> BLR,,8027.12,0,0.2402,Low Risk
B1386,AI161,AI,CCU -> BOM,,8027.12,1,0.3337,Medium Risk
B1387,SJ208,SJ,DEL -> HYD,,8027.12,0,0.3149,Low Risk
B1388,6F038,6E,HYD -> MAA,NETBANKING,10389.84,0,0.2144,Low Risk
B1388,6F038,6E,HYD -> MAA,UPI,12160.17,0,0.2019,Low Risk
B1389,6F085,6E,HYD -> MAA,NETBANKING,8027.12,0,0.2122,Low Risk
B1390,SJ028,SJ,CCU -> BOM,,8027.12,1,0.3514,Medium Risk
B1391,SJ084,SJ,HYD -> MAA,CARD,10930.16,0,0.2278,Low Risk
B1391,SJ084,SJ,HYD -> MAA,UPI,14307.48,0,0.2006,Low Risk
B1391,SJ084,SJ,HYD -> MAA,CARD,10231.31,0,0.2368,Low Risk
B1392,AI139,AI,HYD -> MAA,,8027.12,0,0.1969,Low Risk
B1393,UK179,UK,DEL -> HYD,UPI,5252.26,0,0.2226,Low Risk
B1394,6F256,6E,BOM -> CCU,,8027.12,0,0.3045,Low Risk
B1395,UK023,UK,DEL -> MAA,NETBANKING,10317.13,0,0.2675,Low Risk
B1396,AI039,AI,MAA -> BLR,CARD,1731.44,0,0.25,Low Risk
B1396,AI039,AI,MAA -> BLR,CARD,14467.69,0,0.2608,Low Risk
B1397,UK190,UK,DEL -> BLR,NETBANKING,3065.33,1,0.278,Low Risk
B1398,6F224,6E,DEL -> MAA,NETBANKING,7148.95,0,0.3102,Low Risk
B1399,UK221,UK,CCU -> DEL,,8027.12,0,0.4066,Medium Risk
B1400,SJ107,SJ,BOM -> MAA,UPI,3063.78,1,0.2479,Low Risk
B1401,UK155,UK,MAA -> HYD,CARD,10393.94,0,0.1549,Low Risk
B1401,UK155,UK,MAA -> HYD,UPI,2700.51,0,0.2709,Low Risk
B1401,UK155,UK,MAA -> HYD,CARD,7755.08,0,0.2115,Low Risk
B1402,UK183,UK,BLR -> CCU,NETBANKING,9048.17,1,0.5015,Medium Risk
B1402,UK183,UK,BLR -> CCU,UPI,7010.5,1,0.4477,Medium Risk
B1403,SJ203,SJ,DEL -> HYD,,8027.12,0,0.3149,Low Risk
B1404,6F253,6E,MAA -> BLR,UPI,7473.06,0,0.1873,Low Risk
B1405,AI100,AI,CCU -> BOM,,8027.12,0,0.3337,Medium Risk
B1406,6F140,6E,CCU -> HYD,NETBANKING,14922.3,0,0.1581,Low Risk
B1406,6F140,6E,CCU -> HYD,NETBANKING,6800.32,0,0.3318,Medium Risk
B1407,UK048,UK,MAA -> DEL,,8027.12,0,0.2455,Low Risk
B1408,SJ204,SJ,CCU -> DEL,UPI,6561.39,0,0.3028,Low Risk
B1408,SJ204,SJ,CCU -> DEL,NETBANKING,1244.03,0,0.2589,Low Risk
B1409,UK105,UK,CCU -> HYD,UPI,1095.0,0,0.2364,Low Risk
B1410,AI098,AI,HYD -> MAA,,8027.12,0,0.1969,Low Risk
B1411,6F013,6E,BOM -> CCU,CARD,5888.25,1,0.3562,Medium Risk
B1411,6F013,6E,BOM -> CCU,NETBANKING,7520.78,1,0.2984,Low Risk
B1412,6F128,6E,HYD -> DEL,NETBANKING,10616.41,1,0.2338,Low Risk
B1413,SJ038,SJ,BLR -> DEL,,8027.12,0,0.3077,Low Risk
B1414,SJ182,SJ,CCU -> BOM,NETBANKING,6182.07,0,0.2516,Low Risk
B1415,6F199,6E,DEL -> MAA,,8027.12,0,0.3177,Low Risk
B1416,SJ187,SJ,MAA -> BLR,,8027.12,1,0.2111,Low Risk
B1417,AI182,AI,HYD -> DEL,UPI,3361.82,0,0.1855,Low Risk
B1417,AI182,AI,HYD -> DEL,UPI,3890.23,0,0.1815,Low Risk
B1418,SJ027,SJ,BOM -> MAA,CARD,12326.46,0,0.2949,Low Risk
B1419,SJ062,SJ,BLR -> HYD,NETBANKING,3513.0,0,0.2179,Low Risk
B1419,SJ062,SJ,BLR -> HYD,CARD,1424.75,0,0.2056,Low Risk
B1420,SJ161,SJ,MAA -> BLR,UPI,7161.79,0,0.2161,Low Risk
B1421,UK058,UK,MAA -> BOM,,8027.12,0,0.2647,Low Risk
B1422,AI181,AI,MAA -> HYD,UPI,4826.6,1,0.4977,Medium Risk
B1423,AI003,AI,BLR -> HYD,,8027.12,0,0.2563,Low Risk
B1424,6F150,6E,HYD -> MAA,,8027.12,1,0.1878,Low Risk
B1425,SJ175,SJ,MAA -> BLR,,8027.12,1,0.2111,Low Risk
B1426,6F041,6E,MAA -> BOM,CARD,8027.12,1,0.2624,Low Risk
B1427,SJ040,SJ,BOM -> CCU,,8027.12,1,0.3074,Low Risk
B1428,6F020,6E,BOM -> HYD,,8027.12,0,0.3553,Medium Risk
B1429,AI248,AI,CCU -> DEL,CARD,6939.44,1,0.3194,Low Risk
B1429,AI248,AI,CCU -> DEL,CARD,9998.44,1,0.3251,Low Risk
B1430,SJ016,SJ,HYD -> CCU,,8027.12,0,0.245,Low Risk
B1431,UK204,UK,BLR -> DEL,CARD,9678.57,0,0.3511,Medium Risk
B1431,UK204,UK,BLR -> DEL,NETBANKING,12583.38,0,0.3196,Low Risk
B1432,6F211,6E,MAA -> BLR,,8027.12,1,0.244,Low Risk
B1433,SJ166,SJ,CCU -> HYD,UPI,1901.67,0,0.3787,Medium Risk
B1433,SJ166,SJ,CCU -> HYD,CARD,14067.26,0,0.333,Medium Risk
B1434,AI036,AI,BOM -> CCU,NETBANKING,4962.24,0,0.2211,Low Risk
B1434,AI036,AI,BOM -> CCU,UPI,1027.05,0,0.1495,Low Risk
B1435,SJ215,SJ,CCU -> DEL,CARD,8589.93,0,0.335,Medium Risk
B1436,AI076,AI,BLR -> BOM,,8027.12,0,0.2619,Low Risk
B1437,SJ012,SJ,HYD -> BLR,,8027.12,1,0.3335,Medium Risk
B1438,AI073,AI,BOM -> BLR,UPI,7670.85,0,0.2461,Low Risk
B1439,SJ173,SJ,CCU -> HYD,NETBANKING,7292.76,0,0.2523,Low Risk
B1440,AI193,AI,MAA -> HYD,,8027.12,1,0.3111,Low Risk
B1441,SJ131,SJ,MAA -> HYD,,8027.12,0,0.2684,Low Risk
B1442,AI225,AI,BOM -> BLR,NETBANKING,11779.89,0,0.2881,Low Risk
B1443,AI190,AI,BOM -> CCU,UPI,8027.12,1,0.2843,Low Risk
B1444,SJ238,SJ,MAA -> BLR,,8027.12,0,0.2111,Low Risk
B1445,6F005,6E,BOM -> MAA,CARD,9862.4,0,0.321,Low Risk
B1446,UK136,UK,HYD -> CCU,UPI,4197.73,0,0.1862,Low Risk
B1446,UK136,UK,HYD -> CCU,NETBANKING,3512.23,0,0.1783,Low Risk
B1446,UK136,UK,HYD -> CCU,UPI,8027.12,0,0.2161,Low Risk
B1447,SJ063,SJ,MAA -> BOM,NETBANKING,4676.01,0,0.1569,Low Risk
B1447,SJ063,SJ,MAA -> BOM,NETBANKING,13762.65,0,0.2308,Low Risk
B1448,6F175,6E,MAA -> CCU,,8027.12,1,0.3472,Medium Risk
B1449,AI037,AI,BOM -> BLR,,8027.12,0,0.2707,Low Risk
B1450,UK225,UK,MAA -> BLR,,8027.12,0,0.2402,Low Risk
B1451,AI141,AI,BLR -> DEL,CARD,10311.86,0,0.2763,Low Risk
B1452,6F172,6E,BOM -> BLR,,8027.12,0,0.2763,Low Risk
B1453,6F219,6E,MAA -> DEL,CARD,1310.19,1,0.5691,Medium Risk
B1453,6F219,6E,MAA -> DEL,UPI,3957.99,1,0.3478,Medium Risk
B1454,AI045,AI,HYD -> MAA,,8027.12,0,0.1969,Low Risk
B1455,AI198,AI,CCU -> MAA,CARD,14853.28,0,0.1687,Low Risk
B1455,AI198,AI,CCU -> MAA,UPI,12781.22,0,0.3315,Medium Risk
B1456,AI120,AI,MAA -> CCU,,8027.12,0,0.2097,Low Risk
B1457,6F134,6E,BLR -> MAA,CARD,5769.17,1,0.3193,Low Risk
B1458,UK102,UK,HYD -> CCU,NETBANKING,8073.17,0,0.2175,Low Risk
B1459,SJ199,SJ,HYD -> BOM,CARD,12554.5,1,0.41,Medium Risk
B1459,SJ199,SJ,HYD -> BOM,UPI,2103.45,1,0.4364,Medium Risk
B1459,SJ199,SJ,HYD -> BOM,UPI,4427.75,1,0.3198,Low Risk
B1460,6F235,6E,HYD -> MAA,,8027.12,0,0.1878,Low Risk
B1461,UK065,UK,BOM -> CCU,UPI,9618.57,0,0.3797,Medium Risk
B1461,UK065,UK,BOM -> CCU,CARD,14867.45,0,0.1529,Low Risk
B1461,UK065,UK,BOM -> CCU,NETBANKING,5775.44,0,0.2339,Low Risk
B1462,6F135,6E,MAA -> HYD,CARD,6497.79,1,0.5786,Medium Risk
B1463,SJ148,SJ,DEL -> BLR,UPI,1141.0,0,0.2679,Low Risk
B1463,SJ148,SJ,DEL -> BLR,NETBANKING,5703.58,0,0.2586,Low Risk
B1464,AI083,AI,DEL -> BOM,CARD,4535.96,1,0.4099,Medium Risk
B1465,UK024,UK,MAA -> BLR,,8027.12,0,0.2402,Low Risk
B1466,UK220,UK,BLR -> BOM,,8027.12,1,0.3971,Medium Risk
B1467,UK115,UK,BLR -> BOM,CARD,13307.54,1,0.4155,Medium Risk
B1468,AI255,AI,MAA -> CCU,UPI,11281.66,0,0.2227,Low Risk
B1468,AI255,AI,MAA -> CCU,NETBANKING,14054.88,0,0.2359,Low Risk
B1469,6F001,6E,HYD -> BOM,,8027.12,0,0.2818,Low Risk
B1470,6F132,6E,MAA -> BOM,,8027.12,1,0.3619,Medium Risk
B1471,UK184,UK,MAA -> HYD,,8027.12,0,0.4487,Medium Risk
B1472,6F098,6E,BLR -> MAA,,8027.12,0,0.2643,Low Risk
B1473,SJ168,SJ,CCU -> BOM,,8027.12,0,0.3514,Medium Risk
B1474,SJ178,SJ,BOM -> HYD,CARD,12076.76,1,0.3128,Low Risk
B1474,SJ178,SJ,BOM -> HYD,CARD,10623.21,1,0.3141,Low Risk
B1474,SJ178,SJ,BOM -> HYD,UPI,10060.35,1,0.3316,Medium Risk
B1475,UK111,UK,MAA -> BLR,CARD,6101.41,1,0.2917,Low Risk
B1475,UK111,UK,MAA -> BLR,UPI,12511.85,1,0.3482,Medium Risk
B1475,UK111,UK,MAA -> BLR,NETBANKING,2786.72,1,0.3018,Low Risk
B1476,SJ051,SJ,BOM -> BLR,,8027.12,1,0.3074,Low Risk
B1477,SJ193,SJ,CCU -> DEL,CARD,9314.23,1,0.3419,Medium Risk
B1477,SJ193,SJ,CCU -> DEL,UPI,3182.33,1,0.375,Medium Risk
B1477,SJ193,SJ,CCU -> DEL,CARD,4907.19,1,0.3017,Low Risk
B1478,SJ039,SJ,MAA -> BOM,CARD,2928.68,0,0.1274,Low Risk
B1479,UK066,UK,BOM -> CCU,UPI,6418.94,1,0.2778,Low Risk
B1479,UK066,UK,BOM -> CCU,NETBANKING,10059.56,1,0.3649,Medium Risk
B1480,SJ050,SJ,HYD -> CCU,CARD,3112.82,0,0.1747,Low Risk
B1481,6F052,6E,BOM -> CCU,,8027.12,0,0.3045,Low Risk
B1482,SJ170,SJ,BLR -> BOM,UPI,10093.45,0,0.3059,Low Risk
B1482,SJ170,SJ,BLR -> BOM,UPI,7655.83,0,0.2741,Low Risk
B1483,SJ119,SJ,BOM -> CCU,CARD,10562.26,0,0.2902,Low Risk
B1484,AI219,AI,BLR -> DEL,,8027.12,0,0.2483,Low Risk
B1485,6F220,6E,HYD -> BOM,,8027.12,1,0.2818,Low Risk
B1486,AI207,AI,BOM -> MAA,NETBANKING,6166.79,0,0.2491,Low Risk
B1486,AI207,AI,BOM -> MAA,CARD,9435.36,0,0.3036,Low Risk
B1486,AI207,AI,BOM -> MAA,UPI,4695.45,0,0.2416,Low Risk
B1487,6F024,6E,BOM -> DEL,,8027.12,0,0.3474,Medium Risk
B1488,SJ073,SJ,CCU -> BLR,NETBANKING,9707.48,1,0.354,Medium Risk
B1488,SJ073,SJ,CCU -> BLR,NETBANKING,12915.55,1,0.3932,Medium Risk
B1489,SJ201,SJ,BLR -> DEL,,8027.12,1,0.3077,Low Risk
B1490,AI180,AI,BOM -> CCU,CARD,8027.12,0,0.2675,Low Risk
B1490,AI180,AI,BOM -> CCU,CARD,1217.88,0,0.143,Low Risk
B1491,UK022,UK,DEL -> HYD,UPI,6534.99,0,0.2152,Low Risk
B1492,AI202,AI,HYD -> BLR,,8027.12,1,0.3436,Medium Risk
B1493,6F212,6E,BLR -> CCU,,8027.12,0,0.3276,Low Risk
B1494,6F163,6E,MAA -> BOM,,8027.12,1,0.3619,Medium Risk
B1495,UK028,UK,HYD -> MAA,UPI,11906.95,0,0.2702,Low Risk
B1495,UK028,UK,HYD -> MAA,CARD,5584.17,0,0.2677,Low Risk
B1496,6F243,6E,BOM -> HYD,UPI,2901.65,0,0.2678,Low Risk
B1497,AI165,AI,DEL -> CCU,,8027.12,0,0.3731,Medium Risk
B1498,UK099,UK,BOM -> MAA,,8027.12,0,0.3445,Medium Risk
B1499,AI033,AI,MAA -> CCU,,8027.12,0,0.2097,Low Risk
B1500,UK056,UK,HYD -> MAA,CARD,1303.07,0,0.301,Low Risk
B1501,SJ122,SJ,CCU -> BOM,UPI,8027.12,1,0.3245,Low Risk
B1501,SJ122,SJ,CCU -> BOM,NETBANKING,14182.89,1,0.353,Medium Risk
B1501,SJ122,SJ,CCU -> BOM,CARD,13707.55,1,0.4101,Medium Risk
B1502,AI086,AI,CCU -> HYD,CARD,10714.33,0,0.3063,Low Risk
B1502,AI086,AI,CCU -> HYD,UPI,7252.43,0,0.2824,Low Risk
B1503,SJ011,SJ,BOM -> MAA,,8027.12,0,0.3239,Low Risk
B1504,SJ021,SJ,HYD -> BLR,NETBANKING,14087.19,0,0.2675,Low Risk
B1504,SJ021,SJ,HYD -> BLR,NETBANKING,13855.61,0,0.2589,Low Risk
B1504,SJ021,SJ,HYD -> BLR,NETBANKING,4316.96,0,0.226,Low Risk
B1505,SJ106,SJ,CCU -> DEL,UPI,7472.98,0,0.31,Low Risk
B1506,SJ026,SJ,CCU -> MAA,,8027.12,1,0.3534,Medium Risk
B1507,SJ245,SJ,BOM -> DEL,NETBANKING,4865.21,0,0.2267,Low Risk
B1508,AI023,AI,HYD -> BLR,CARD,7277.14,0,0.3023,Low Risk
B1508,AI023,AI,HYD -> BLR,CARD,2603.09,0,0.2639,Low Risk
B1508,AI023,AI,HYD -> BLR,CARD,4799.03,0,0.2844,Low Risk
B1509,AI032,AI,MAA -> BLR,,8027.12,1,0.2073,Low Risk
B1510,AI236,AI,DEL -> BOM,CARD,3179.45,1,0.4441,Medium Risk
B1511,6F094,6E,BLR -> BOM,UPI,12346.57,1,0.4467,Medium Risk
B1512,UK163,UK,DEL -> HYD,CARD,5747.83,0,0.2617,Low Risk
B1513,UK163,UK,DEL -> HYD,CARD,9031.14,0,0.2659,Low Risk
B1513,UK163,UK,DEL -> HYD,CARD,13685.53,0,0.2218,Low Risk
B1514,SJ045,SJ,DEL -> MAA,UPI,8027.12,1,0.2527,Low Risk
B1515,SJ006,SJ,HYD -> BLR,,8027.12,0,0.3335,Medium Risk
B1516,SJ103,SJ,MAA -> BLR,UPI,3242.75,1,0.2268,Low Risk
B1517,6F221,6E,MAA -> DEL,CARD,8027.12,0,0.2272,Low Risk
B1518,SJ147,SJ,BLR -> CCU,,8027.12,0,0.2668,Low Risk
B1519,SJ064,SJ,CCU -> DEL,CARD,5454.29,0,0.3062,Low Risk
B1519,SJ064,SJ,CCU -> DEL,NETBANKING,9403.54,0,0.3324,Medium Risk
B1520,AI028,AI,HYD -> BOM,CARD,14340.74,0,0.3825,Medium Risk
B1521,AI148,AI,HYD -> MAA,UPI,8027.12,0,0.2061,Low Risk
B1521,AI148,AI,HYD -> MAA,CARD,6664.48,0,0.2669,Low Risk
B1521,AI148,AI,HYD -> MAA,CARD,3965.19,0,0.2092,Low Risk
B1522,6F263,6E,DEL -> HYD,,8027.12,0,0.2866,Low Risk
B1523,SJ067,SJ,MAA -> BLR,CARD,8027.12,0,0.2348,Low Risk
B1523,SJ067,SJ,MAA -> BLR,NETBANKING,10733.84,0,0.2102,Low Risk
B1524,6F061,6E,MAA -> BOM,NETBANKING,1289.01,0,0.3902,Medium Risk
B1524,6F061,6E,MAA -> BOM,CARD,8542.82,0,0.2224,Low Risk
B1525,AI254,AI,CCU -> HYD,UPI,7869.06,0,0.2971,Low Risk
B1526,SJ136,SJ,HYD -> BLR,UPI,4890.14,0,0.2461,Low Risk
B1526,SJ136,SJ,HYD -> BLR,CARD,7999.68,0,0.2927,Low Risk
B1527,AI046,AI,DEL -> BOM,CARD,11891.78,0,0.4118,Medium Risk
B1528,UK174,UK,CCU -> DEL,,8027.12,0,0.4066,Medium Risk
B1529,6F066,6E,BLR -> HYD,,8027.12,0,0.2595,Low Risk
B1530,UK095,UK,BOM -> MAA,CARD,1108.98,0,0.149,Low Risk
B1530,UK095,UK,BOM -> MAA,NETBANKING,14300.97,0,0.2401,Low Risk
B1530,UK095,UK,BOM -> MAA,CARD,13655.72,0,0.2767,Low Risk
B1531,6F063,6E,DEL -> HYD,UPI,11172.2,0,0.2646,Low Risk
B1531,6F063,6E,DEL -> HYD,UPI,8027.12,0,0.2719,Low Risk
B1531,6F063,6E,DEL -> HYD,UPI,12739.01,0,0.2953,Low Risk
B1532,UK118,UK,HYD -> BLR,NETBANKING,9430.36,0,0.2783,Low Risk
B1532,UK118,UK,HYD -> BLR,CARD,8027.12,0,0.2354,Low Risk
B1532,UK118,UK,HYD -> BLR,NETBANKING,14865.24,0,0.1317,Low Risk
B1533,UK218,UK,MAA -> BLR,,8027.12,0,0.2402,Low Risk
B1534,UK031,UK,CCU -> DEL,NETBANKING,12347.23,0,0.3247,Low Risk
B1535,UK142,UK,BLR -> DEL,UPI,5959.44,0,0.3086,Low Risk
B1535,UK142,UK,BLR -> DEL,NETBANKING,13561.41,0,0.3362,Medium Risk
B1536,AI002,AI,HYD -> BLR,NETBANKING,6548.99,0,0.274,Low Risk
B1537,UK070,UK,BOM -> DEL,NETBANKING,9202.57,0,0.3321,Medium Risk
B1538,SJ121,SJ,CCU -> DEL,,8027.12,0,0.3665,Medium Risk
B1539,UK201,UK,HYD -> BOM,NETBANKING,14472.9,0,0.2294,Low Risk
B1539,UK201,UK,HYD -> BOM,CARD,3036.88,0,0.2119,Low Risk
B1540,AI138,AI,DEL -> CCU,CARD,3640.69,1,0.5415,Medium Risk
B1541,SJ014,SJ,BOM -> HYD,NETBANKING,12031.17,0,0.3177,Low Risk
B1542,SJ053,SJ,CCU -> DEL,,8027.12,0,0.3665,Medium Risk
B1543,SJ241,SJ,DEL -> HYD,UPI,3207.85,1,0.3024,Low Risk
B1544,AI249,AI,BLR -> HYD,CARD,8020.26,1,0.2916,Low Risk
B1544,AI249,AI,BLR -> HYD,NETBANKING,3982.8,1,0.2752,Low Risk
B1545,AI176,AI,BLR -> DEL,NETBANKING,6767.92,0,0.2335,Low Risk
B1545,AI176,AI,BLR -> DEL,CARD,10968.41,0,0.2739,Low Risk
B1546,SJ234,SJ,BLR -> CCU,,8027.12,0,0.2668,Low Risk
B1547,6F115,6E,MAA -> BLR,,8027.12,0,0.244,Low Risk
B1548,AI020,AI,BOM -> BLR,,8027.12,0,0.2707,Low Risk
B1549,AI020,AI,BOM -> BLR,,8027.12,0,0.2707,Low Risk
B1550,6F079,6E,MAA -> HYD,,8027.12,0,0.3015,Low Risk
B1551,6F104,6E,CCU -> BOM,,8027.12,0,0.3634,Medium Risk
B1552,UK046,UK,CCU -> DEL,NETBANKING,12589.6,0,0.3123,Low Risk
B1553,SJ217,SJ,BOM -> CCU,UPI,1883.33,0,0.263,Low Risk
B1554,6F142,6E,CCU -> MAA,,8027.12,1,0.3553,Medium Risk
B1555,SJ139,SJ,DEL -> BLR,NETBANKING,13344.12,0,0.3153,Low Risk
B1556,6F059,6E,BOM -> DEL,,8027.12,1,0.3474,Medium Risk
B1557,6F067,6E,MAA -> BLR,NETBANKING,13664.47,0,0.2436,Low Risk
B1557,6F067,6E,MAA -> BLR,UPI,4044.27,0,0.211,Low Risk
B1558,AI007,AI,MAA -> DEL,UPI,8770.08,0,0.1754,Low Risk
B1558,AI007,AI,MAA -> DEL,UPI,6827.65,0,0.224,Low Risk
B1559,UK202,UK,DEL -> HYD,NETBANKING,3622.91,0,0.2011,Low Risk
B1560,AI200,AI,HYD -> MAA,,8027.12,0,0.1969,Low Risk
B1561,UK172,UK,DEL -> BOM,CARD,8371.27,0,0.3521,Medium Risk
B1561,UK172,UK,DEL -> BOM,UPI,3136.04,0,0.3346,Medium Risk
B1562,6F214,6E,BOM -> CCU,UPI,6572.09,0,0.2542,Low Risk
B1563,UK037,UK,BLR -> BOM,,8027.12,0,0.3971,Medium Risk
B1564,AI022,AI,BOM -> MAA,NETBANKING,3514.52,0,0.2207,Low Risk
B1565,AI243,AI,BLR -> BOM,UPI,3438.58,1,0.3733,Medium Risk
B1565,AI243,AI,BLR -> BOM,UPI,3804.91,1,0.3743,Medium Risk
B1566,SJ174,SJ,CCU -> DEL,CARD,11489.31,0,0.3171,Low Risk
B1566,SJ174,SJ,CCU -> DEL,CARD,14905.16,0,0.156,Low Risk
B1567,SJ079,SJ,HYD -> DEL,CARD,10982.24,0,0.2286,Low Risk
B1568,UK097,UK,HYD -> BOM,NETBANKING,8027.12,0,0.2243,Low Risk
B1569,AI013,AI,HYD -> BLR,,8027.12,1,0.3436,Medium Risk
B1570,UK196,UK,BOM -> HYD,UPI,11109.36,1,0.3707,Medium Risk
B1570,UK196,UK,BOM -> HYD,UPI,3945.41,1,0.3051,Low Risk
B1571,SJ213,SJ,BOM -> CCU,,8027.12,0,0.3074,Low Risk
B1572,UK119,UK,BOM -> CCU,NETBANKING,8027.12,0,0.2917,Low Risk
B1572,UK119,UK,BOM -> CCU,NETBANKING,13849.86,0,0.2923,Low Risk
B1573,AI043,AI,CCU -> DEL,NETBANKING,7629.97,0,0.2771,Low Risk
B1574,AI043,AI,CCU -> DEL,UPI,13905.05,1,0.3674,Medium Risk
B1575,AI143,AI,CCU -> DEL,CARD,12516.91,1,0.3652,Medium Risk
B1576,SJ032,SJ,MAA -> BOM,CARD,8027.12,0,0.1869,Low Risk
B1577,6F050,6E,DEL -> BOM,,8027.12,0,0.3621,Medium Risk
B1578,AI134,AI,HYD -> BOM,UPI,8027.12,0,0.2744,Low Risk
B1578,AI134,AI,HYD -> BOM,CARD,1897.18,0,0.2394,Low Risk
B1578,AI134,AI,HYD -> BOM,UPI,2200.51,0,0.3372,Medium Risk
B1579,6F182,6E,BOM -> CCU,CARD,6611.83,0,0.3255,Low Risk
B1579,6F182,6E,BOM -> CCU,NETBANKING,2832.27,0,0.2893,Low Risk
B1580,SJ086,SJ,CCU -> DEL,CARD,10617.14,0,0.3297,Low Risk
B1580,SJ086,SJ,CCU -> DEL,UPI,11400.72,0,0.3198,Low Risk
B1580,SJ086,SJ,CCU -> DEL,UPI,4607.2,0,0.3012,Low Risk
B1581,6F170,6E,HYD -> DEL,UPI,8027.12,0,0.1787,Low Risk
B1581,6F170,6E,HYD -> DEL,NETBANKING,9514.99,0,0.2182,Low Risk
B1582,UK168,UK,BLR -> CCU,UPI,13552.0,0,0.4227,Medium Risk
B1583,SJ072,SJ,DEL -> HYD,,8027.12,0,0.3149,Low Risk
B1584,UK075,UK,MAA -> CCU,NETBANKING,13317.93,1,0.3606,Medium Risk
B1584,UK075,UK,MAA -> CCU,CARD,13148.95,1,0.3664,Medium Risk
B1585,6F233,6E,BLR -> BOM,NETBANKING,11603.63,1,0.4613,Medium Risk
B1585,6F233,6E,BLR -> BOM,UPI,11914.07,1,0.4453,Medium Risk
B1585,6F233,6E,BLR -> BOM,UPI,8027.12,1,0.421,Medium Risk
B1586,SJ143,SJ,DEL -> BOM,,8027.12,1,0.4324,Medium Risk
B1587,SJ246,SJ,BOM -> DEL,NETBANKING,11740.35,0,0.2922,Low Risk
B1588,SJ247,SJ,DEL -> BOM,UPI,12810.22,0,0.3544,Medium Risk
B1589,UK157,UK,CCU -> BOM,CARD,3501.28,0,0.246,Low Risk
B1589,UK157,UK,CCU -> BOM,UPI,11781.84,0,0.3256,Low Risk
B1589,UK157,UK,CCU -> BOM,UPI,14149.64,0,0.2907,Low Risk
B1590,UK069,UK,CCU -> DEL,UPI,1015.84,0,0.2471,Low Risk
B1591,AI106,AI,HYD -> BLR,UPI,5274.56,1,0.3035,Low Risk
B1591,AI106,AI,HYD -> BLR,UPI,11559.24,1,0.3236,Low Risk
B1592,UK085,UK,MAA -> DEL,,8027.12,0,0.2455,Low Risk
B1593,6F087,6E,DEL -> HYD,,8027.12,0,0.2866,Low Risk
B1594,AI067,AI,HYD -> DEL,NETBANKING,1448.88,0,0.2373,Low Risk
B1595,6F226,6E,DEL -> BOM,UPI,13806.53,0,0.333,Medium Risk
B1595,6F226,6E,DEL -> BOM,UPI,11063.32,0,0.3521,Medium Risk
B1596,SJ210,SJ,HYD -> CCU,UPI,3495.5,0,0.1841,Low Risk
B1596,SJ210,SJ,HYD -> CCU,UPI,14525.4,0,0.1757,Low Risk
B1597,6F269,6E,HYD -> MAA,CARD,11103.08,0,0.228,Low Risk
B1597,6F269,6E,HYD -> MAA,UPI,8089.18,0,0.1834,Low Risk
B1598,UK013,UK,BOM -> MAA,CARD,1959.04,0,0.3214,Low Risk
B1598,UK013,UK,BOM -> MAA,NETBANKING,14019.19,0,0.2686,Low Risk
B1599,UK013,UK,BOM -> MAA,,8027.12,0,0.3445,Medium Risk
B1600,UK143,UK,BLR -> BOM,NETBANKING,12808.71,0,0.3642,Medium Risk
B1600,UK143,UK,BLR -> BOM,CARD,11274.54,0,0.3563,Medium Risk
B1601,6F262,6E,MAA -> DEL,,8027.12,0,0.2234,Low Risk
B1602,6F042,6E,HYD -> DEL,NETBANKING,4028.21,0,0.2613,Low Risk
B1603,SJ118,SJ,DEL -> BOM,,8027.12,1,0.4324,Medium Risk
B1604,SJ118,SJ,DEL -> BOM,,8027.12,1,0.4324,Medium Risk
B1605,SJ082,SJ,BOM -> DEL,CARD,8027.12,1,0.292,Low Risk
B1606,6F015,6E,BOM -> CCU,CARD,6829.49,0,0.3117,Low Risk
B1606,6F015,6E,BOM -> CCU,UPI,5934.1,0,0.2624,Low Risk
B1606,6F015,6E,BOM -> CCU,CARD,8323.82,0,0.284,Low Risk
B1607,AI101,AI,DEL -> BLR,CARD,10198.91,0,0.3127,Low Risk
B1607,AI101,AI,DEL -> BLR,NETBANKING,2887.17,0,0.2872,Low Risk
B1608,SJ110,SJ,CCU -> DEL,,8027.12,1,0.3665,Medium Risk
B1609,SJ042,SJ,HYD -> CCU,,8027.12,1,0.245,Low Risk
B1610,6F145,6E,CCU -> DEL,NETBANKING,5809.44,0,0.3996,Medium Risk
B1611,UK029,UK,DEL -> BOM,CARD,10642.75,1,0.4026,Medium Risk
B1611,UK029,UK,DEL -> BOM,NETBANKING,11754.89,1,0.3846,Medium Risk
B1612,SJ200,SJ,BOM -> DEL,,8027.12,1,0.3428,Medium Risk
B1613,SJ209,SJ,BLR -> BOM,UPI,11718.47,0,0.2935,Low Risk
B1613,SJ209,SJ,BLR -> BOM,NETBANKING,4590.83,0,0.2728,Low Risk
B1614,AI116,AI,CCU -> BOM,NETBANKING,2806.52,0,0.2565,Low Risk
B1614,AI116,AI,CCU -> BOM,UPI,6159.25,0,0.2921,Low Risk
B1615,6F117,6E,CCU -> DEL,UPI,11017.88,1,0.3589,Medium Risk
B1615,6F117,6E,CCU -> DEL,CARD,2652.76,1,0.5111,Medium Risk
B1616,SJ181,SJ,BOM -> BLR,,8027.12,0,0.3074,Low Risk
B1617,AI070,AI,CCU -> DEL,CARD,12237.51,0,0.3381,Medium Risk
B1618,AI070,AI,CCU -> DEL,NETBANKING,6904.57,0,0.272,Low Risk
B1619,UK042,UK,MAA -> BOM,NETBANKING,10938.67,0,0.1921,Low Risk
B1619,UK042,UK,MAA -> BOM,UPI,8605.08,0,0.2525,Low Risk
B1619,UK042,UK,MAA -> BOM,CARD,14108.86,0,0.1774,Low Risk
B1620,AI169,AI,CCU -> DEL,UPI,5731.24,0,0.3063,Low Risk
B1620,AI169,AI,CCU -> DEL,NETBANKING,13683.85,0,0.3477,Medium Risk
B1620,AI169,AI,CCU -> DEL,UPI,3518.55,0,0.3166,Low Risk
B1620,AI169,AI,CCU -> DEL,UPI,10875.33,0,0.3379,Medium Risk
B1621,6F021,6E,BLR -> MAA,UPI,3524.98,0,0.2445,Low Risk
B1621,6F021,6E,BLR -> MAA,UPI,8280.27,0,0.2671,Low Risk
B1622,SJ046,SJ,BOM -> MAA,UPI,11617.72,0,0.2814,Low Risk
B1622,SJ046,SJ,BOM -> MAA,CARD,12378.6,0,0.3093,Low Risk
B1622,SJ046,SJ,BOM -> MAA,UPI,12642.38,0,0.3091,Low Risk
B1623,AI211,AI,DEL -> CCU,NETBANKING,11011.07,1,0.4333,Medium Risk
B1623,AI211,AI,DEL -> CCU,CARD,10849.11,1,0.5621,Medium Risk
B1623,AI211,AI,DEL -> CCU,CARD,2351.71,1,0.5979,Medium Risk
B1623,AI211,AI,DEL -> CCU,UPI,12916.9,1,0.5291,Medium Risk
B1624,SJ091,SJ,BLR -> CCU,,8027.12,1,0.2668,Low Risk
B1625,AI123,AI,MAA -> BOM,,8027.12,0,0.2362,Low Risk
B1626,6F053,6E,DEL -> HYD,NETBANKING,7859.04,1,0.3529,Medium Risk
B1627,UK012,UK,MAA -> BOM,NETBANKING,11151.3,0,0.1908,Low Risk
B1627,UK012,UK,MAA -> BOM,CARD,12801.31,0,0.2713,Low Risk
B1628,6F023,6E,MAA -> BLR,CARD,1971.53,0,0.4133,Medium Risk
B1629,AI250,AI,BOM -> CCU,,8027.12,0,0.2831,Low Risk
B1630,AI238,AI,CCU -> MAA,NETBANKING,11475.88,0,0.295,Low Risk
B1631,UK096,UK,BLR -> HYD,NETBANKING,7909.43,1,0.2795,Low Risk
B1631,UK096,UK,BLR -> HYD,UPI,9604.98,1,0.3967,Medium Risk
B1632,UK126,UK,CCU -> DEL,NETBANKING,11397.25,0,0.3092,Low Risk
B1633,SJ195,SJ,BOM -> CCU,,8027.12,0,0.3074,Low Risk
B1634,SJ171,SJ,DEL -> HYD,,8027.12,1,0.3149,Low Risk
B1635,AI136,AI,BLR -> DEL,,8027.12,0,0.2483,Low Risk
B1636,SJ192,SJ,HYD -> BOM,NETBANKING,14700.1,0,0.1952,Low Risk
B1637,6F035,6E,CCU -> HYD,NETBANKING,11176.09,0,0.3311,Medium Risk
B1637,6F035,6E,CCU -> HYD,NETBANKING,6828.89,0,0.3207,Low Risk
B1637,6F035,6E,CCU -> HYD,CARD,7465.68,0,0.3201,Low Risk
B1638,UK088,UK,MAA -> BLR,,8027.12,0,0.2402,Low Risk
B1639,6F009,6E,BLR -> CCU,CARD,5066.71,0,0.384,Medium Risk
B1639,6F009,6E,BLR -> CCU,NETBANKING,1002.59,0,0.3567,Medium Risk
B1640,6F004,6E,BOM -> CCU,,8027.12,1,0.3045,Low Risk
B1641,UK122,UK,HYD -> CCU,NETBANKING,14953.42,0,0.1276,Low Risk
B1642,AI251,AI,MAA -> DEL,NETBANKING,6919.99,0,0.1685,Low Risk
B1643,AI027,AI,BOM -> MAA,,8027.12,0,0.3061,Low Risk
B1644,SJ165,SJ,CCU -> BOM,CARD,10406.49,0,0.3254,Low Risk
B1645,UK081,UK,BLR -> DEL,NETBANKING,2308.55,0,0.2993,Low Risk
B1646,UK191,UK,MAA -> BLR,CARD,12645.54,1,0.3403,Medium Risk
B1646,UK191,UK,MAA -> BLR,UPI,10009.34,1,0.2759,Low Risk
B1647,SJ188,SJ,BLR -> BOM,NETBANKING,7863.11,0,0.2507,Low Risk
B1647,SJ188,SJ,BLR -> BOM,CARD,9457.52,0,0.3299,Low Risk
B1648,6F016,6E,HYD -> BOM,CARD,3484.04,0,0.2755,Low Risk
B1649,6F064,6E,CCU -> DEL,UPI,14719.81,0,0.1714,Low Risk
B1649,6F064,6E,CCU -> DEL,UPI,13388.24,0,0.3202,Low Risk
B1650,SJ105,SJ,BOM -> HYD,,8027.12,0,0.3665,Medium Risk
B1651,SJ054,SJ,MAA -> BLR,NETBANKING,6941.55,1,0.205,Low Risk
B1652,6F197,6E,BOM -> BLR,NETBANKING,2694.0,0,0.3104,Low Risk
B1652,6F197,6E,BOM -> BLR,UPI,12576.65,0,0.272,Low Risk
B1652,6F197,6E,BOM -> BLR,CARD,4145.25,0,0.2777,Low Risk
B1652,6F197,6E,BOM -> BLR,NETBANKING,2104.63,0,0.4476,Medium Risk
B1653,AI040,AI,HYD -> BLR,NETBANKING,10350.94,1,0.3412,Medium Risk
B1654,AI131,AI,MAA -> BOM,NETBANKING,12116.85,0,0.1984,Low Risk
B1655,6F141,6E,BOM -> CCU,,8027.12,0,0.3045,Low Risk
B1656,UK035,UK,HYD -> BOM,NETBANKING,9174.46,0,0.2671,Low Risk
B1657,AI005,AI,DEL -> CCU,UPI,11326.44,0,0.4011,Medium Risk
B1658,AI001,AI,DEL -> HYD,,8027.12,0,0.3105,Low Risk
B1659,UK211,UK,MAA -> CCU,,8027.12,0,0.2997,Low Risk
B1660,SJ189,SJ,HYD -> BLR,CARD,8027.12,1,0.2941,Low Risk
B1660,SJ189,SJ,HYD -> BLR,CARD,5033.75,1,0.2801,Low Risk
B1661,UK006,UK,MAA -> CCU,CARD,14848.6,0,0.19,Low Risk
B1661,UK006,UK,MAA -> CCU,NETBANKING,6130.91,0,0.2157,Low Risk
B1662,6F189,6E,MAA -> BLR,NETBANKING,9168.1,0,0.2098,Low Risk
B1663,AI133,AI,DEL -> CCU,CARD,8481.4,1,0.5715,Medium Risk
B1663,AI133,AI,DEL -> CCU,NETBANKING,12656.53,1,0.5096,Medium Risk
B1663,AI133,AI,DEL -> CCU,UPI,14337.32,1,0.5186,Medium Risk
B1663,AI133,AI,DEL -> CCU,NETBANKING,13004.79,1,0.5244,Medium Risk
B1663,AI133,AI,DEL -> CCU,CARD,5715.1,1,0.5415,Medium Risk
B1663,AI133,AI,DEL -> CCU,CARD,12690.33,1,0.6318,Medium Risk
B1664,SJ216,SJ,BOM -> CCU,,8027.12,0,0.3074,Low Risk
B1665,SJ133,SJ,BOM -> CCU,UPI,13434.66,1,0.3726,Medium Risk
B1666,UK082,UK,DEL -> BOM,CARD,4184.87,0,0.2918,Low Risk
B1667,6F136,6E,CCU -> DEL,,8027.12,1,0.4043,Medium Risk
B1668,6F039,6E,MAA -> CCU,,8027.12,0,0.3472,Medium Risk
B1669,AI011,AI,CCU -> BOM,,8027.12,0,0.3337,Medium Risk
B1670,SJ225,SJ,DEL -> HYD,,8027.12,1,0.3149,Low Risk
B1671,SJ024,SJ,DEL -> MAA,,8027.12,0,0.302,Low Risk
B1672,AI109,AI,BLR -> BOM,CARD,6895.9,1,0.2933,Low Risk
B1673,AI147,AI,HYD -> CCU,,8027.12,0,0.2044,Low Risk
B1674,UK057,UK,CCU -> DEL,,8027.12,1,0.4066,Medium Risk
B1675,6F111,6E,HYD -> DEL,,8027.12,1,0.1729,Low Risk
B1676,AI197,AI,BOM -> CCU,UPI,14683.17,0,0.1631,Low Risk
B1676,AI197,AI,BOM -> CCU,CARD,11869.65,0,0.2721,Low Risk
B1677,UK127,UK,BOM -> HYD,NETBANKING,4648.87,0,0.2302,Low Risk
B1677,UK127,UK,BOM -> HYD,CARD,14950.31,0,0.1577,Low Risk
B1678,6F240,6E,DEL -> HYD,NETBANKING,3831.88,0,0.3666,Medium Risk
B1679,6F257,6E,MAA -> CCU,,8027.12,1,0.3472,Medium Risk
B1680,AI253,AI,BLR -> BOM,,8027.12,0,0.2619,Low Risk
B1681,SJ135,SJ,MAA -> CCU,UPI,11541.74,1,0.2653,Low Risk
B1681,SJ135,SJ,MAA -> CCU,NETBANKING,14516.19,1,0.3317,Medium Risk
B1682,UK112,UK,CCU -> DEL,CARD,2916.86,1,0.3588,Medium Risk
B1683,AI050,AI,BLR -> BOM,UPI,8188.97,0,0.2864,Low Risk
B1683,AI050,AI,BLR -> BOM,NETBANKING,11160.79,0,0.3426,Medium Risk
B1684,UK060,UK,BLR -> CCU,,8027.12,0,0.3578,Medium Risk
B1685,SJ183,SJ,CCU -> DEL,NETBANKING,5545.26,1,0.2593,Low Risk
B1685,SJ183,SJ,CCU -> DEL,NETBANKING,7155.18,1,0.2907,Low Risk
B1686,UK138,UK,DEL -> BLR,CARD,1293.05,0,0.2889,Low Risk
B1687,SJ071,SJ,CCU -> MAA,,8027.12,0,0.3534,Medium Risk
B1688,AI057,AI,BOM -> CCU,NETBANKING,10945.95,0,0.3153,Low Risk
B1689,SJ151,SJ,BOM -> CCU,CARD,8030.27,1,0.2852,Low Risk
B1690,SJ144,SJ,BLR -> BOM,UPI,7675.73,0,0.2621,Low Risk
B1691,SJ087,SJ,BOM -> DEL,UPI,10442.06,0,0.3018,Low Risk
B1692,SJ066,SJ,HYD -> CCU,,8027.12,0,0.245,Low Risk
B1693,AI247,AI,BOM -> CCU,,8027.12,0,0.2831,Low Risk
B1694,SJ102,SJ,MAA -> CCU,CARD,3525.42,0,0.132,Low Risk
B1694,SJ102,SJ,MAA -> CCU,CARD,3628.19,0,0.132,Low Risk
B1695,6F252,6E,MAA -> BLR,NETBANKING,5969.93,0,0.3316,Medium Risk
B1696,6F055,6E,DEL -> CCU,,8027.12,0,0.3482,Medium Risk
B1697,AI204,AI,CCU -> MAA,,8027.12,1,0.3313,Medium Risk
B1698,AI016,AI,BOM -> CCU,NETBANKING,8023.98,0,0.2683,Low Risk
B1699,AI209,AI,BLR -> CCU,CARD,8211.18,0,0.2928,Low Risk
B1699,AI209,AI,BLR -> CCU,NETBANKING,8027.12,0,0.2938,Low Risk
B1699,AI209,AI,BLR -> CCU,NETBANKING,6149.02,0,0.2839,Low Risk
B1699,AI209,AI,BLR -> CCU,NETBANKING,8784.73,0,0.346,Medium Risk
B1700,SJ211,SJ,MAA -> BOM,CARD,6028.27,0,0.2023,Low Risk
B1701,6F103,6E,CCU -> MAA,,8027.12,0,0.3553,Medium Risk
B1702,UK182,UK,HYD -> CCU,CARD,13329.36,0,0.2305,Low Risk
B1702,UK182,UK,HYD -> CCU,NETBANKING,8027.12,0,0.2199,Low Risk
B1703,6F264,6E,DEL -> HYD,NETBANKING,5813.95,1,0.4755,Medium Risk
B1703,6F264,6E,DEL -> HYD,NETBANKING,6181.25,1,0.4743,Medium Risk
B1704,6F027,6E,BLR -> DEL,NETBANKING,13993.49,0,0.274,Low Risk
B1705,UK198,UK,DEL -> BLR,UPI,1658.55,1,0.555,Medium Risk
B1705,UK198,UK,DEL -> BLR,CARD,2089.75,1,0.3965,Medium Risk
B1705,UK198,UK,DEL -> BLR,NETBANKING,10970.63,1,0.3428,Medium Risk
B1705,UK198,UK,DEL -> BLR,UPI,6139.86,1,0.3478,Medium Risk
B1706,6F171,6E,DEL -> BLR,,8027.12,1,0.357,Medium Risk
B1707,AI004,AI,HYD -> MAA,,8027.12,1,0.1969,Low Risk
B1708,6F157,6E,MAA -> CCU,,8027.12,0,0.3472,Medium Risk
B1709,AI018,AI,BOM -> CCU,,8027.12,1,0.2831,Low Risk
B1710,UK098,UK,CCU -> DEL,CARD,12059.65,0,0.3032,Low Risk
B1711,6F167,6E,BLR -> BOM,,8027.12,0,0.331,Medium Risk
B1712,AI228,AI,BLR -> BOM,,8027.12,1,0.2619,Low Risk
B1713,SJ242,SJ,BLR -> HYD,,8027.12,1,0.3082,Low Risk
B1714,6F227,6E,MAA -> BOM,NETBANKING,5064.12,0,0.3067,Low Risk
B1715,6F037,6E,BOM -> MAA,,8027.12,1,0.3351,Medium Risk
B1716,6F107,6E,CCU -> BLR,,8027.12,0,0.3777,Medium Risk
B1717,SJ125,SJ,DEL -> BLR,NETBANKING,1220.3,1,0.3208,Low Risk
B1717,SJ125,SJ,DEL -> BLR,UPI,1187.92,1,0.3993,Medium Risk
B1718,UK117,UK,BLR -> BOM,UPI,7833.36,1,0.4219,Medium Risk
B1718,UK117,UK,BLR -> BOM,UPI,10479.42,1,0.4489,Medium Risk
B1719,6F192,6E,CCU -> BLR,UPI,5781.1,1,0.3783,Medium Risk
B1720,AI201,AI,BLR -> CCU,NETBANKING,5194.3,1,0.329,Low Risk
B1721,SJ126,SJ,DEL -> BLR,,8027.12,0,0.3774,Medium Risk
B1722,AI177,AI,CCU -> HYD,CARD,8027.12,0,0.2954,Low Risk
B1723,AI092,AI,CCU -> BOM,,8027.12,1,0.3337,Medium Risk
B1724,6F076,6E,CCU -> HYD,UPI,10484.53,1,0.3437,Medium Risk
B1725,AI185,AI,CCU -> BOM,NETBANKING,8027.12,0,0.2955,Low Risk
B1726,AI055,AI,CCU -> BOM,NETBANKING,3304.78,0,0.2792,Low Risk
B1726,AI055,AI,CCU -> BOM,UPI,7008.67,0,0.2962,Low Risk
B1727,6F222,6E,HYD -> MAA,,8027.12,0,0.1878,Low Risk
B1728,AI090,AI,MAA -> CCU,CARD,7592.89,0,0.1894,Low Risk
B1729,AI183,AI,DEL -> CCU,NETBANKING,2726.28,0,0.3843,Medium Risk
B1730,AI041,AI,BOM -> BLR,NETBANKING,8027.12,0,0.2591,Low Risk
B1731,6F210,6E,HYD -> DEL,CARD,1355.89,0,0.3734,Medium Risk
B1732,AI170,AI,HYD -> DEL,NETBANKING,7405.96,0,0.1961,Low Risk
B1733,SJ008,SJ,HYD -> BLR,CARD,10832.74,1,0.3401,Medium Risk
B1734,AI049,AI,CCU -> MAA,CARD,2972.66,0,0.2885,Low Risk
B1735,SJ132,SJ,MAA -> DEL,NETBANKING,10012.48,0,0.1642,Low Risk
B1736,SJ224,SJ,DEL -> MAA,NETBANKING,6802.73,0,0.2426,Low Risk
B1736,SJ224,SJ,DEL -> MAA,CARD,1787.85,0,0.2718,Low Risk
B1737,UK038,UK,MAA -> CCU,CARD,12049.41,0,0.1947,Low Risk
B1738,SJ220,SJ,BOM -> CCU,NETBANKING,8457.96,0,0.3104,Low Risk
B1738,SJ220,SJ,BOM -> CCU,CARD,7204.52,0,0.2856,Low Risk
B1738,SJ220,SJ,BOM -> CCU,NETBANKING,10340.66,0,0.3122,Low Risk
B1739,6F124,6E,BLR -> BOM,UPI,8263.32,1,0.414,Medium Risk
B1740,SJ164,SJ,CCU -> MAA,,8027.12,0,0.3534,Medium Risk
B1741,AI026,AI,DEL -> BOM,UPI,4483.43,0,0.3419,Medium Risk
B1742,6F144,6E,HYD -> BOM,,8027.12,0,0.2818,Low Risk
B1743,6F137,6E,CCU -> DEL,NETBANKING,4062.36,0,0.356,Medium Risk
B1744,UK139,UK,BLR -> MAA,CARD,9225.17,1,0.3328,Medium Risk
B1745,UK139,UK,BLR -> MAA,NETBANKING,10889.16,0,0.3561,Medium Risk
B1746,SJ140,SJ,HYD -> DEL,,8027.12,0,0.2136,Low Risk
B1747,6F131,6E,BLR -> HYD,,8027.12,0,0.2595,Low Risk
B1748,UK128,UK,BOM -> CCU,UPI,13170.94,0,0.3492,Medium Risk
B1749,SJ219,SJ,BOM -> DEL,,8027.12,0,0.3428,Medium Risk
B1750,SJ159,SJ,CCU -> DEL,,8027.12,0,0.3665,Medium Risk
B1751,UK192,UK,HYD -> DEL,UPI,14391.99,0,0.1731,Low Risk
B1752,AI014,AI,HYD -> MAA,,8027.12,1,0.1969,Low Risk
B1753,SJ152,SJ,BOM -> DEL,UPI,4016.57,1,0.2765,Low Risk
B1754,SJ060,SJ,HYD -> CCU,UPI,12013.34,0,0.2189,Low Risk
B1755,AI127,AI,DEL -> HYD,CARD,4760.39,1,0.3408,Medium Risk
B1756,SJ096,SJ,DEL -> HYD,NETBANKING,8027.12,0,0.2619,Low Risk
B1757,AI215,AI,BLR -> DEL,CARD,1608.39,0,0.2969,Low Risk
B1758,UK009,UK,BOM -> DEL,NETBANKING,8260.94,1,0.3275,Low Risk
B1759,AI171,AI,MAA -> BLR,UPI,2656.83,0,0.2104,Low Risk
B1759,AI171,AI,MAA -> BLR,UPI,8269.17,0,0.2045,Low Risk
B1760,UK151,UK,BOM -> CCU,NETBANKING,12133.03,1,0.3222,Low Risk
B1761,AI099,AI,BLR -> BOM,UPI,13916.72,0,0.3934,Medium Risk
B1761,AI099,AI,BLR -> BOM,NETBANKING,5266.12,0,0.2613,Low Risk
B1761,AI099,AI,BLR -> BOM,CARD,12083.73,0,0.3119,Low Risk
B1761,AI099,AI,BLR -> BOM,NETBANKING,4405.82,0,0.295,Low Risk
B1762,UK050,UK,BOM -> DEL,UPI,2987.06,0,0.2976,Low Risk
B1762,UK050,UK,BOM -> DEL,NETBANKING,10910.07,0,0.349,Medium Risk
B1763,UK092,UK,MAA -> BLR,CARD,8027.12,1,0.2647,Low Risk
B1764,SJ058,SJ,DEL -> HYD,NETBANKING,10528.45,1,0.3012,Low Risk
B1765,SJ090,SJ,HYD -> MAA,UPI,10025.41,1,0.2175,Low Risk
B1765,SJ090,SJ,HYD -> MAA,NETBANKING,13900.07,1,0.2237,Low Risk
B1766,6F173,6E,BOM -> CCU,,8027.12,1,0.3045,Low Risk
B1767,AI186,AI,DEL -> BOM,UPI,5997.12,0,0.3783,Medium Risk
B1767,AI186,AI,DEL -> BOM,UPI,4465.09,0,0.3419,Medium Risk
B1768,AI130,AI,BOM -> BLR,NETBANKING,2835.7,0,0.2281,Low Risk
B1769,SJ111,SJ,DEL -> MAA,CARD,1168.88,0,0.2069,Low Risk
B1769,SJ111,SJ,DEL -> MAA,UPI,1296.41,0,0.278,Low Risk
B1770,6F203,6E,BLR -> HYD,,8027.12,0,0.2595,Low Risk
B1771,6F138,6E,HYD -> BLR,NETBANKING,6761.89,0,0.354,Medium Risk
B1772,6F109,6E,BLR -> BOM,,8027.12,0,0.331,Medium Risk
B1773,AI074,AI,CCU -> BOM,NETBANKING,11699.42,0,0.3312,Medium Risk
B1774,UK161,UK,BLR -> BOM,,8027.12,1,0.3971,Medium Risk
B1775,AI008,AI,BOM -> CCU,UPI,13185.54,1,0.3964,Medium Risk
B1776,UK121,UK,BLR -> BOM,CARD,8385.89,1,0.4725,Medium Risk
B1776,UK121,UK,BLR -> BOM,UPI,8306.25,1,0.4303,Medium Risk
B1777,6F154,6E,CCU -> DEL,UPI,9927.3,0,0.3527,Medium Risk
B1778,6F161,6E,MAA -> DEL,,8027.12,0,0.2234,Low Risk
B1779,6F153,6E,CCU -> BLR,UPI,8876.97,0,0.358,Medium Risk
B1780,6F225,6E,HYD -> CCU,,8027.12,0,0.203,Low Risk
B1781,AI191,AI,BLR -> MAA,,8027.12,0,0.2569,Low Risk
B1782,AI218,AI,BOM -> CCU,NETBANKING,4755.95,0,0.2232,Low Risk
B1783,6F267,6E,DEL -> MAA,NETBANKING,8201.65,0,0.2908,Low Risk
B1784,UK125,UK,HYD -> BOM,UPI,1577.5,1,0.4535,Medium Risk
B1785,6F208,6E,CCU -> BOM,UPI,2489.15,0,0.3766,Medium Risk
B1786,6F119,6E,DEL -> BOM,CARD,14801.3,1,0.2165,Low Risk
B1787,AI063,AI,HYD -> BLR,CARD,4567.25,0,0.2749,Low Risk
B1787,AI063,AI,HYD -> BLR,UPI,6253.45,0,0.296,Low Risk
B1787,AI063,AI,HYD -> BLR,CARD,2509.98,0,0.2639,Low Risk
B1788,UK016,UK,DEL -> CCU,,8027.12,1,0.3985,Medium Risk
B1789,6F048,6E,HYD -> DEL,NETBANKING,11758.27,1,0.2608,Low Risk
B1790,6F266,6E,CCU -> MAA,CARD,1700.5,1,0.6767,High Risk
B1790,6F266,6E,CCU -> MAA,CARD,3271.3,1,0.4341,Medium Risk
B1791,AI167,AI,BLR -> DEL,,8027.12,0,0.2483,Low Risk
B1792,6F165,6E,BLR -> BOM,,8027.12,0,0.331,Medium Risk
B1793,SJ104,SJ,HYD -> DEL,NETBANKING,12515.25,0,0.2631,Low Risk
B1794,UK160,UK,BLR -> BOM,,8027.12,0,0.3971,Medium Risk
B1795,UK160,UK,BLR -> BOM,CARD,11714.65,0,0.3501,Medium Risk
B1796,SJ230,SJ,BOM -> CCU,,8027.12,0,0.3074,Low Risk
B1797,AI042,AI,CCU -> DEL,,8027.12,1,0.349,Medium Risk
B1798,UK197,UK,BLR -> HYD,CARD,8027.12,0,0.3013,Low Risk
B1798,UK197,UK,BLR -> HYD,UPI,14793.78,0,0.1527,Low Risk
B1799,AI107,AI,HYD -> CCU,,8027.12,0,0.2044,Low Risk
B1800,SJ128,SJ,CCU -> BLR,NETBANKING,4478.56,0,0.2462,Low Risk
B1801,6F121,6E,HYD -> MAA,,8027.12,0,0.1878,Low Risk
B1802,AI111,AI,MAA -> CCU,UPI,2072.55,0,0.2876,Low Risk
B1803,SJ137,SJ,CCU -> DEL,UPI,5663.2,0,0.305,Low Risk
B1804,AI232,AI,DEL -> BLR,UPI,9496.04,0,0.3244,Low Risk
B1805,SJ113,SJ,BLR -> BOM,CARD,8027.12,0,0.2753,Low Risk
B1806,AI117,AI,HYD -> BLR,NETBANKING,14488.78,1,0.3837,Medium Risk
B1807,6F185,6E,CCU -> DEL,UPI,1759.8,1,0.6307,Medium Risk
B1808,AI194,AI,MAA -> BLR,,8027.12,0,0.2073,Low Risk
B1809,UK045,UK,MAA -> HYD,CARD,2114.98,0,0.1566,Low Risk
B1810,6F228,6E,HYD -> MAA,,8027.12,0,0.1878,Low Risk
B1811,SJ190,SJ,BOM -> CCU,NETBANKING,9625.29,1,0.3329,Medium Risk
B1812,AI156,AI,CCU -> BOM,UPI,1736.99,1,0.4466,Medium Risk
B1813,AI104,AI,MAA -> HYD,,8027.12,0,0.3111,Low Risk
B1814,UK033,UK,HYD -> DEL,UPI,8653.51,0,0.2482,Low Risk
B1814,UK033,UK,HYD -> DEL,UPI,1286.68,0,0.3093,Low Risk
B1815,UK137,UK,BOM -> MAA,NETBANKING,4905.53,0,0.2126,Low Risk
B1815,UK137,UK,BOM -> MAA,UPI,1450.31,0,0.242,Low Risk
B1816,UK214,UK,HYD -> DEL,NETBANKING,8027.12,0,0.2383,Low Risk
B1816,UK214,UK,HYD -> DEL,UPI,4762.94,0,0.2086,Low Risk
B1817,6F033,6E,DEL -> HYD,NETBANKING,11252.26,0,0.314,Low Risk
B1817,6F033,6E,DEL -> HYD,CARD,7766.36,0,0.3588,Medium Risk
B1818,AI114,AI,CCU -> DEL,NETBANKING,4317.72,0,0.2711,Low Risk
B1819,AI017,AI,CCU -> BOM,,8027.12,0,0.3337,Medium Risk
B1820,6F244,6E,MAA -> CCU,UPI,7609.63,0,0.2857,Low Risk
B1820,6F244,6E,MAA -> CCU,UPI,14865.24,0,0.3287,Low Risk
B1821,6F160,6E,MAA -> BLR,UPI,5390.05,0,0.2299,Low Risk
B1821,6F160,6E,MAA -> BLR,UPI,8027.12,0,0.1997,Low Risk
B1821,6F160,6E,MAA -> BLR,CARD,8027.12,0,0.2335,Low Risk
B1822,6F088,6E,CCU -> BLR,NETBANKING,7545.61,1,0.3366,Medium Risk
B1823,6F155,6E,DEL -> BLR,UPI,7854.23,1,0.3399,Medium Risk
B1824,AI095,AI,DEL -> MAA,CARD,10599.9,0,0.341,Medium Risk
B1825,6F139,6E,HYD -> MAA,CARD,5950.28,0,0.3968,Medium Risk
B1826,6F101,6E,BOM -> MAA,CARD,5128.12,1,0.3189,Low Risk
B1827,AI054,AI,HYD -> CCU,UPI,12661.75,0,0.2505,Low Risk
B1827,AI054,AI,HYD -> CCU,NETBANKING,13802.23,0,0.2284,Low Risk
B1828,SJ094,SJ,MAA -> HYD,UPI,9418.44,1,0.5022,Medium Risk
B1829,6F217,6E,BLR -> BOM,CARD,4847.06,1,0.4744,Medium Risk
B1830,6F100,6E,BOM -> BLR,CARD,12651.33,1,0.2646,Low Risk
B1831,6F081,6E,MAA -> BLR,CARD,12421.49,0,0.2343,Low Risk
B1831,6F081,6E,MAA -> BLR,CARD,13574.02,0,0.2235,Low Risk
B1832,SJ156,SJ,BOM -> DEL,NETBANKING,11197.41,0,0.2882,Low Risk
B1833,6F060,6E,DEL -> BLR,UPI,5872.19,0,0.3605,Medium Risk
B1834,UK129,UK,HYD -> MAA,NETBANKING,7570.53,1,0.246,Low Risk
B1835,UK032,UK,BLR -> BOM,,8027.12,0,0.3971,Medium Risk
B1836,AI166,AI,BOM -> CCU,,8027.12,0,0.2831,Low Risk
B1837,SJ056,SJ,HYD -> DEL,UPI,14269.72,0,0.1734,Low Risk
B1837,SJ056,SJ,HYD -> DEL,NETBANKING,14270.18,0,0.1955,Low Risk
B1837,SJ056,SJ,HYD -> DEL,NETBANKING,10803.01,0,0.2135,Low Risk
B1838,SJ101,SJ,CCU -> DEL,,8027.12,0,0.3665,Medium Risk
B1839,SJ065,SJ,MAA -> BLR,UPI,11811.63,0,0.2297,Low Risk
B1839,SJ065,SJ,MAA -> BLR,CARD,4984.54,0,0.196,Low Risk
B1840,SJ100,SJ,MAA -> BLR,CARD,7085.2,0,0.2273,Low Risk
B1841,UK011,UK,CCU -> DEL,,8027.12,1,0.4066,Medium Risk
B1842,6F062,6E,CCU -> DEL,UPI,1998.52,0,0.5042,Medium Risk
B1842,6F062,6E,CCU -> DEL,NETBANKING,7815.3,0,0.3373,Medium Risk
B1843,SJ176,SJ,DEL -> BOM,CARD,4159.73,1,0.4032,Medium Risk
B1843,SJ176,SJ,DEL -> BOM,UPI,1488.32,1,0.6265,Medium Risk
B1844,6F120,6E,BLR -> BOM,CARD,8027.12,0,0.3926,Medium Risk
B1844,6F120,6E,BLR -> BOM,NETBANKING,7078.61,0,0.3717,Medium Risk
B1845,AI121,AI,HYD -> MAA,UPI,3147.85,0,0.2005,Low Risk
B1846,UK072,UK,BOM -> BLR,UPI,8100.01,0,0.3373,Medium Risk
B1847,AI006,AI,BOM -> BLR,UPI,10999.02,1,0.2915,Low Risk
B1848,SJ231,SJ,DEL -> BLR,UPI,1779.42,1,0.4924,Medium Risk
B1848,SJ231,SJ,DEL -> BLR,UPI,4902.58,1,0.3089,Low Risk
B1849,SJ129,SJ,CCU -> BOM,,8027.12,0,0.3514,Medium Risk
B1850,6F110,6E,HYD -> DEL,CARD,7542.02,0,0.2431,Low Risk
B1850,6F110,6E,HYD -> DEL,NETBANKING,14670.86,0,0.2168,Low Risk
B1851,6F231,6E,HYD -> MAA,,8027.12,0,0.1878,Low Risk
B1852,6F095,6E,BLR -> MAA,CARD,2491.83,0,0.3547,Medium Risk
B1853,UK054,UK,BLR -> BOM,NETBANKING,8948.88,0,0.4794,Medium Risk
B1854,SJ123,SJ,BOM -> CCU,NETBANKING,6004.76,0,0.2316,Low Risk
B1854,SJ123,SJ,BOM -> CCU,UPI,14521.74,0,0.1528,Low Risk
B1854,SJ123,SJ,BOM -> CCU,NETBANKING,10538.38,0,0.3068,Low Risk
B1854,SJ123,SJ,BOM -> CCU,UPI,2278.95,0,0.2775,Low Risk
B1855,6F006,6E,BOM -> BLR,CARD,12165.24,0,0.261,Low Risk
B1855,6F006,6E,BOM -> BLR,UPI,9744.36,0,0.2836,Low Risk
B1856,UK226,UK,MAA -> HYD,CARD,11604.48,0,0.1454,Low Risk
B1856,UK226,UK,MAA -> HYD,NETBANKING,14055.6,0,0.3071,Low Risk
B1857,AI065,AI,MAA -> BLR,NETBANKING,4516.22,0,0.1707,Low Risk
B1857,AI065,AI,MAA -> BLR,CARD,13134.7,0,0.3189,Low Risk
B1858,6F008,6E,DEL -> BOM,,8027.12,0,0.3621,Medium Risk
B1859,AI195,AI,CCU -> MAA,,8027.12,0,0.3313,Medium Risk
B1860,UK043,UK,DEL -> HYD,UPI,2531.6,0,0.2338,Low Risk
B1860,UK043,UK,DEL -> HYD,NETBANKING,6999.9,0,0.2274,Low Risk
B1861,AI125,AI,CCU -> DEL,UPI,9044.04,0,0.3422,Medium Risk
B1862,AI089,AI,CCU -> BOM,,8027.12,0,0.3337,Medium Risk
B1863,UK019,UK,BOM -> HYD,NETBANKING,9857.74,0,0.3589,Medium Risk
B1863,UK019,UK,BOM -> HYD,CARD,13070.93,0,0.2892,Low Risk
B1864,UK078,UK,BOM -> HYD,UPI,10081.04,1,0.3819,Medium Risk
B1865,SJ009,SJ,CCU -> BLR,NETBANKING,11740.51,1,0.3479,Medium Risk
B1866,UK178,UK,DEL -> BLR,NETBANKING,4987.99,0,0.2586,Low Risk
B1867,UK018,UK,BOM -> CCU,NETBANKING,8158.17,0,0.313,Low Risk
B1868,SJ059,SJ,CCU -> DEL,,8027.12,1,0.3665,Medium Risk
B1869,UK108,UK,DEL -> BLR,CARD,10155.04,0,0.3225,Low Risk
B1869,UK108,UK,DEL -> BLR,NETBANKING,11398.23,0,0.2949,Low Risk
B1870,6F045,6E,BOM -> HYD,,8027.12,1,0.3553,Medium Risk
B1871,AI144,AI,MAA -> BOM,,8027.12,1,0.2362,Low Risk
B1872,AI244,AI,BLR -> BOM,CARD,5721.08,0,0.2746,Low Risk
B1872,AI244,AI,BLR -> BOM,UPI,9096.04,0,0.3004,Low Risk
B1872,AI244,AI,BLR -> BOM,NETBANKING,8027.12,0,0.277,Low Risk
B1873,6F265,6E,DEL -> HYD,UPI,6495.37,0,0.3,Low Risk
B1873,6F265,6E,DEL -> HYD,CARD,12510.96,0,0.348,Medium Risk
B1873,6F265,6E,DEL -> HYD,CARD,13283.24,0,0.3582,Medium Risk
B1874,6F108,6E,DEL -> HYD,NETBANKING,5715.47,0,0.457,Medium Risk
B1874,6F108,6E,DEL -> HYD,NETBANKING,9993.97,0,0.3139,Low Risk
B1874,6F108,6E,DEL -> HYD,NETBANKING,8735.05,0,0.2968,Low Risk
B1875,6F069,6E,MAA -> BLR,NETBANKING,8027.12,0,0.2072,Low Risk
B1876,6F072,6E,BLR -> CCU,NETBANKING,11290.32,1,0.4681,Medium Risk
B1877,6F096,6E,MAA -> BLR,,8027.12,0,0.244,Low Risk
B1878,SJ233,SJ,DEL -> HYD,CARD,14778.71,0,0.1549,Low Risk
B1879,AI203,AI,BOM -> CCU,UPI,4682.98,0,0.2359,Low Risk
B1880,UK147,UK,CCU -> DEL,UPI,11737.0,0,0.3308,Medium Risk
B1881,UK039,UK,HYD -> BOM,,8027.12,0,0.2624,Low Risk
B1882,6F216,6E,BLR -> DEL,,8027.12,1,0.2903,Low Risk
B1883,AI214,AI,CCU -> DEL,CARD,4498.27,0,0.3056,Low Risk
B1883,AI214,AI,CCU -> DEL,CARD,3193.06,0,0.3539,Medium Risk
B1884,UK025,UK,DEL -> BOM,,8027.12,1,0.4453,Medium Risk
B1885,UK053,UK,BLR -> BOM,NETBANKING,9992.33,1,0.4746,Medium Risk
B1886,6F130,6E,DEL -> HYD,,8027.12,0,0.2866,Low Risk
B1887,6F247,6E,DEL -> HYD,UPI,9312.51,0,0.2545,Low Risk
B1888,6F159,6E,CCU -> BOM,UPI,8931.9,1,0.3435,Medium Risk
B1888,6F159,6E,CCU -> BOM,CARD,5981.84,1,0.4336,Medium Risk
B1889,UK086,UK,CCU -> BLR,,8027.12,1,0.3639,Medium Risk
B1890,6F102,6E,HYD -> MAA,UPI,13732.45,0,0.158,Low Risk
B1891,UK186,UK,BOM -> BLR,UPI,2216.08,1,0.4761,Medium Risk
B1891,UK186,UK,BOM -> BLR,UPI,1978.49,1,0.4588,Medium Risk
B1892,6F032,6E,DEL -> BOM,,8027.12,0,0.3621,Medium Risk
B1893,6F186,6E,HYD -> BOM,,8027.12,0,0.2818,Low Risk
B1894,6F106,6E,BOM -> CCU,,8027.12,1,0.3045,Low Risk
B1895,AI021,AI,DEL -> HYD,CARD,13425.87,1,0.4644,Medium Risk
B1895,AI021,AI,DEL -> HYD,NETBANKING,6230.89,1,0.3456,Medium Risk
B1895,AI021,AI,DEL -> HYD,CARD,13629.71,1,0.4402,Medium Risk
B1895,AI021,AI,DEL -> HYD,CARD,9624.54,1,0.4008,Medium Risk
B1895,AI021,AI,DEL -> HYD,NETBANKING,11120.61,1,0.3695,Medium Risk
B1896,AI157,AI,BLR -> CCU,CARD,8027.12,0,0.293,Low Risk
B1897,6F054,6E,HYD -> BLR,CARD,9752.05,0,0.2991,Low Risk
B1897,6F054,6E,HYD -> BLR,NETBANKING,7243.26,0,0.271,Low Risk
B1898,AI187,AI,BLR -> HYD,CARD,5718.04,0,0.2482,Low Risk
B1899,SJ124,SJ,HYD -> DEL,UPI,3146.15,0,0.1937,Low Risk
B1900,SJ223,SJ,HYD -> MAA,UPI,1212.98,1,0.4853,Medium Risk
B1901,UK103,UK,MAA -> DEL,CARD,10787.49,0,0.1363,Low Risk
B1902,SJ157,SJ,DEL -> HYD,,8027.12,0,0.3149,Low Risk
B1903,6F242,6E,BLR -> MAA,,8027.12,0,0.2643,Low Risk
B1904,UK213,UK,BOM -> CCU,NETBANKING,5769.34,0,0.2339,Low Risk
B1905,SJ120,SJ,MAA -> BLR,,8027.12,0,0.2111,Low Risk
B1906,AI035,AI,DEL -> MAA,UPI,11037.65,1,0.3389,Medium Risk
B1907,6F147,6E,HYD -> MAA,CARD,5451.44,1,0.3826,Medium Risk
B1908,SJ229,SJ,CCU -> DEL,CARD,8834.05,1,0.335,Medium Risk
B1908,SJ229,SJ,CCU -> DEL,CARD,1912.8,1,0.3744,Medium Risk
B1909,AI230,AI,CCU -> BLR,,8027.12,0,0.3446,Medium Risk
B1910,UK162,UK,BOM -> CCU,UPI,13743.8,1,0.3938,Medium Risk
B1910,UK162,UK,BOM -> CCU,CARD,7810.25,1,0.2789,Low Risk
B1911,AI066,AI,HYD -> MAA,,8027.12,0,0.1969,Low Risk
B1912,6F205,6E,HYD -> BOM,NETBANKING,6279.57,1,0.4028,Medium Risk
B1913,AI124,AI,CCU -> HYD,NETBANKING,11211.97,0,0.2999,Low Risk
B1913,AI124,AI,CCU -> HYD,CARD,4083.41,0,0.2711,Low Risk
B1914,UK114,UK,HYD -> CCU,NETBANKING,5079.38,0,0.1999,Low Risk
B1915,AI231,AI,DEL -> HYD,CARD,1162.01,1,0.2518,Low Risk
B1916,AI113,AI,CCU -> HYD,CARD,3156.86,0,0.3013,Low Risk
B1917,UK180,UK,CCU -> MAA,,8027.12,0,0.387,Medium Risk
B1918,UK180,UK,CCU -> MAA,NETBANKING,2739.31,0,0.2653,Low Risk
B1918,UK180,UK,CCU -> MAA,NETBANKING,1356.26,0,0.2481,Low Risk
B1919,6F080,6E,HYD -> MAA,,8027.12,0,0.1878,Low Risk
B1920,SJ095,SJ,DEL -> MAA,,8027.12,0,0.302,Low Risk
B1921,SJ115,SJ,BOM -> HYD,CARD,9627.04,1,0.3305,Medium Risk
B1922,AI142,AI,BOM -> DEL,CARD,11708.41,0,0.2715,Low Risk
B1922,AI142,AI,BOM -> DEL,CARD,7858.51,0,0.2613,Low Risk
B1923,UK169,UK,HYD -> DEL,NETBANKING,8467.53,1,0.2517,Low Risk
B1923,UK169,UK,HYD -> DEL,UPI,8027.12,1,0.243,Low Risk
B1924,SJ041,SJ,CCU -> HYD,CARD,4739.01,1,0.2818,Low Risk
B1925,UK171,UK,HYD -> CCU,UPI,11102.07,0,0.2218,Low Risk
B1925,UK171,UK,HYD -> CCU,CARD,12741.86,0,0.2521,Low Risk
B1925,UK171,UK,HYD -> CCU,UPI,5691.29,0,0.2176,Low Risk
B1926,AI081,AI,CCU -> BOM,,8027.12,1,0.3337,Medium Risk
B1927,AI162,AI,MAA -> DEL,,8027.12,0,0.1494,Low Risk
B1928,SJ037,SJ,BLR -> BOM,NETBANKING,6983.66,1,0.2762,Low Risk
B1929,SJ037,SJ,BLR -> BOM,,8027.12,0,0.2503,Low Risk
B1930,UK080,UK,BLR -> MAA,UPI,8027.12,0,0.3293,Low Risk
B1930,UK080,UK,BLR -> MAA,CARD,1625.9,0,0.3827,Medium Risk
B1931,SJ031,SJ,DEL -> BOM,CARD,10011.51,0,0.4044,Medium Risk
B1932,AI199,AI,HYD -> DEL,CARD,8636.39,1,0.2711,Low Risk
B1932,AI199,AI,HYD -> DEL,UPI,8027.12,1,0.1963,Low Risk
B1933,6F082,6E,BOM -> BLR,,8027.12,1,0.2763,Low Risk
B1934,UK217,UK,MAA -> CCU,UPI,10978.81,0,0.2565,Low Risk
B1935,UK014,UK,HYD -> MAA,,8027.12,1,0.2996,Low Risk
B1936,SJ180,SJ,HYD -> CCU,UPI,5159.35,0,0.2001,Low Risk
B1936,SJ180,SJ,HYD -> CCU,UPI,6127.38,0,0.22,Low Risk
B1937,6F268,6E,DEL -> MAA,CARD,6825.66,1,0.4176,Medium Risk
B1938,UK205,UK,HYD -> MAA,UPI,12242.79,1,0.3542,Medium Risk
B1939,SJ212,SJ,MAA -> BLR,UPI,8851.37,0,0.2074,Low Risk
B1939,SJ212,SJ,MAA -> BLR,UPI,9872.75,0,0.2113,Low Risk
B1939,SJ212,SJ,MAA -> BLR,NETBANKING,7506.15,0,0.1933,Low Risk
B1939,SJ212,SJ,MAA -> BLR,UPI,14923.36,0,0.266,Low Risk
B1940,UK052,UK,BLR -> CCU,CARD,13791.37,1,0.5023,Medium Risk
B1940,UK052,UK,BLR -> CCU,NETBANKING,4783.48,1,0.4597,Medium Risk
B1941,UK230,UK,BLR -> BOM,CARD,1551.73,1,0.5812,Medium Risk
B1942,AI145,AI,DEL -> BOM,UPI,1755.58,1,0.6399,Medium Risk
B1943,SJ035,SJ,CCU -> DEL,NETBANKING,9116.92,0,0.3275,Low Risk
B1943,SJ035,SJ,CCU -> DEL,UPI,5304.06,0,0.31,Low Risk
B1944,SJ184,SJ,CCU -> DEL,UPI,3644.17,1,0.3318,Medium Risk
B1944,SJ184,SJ,CCU -> DEL,NETBANKING,9053.91,1,0.3348,Medium Risk
B1945,6F207,6E,BOM -> HYD,,8027.12,0,0.3553,Medium Risk
B1946,UK144,UK,BOM -> CCU,UPI,11196.94,0,0.3269,Low Risk
B1947,AI126,AI,MAA -> HYD,NETBANKING,2186.2,0,0.2965,Low Risk
B1948,SJ145,SJ,BLR -> HYD,CARD,7705.92,0,0.2498,Low Risk
B1948,SJ145,SJ,BLR -> HYD,NETBANKING,6743.77,0,0.234,Low Risk
B1949,6F040,6E,HYD -> CCU,UPI,11031.75,0,0.1841,Low Risk
B1949,6F040,6E,HYD -> CCU,CARD,3328.36,0,0.2399,Low Risk
B1950,UK049,UK,HYD -> BOM,,8027.12,0,0.2624,Low Risk
B1951,UK049,UK,HYD -> BOM,NETBANKING,12831.14,1,0.3668,Medium Risk
B1952,AI087,AI,MAA -> DEL,NETBANKING,10237.24,0,0.1448,Low Risk
B1953,AI152,AI,BLR -> CCU,CARD,12741.76,1,0.408,Medium Risk
B1954,SJ240,SJ,BOM -> HYD,NETBANKING,14524.79,0,0.1848,Low Risk
B1955,AI212,AI,DEL -> CCU,,8027.12,0,0.3731,Medium Risk
B1956,AI064,AI,BLR -> MAA,,8027.12,0,0.2569,Low Risk
B1957,6F093,6E,CCU -> DEL,CARD,4851.79,0,0.3627,Medium Risk
B1958,AI118,AI,HYD -> MAA,CARD,1256.74,0,0.3209,Low Risk
B1958,AI118,AI,HYD -> MAA,NETBANKING,1471.1,0,0.2633,Low Risk
B1959,AI172,AI,BOM -> CCU,UPI,9818.89,0,0.3107,Low Risk
B1959,AI172,AI,BOM -> CCU,NETBANKING,7275.19,0,0.2401,Low Risk
B1960,6F183,6E,MAA -> HYD,CARD,14657.97,1,0.633,Medium Risk
B1961,6F200,6E,HYD -> DEL,,8027.12,0,0.1729,Low Risk
B1962,SJ077,SJ,BLR -> MAA,CARD,9530.25,0,0.2849,Low Risk
B1962,SJ077,SJ,BLR -> MAA,UPI,1833.17,0,0.2651,Low Risk
B1962,SJ077,SJ,BLR -> MAA,CARD,7948.25,0,0.248,Low Risk
B1962,SJ077,SJ,BLR -> MAA,UPI,11681.57,0,0.2678,Low Risk
B1963,UK030,UK,CCU -> DEL,,8027.12,0,0.4066,Medium Risk
B1964,SJ232,SJ,MAA -> BLR,,8027.12,0,0.2111,Low Risk
B1965,6F090,6E,HYD -> BLR,,8027.12,0,0.2869,Low Risk
B1966,UK002,UK,CCU -> MAA,UPI,14419.64,0,0.1653,Low Risk
B1966,UK002,UK,CCU -> MAA,UPI,6405.91,0,0.2866,Low Risk
B1966,UK002,UK,CCU -> MAA,CARD,13474.77,0,0.2672,Low Risk
B1967,AI154,AI,HYD -> MAA,CARD,12518.31,1,0.3613,Medium Risk
B1968,6F089,6E,DEL -> HYD,NETBANKING,14600.78,0,0.2259,Low Risk
B1969,6F218,6E,BLR -> BOM,UPI,13598.0,0,0.3757,Medium Risk
B1970,6F241,6E,DEL -> HYD,NETBANKING,4558.49,0,0.3731,Medium Risk
B1971,6F116,6E,MAA -> CCU,,8027.12,0,0.3472,Medium Risk
B1972,UK199,UK,BOM -> CCU,UPI,5458.57,1,0.2749,Low Risk
B1973,SJ033,SJ,HYD -> DEL,,8027.12,1,0.2136,Low Risk
B1974,AI210,AI,BLR -> BOM,,8027.12,0,0.2619,Low Risk
B1975,UK148,UK,HYD -> BOM,CARD,7791.01,0,0.2336,Low Risk
B1976,AI229,AI,HYD -> MAA,NETBANKING,8576.26,0,0.2185,Low Risk
B1977,UK005,UK,BOM -> MAA,,8027.12,0,0.3445,Medium Risk
B1978,SJ080,SJ,CCU -> MAA,UPI,9450.85,0,0.3264,Low Risk
B1979,SJ092,SJ,BLR -> MAA,,8027.12,1,0.3099,Low Risk
B1980,SJ055,SJ,HYD -> MAA,CARD,12102.14,1,0.2746,Low Risk
B1981,AI239,AI,BOM -> HYD,CARD,4761.81,0,0.2545,Low Risk
B1981,AI239,AI,BOM -> HYD,UPI,7404.46,0,0.2909,Low Risk
B1982,6F162,6E,CCU -> BOM,,8027.12,0,0.3634,Medium Risk
B1983,UK101,UK,DEL -> HYD,CARD,9117.5,0,0.3091,Low Risk
B1984,6F198,6E,HYD -> BLR,UPI,8109.9,0,0.2419,Low Risk
B1984,6F198,6E,HYD -> BLR,UPI,11501.29,0,0.2499,Low Risk
B1985,6F239,6E,CCU -> BOM,,8027.12,0,0.3634,Medium Risk
B1986,SJ177,SJ,BOM -> CCU,,8027.12,0,0.3074,Low Risk
B1987,6F044,6E,DEL -> HYD,CARD,4585.24,1,0.4163,Medium Risk
B1987,6F044,6E,DEL -> HYD,CARD,4148.68,1,0.3684,Medium Risk
B1988,6F248,6E,DEL -> HYD,UPI,13945.28,0,0.2333,Low Risk
B1989,6F002,6E,BLR -> MAA,,8027.12,0,0.2643,Low Risk
B1990,SJ197,SJ,HYD -> BLR,NETBANKING,4434.27,0,0.231,Low Risk
B1990,SJ197,SJ,HYD -> BLR,UPI,8027.12,0,0.2698,Low Risk
B1990,SJ197,SJ,HYD -> BLR,NETBANKING,9960.43,0,0.2976,Low Risk
B1991,UK091,UK,CCU -> BOM,,8027.12,1,0.3987,Medium Risk
B1992,6F215,6E,DEL -> BLR,CARD,4590.22,0,0.3625,Medium Risk
B1992,6F215,6E,DEL -> BLR,NETBANKING,2164.83,0,0.5688,Medium Risk
B1992,6F215,6E,DEL -> BLR,UPI,7248.01,0,0.3052,Low Risk
B1993,AI093,AI,BOM -> BLR,,8027.12,1,0.2707,Low Risk
B1994,UK090,UK,HYD -> MAA,,8027.12,0,0.2996,Low Risk
B1995,SJ005,SJ,DEL -> MAA,,8027.12,1,0.302,Low Risk
B1996,UK106,UK,BOM -> CCU,UPI,10358.84,1,0.3817,Medium Risk
B1997,6F223,6E,MAA -> BLR,UPI,8027.12,0,0.1997,Low Risk
B1997,6F223,6E,MAA -> BLR,CARD,8027.12,0,0.2335,Low Risk
B1998,6F011,6E,MAA -> BLR,CARD,7319.71,0,0.2342,Low Risk
B1998,6F011,6E,MAA -> BLR,NETBANKING,11065.89,0,0.2087,Low Risk
B1999,UK124,UK,MAA -> BLR,NETBANKING,2806.06,0,0.2406,Low Risk
