passenger_key,passenger_id,gender,age,age_band,email_masked,phone_masked,aadhaar_masked,passenger_name_masked
1,P1000,F,52,Senior Adult (51-65),vi***************@gmail.com,+91-XXXXX-XX90,XXXX-XXXX-6001,V**** C****
2,P1001,M,15,Youth (<18),kr***********@hotmail.com,+91-XXXXX-XX97,XXXX-XXXX-2654,K**** R****
3,P1002,M,72,Senior (65+),my********@outlook.com,+91-XXXXX-XX92,XXXX-XXXX-8161,M**** N****
4,P1003,F,61,Senior Adult (51-65),my*********@hotmail.com,+91-XXXXX-XX51,XXXX-XXXX-6475,M**** M****
5,P1004,M,21,Young Adult (18-35),sa*************@outlook.com,+91-XXXXX-XX13,XXXX-XXXX-6483,S**** B****
6,P1005,M,83,Senior (65+),re***********@gmail.com,+91-XXXXX-XX18,XXXX-XXXX-3767,R**** J****
7,P1006,M,87,Senior (65+),ka********@yahoo.com,+91-XXXXX-XX30,XXXX-XXXX-3287,K**** N****
8,P1007,M,75,Senior (65+),sa********@gmail.com,+91-XXXXX-XX19,XXXX-XXXX-8480,S**** J****
9,P1008,M,75,Senior (65+),ka**********@gmail.com,+91-XXXXX-XX00,XXXX-XXXX-8281,K**** P****
10,P1009,M,88,Senior (65+),sa**********@hotmail.com,+91-XXXXX-XX19,XXXX-XXXX-0154,S**** K****
11,P1010,M,24,Young Adult (18-35),sa*********@yahoo.com,+91-XXXXX-XX90,XXXX-XXXX-4896,S**** A****
12,P1011,M,3,Youth (<18),sa********@yahoo.com,+91-XXXXX-XX18,XXXX-XXXX-5098,S**** N****
13,P1012,M,22,Young Adult (18-35),ar*********@yahoo.com,+91-XXXXX-XX45,XXXX-XXXX-4738,A**** P****
14,P1013,M,53,Senior Adult (51-65),sa*******@hotmail.com,+91-XXXXX-XX98,XXXX-XXXX-6701,S**** I****
15,P1014,F,2,Youth (<18),an************@outlook.com,+91-XXXXX-XX05,XXXX-XXXX-7317,A**** B****
16,P1015,F,88,Senior (65+),aa**********@gmail.com,+91-XXXXX-XX41,XXXX-XXXX-2606,A**** V****
17,P1016,M,30,Young Adult (18-35),vi**********@rediffmail.com,+91-XXXXX-XX26,XXXX-XXXX-8050,V**** N****
18,P1017,F,38,Middle Aged (36-50),re****************@rediffmail.com,+91-XXXXX-XX76,XXXX-XXXX-1939,R**** C****
19,P1018,F,2,Youth (<18),ir*******@hotmail.com,+91-XXXXX-XX20,XXXX-XXXX-4624,I**** G****
20,P1019,M,64,Senior Adult (51-65),di********@gmail.com,+91-XXXXX-XX29,XXXX-XXXX-2513,D**** P****
21,P1020,M,60,Senior Adult (51-65),an*********@yahoo.com,+91-XXXXX-XX28,XXXX-XXXX-2411,A**** K****
22,P1021,M,21,Young Adult (18-35),ka*********@yahoo.com,+91-XXXXX-XX94,XXXX-XXXX-0164,K**** N****
23,P1022,F,33,Young Adult (18-35),sh***********@outlook.com,+91-XXXXX-XX77,XXXX-XXXX-1280,S**** J****
24,P1023,F,76,Senior (65+),ad**********@hotmail.com,+91-XXXXX-XX73,XXXX-XXXX-1586,A**** P****
25,P1024,M,58,Senior Adult (51-65),vi***********@yahoo.com,+91-XXXXX-XX41,XXXX-XXXX-2160,V**** S****
26,P1025,M,22,Young Adult (18-35),aa**************@yahoo.com,+91-XXXXX-XX72,XXXX-XXXX-1458,A**** C****
27,P1026,M,89,Senior (65+),ir********@hotmail.com,+91-XXXXX-XX52,XXXX-XXXX-6556,I**** G****
28,P1027,F,49,Middle Aged (36-50),re**************@gmail.com,+91-XXXXX-XX99,XXXX-XXXX-5615,R**** B****
29,P1028,F,59,Senior Adult (51-65),aa***********@gmail.com,+91-XXXXX-XX47,XXXX-XXXX-6629,A**** M****
30,P1029,F,42,Middle Aged (36-50),di********@rediffmail.com,+91-XXXXX-XX45,XXXX-XXXX-7387,D**** G****
31,P1030,F,60,Senior Adult (51-65),ad*************@gmail.com,+91-XXXXX-XX78,XXXX-XXXX-0037,A**** K****
32,P1031,M,80,Senior (65+),sh***********@gmail.com,+91-XXXXX-XX43,XXXX-XXXX-1632,S**** P****
33,P1032,M,15,Youth (<18),ka*********@rediffmail.com,+91-XXXXX-XX18,XXXX-XXXX-5798,K**** G****
34,P1033,M,62,Senior Adult (51-65),aa*************@hotmail.com,+91-XXXXX-XX98,XXXX-XXXX-4714,A**** K****
35,P1034,M,62,Senior Adult (51-65),is*********@outlook.com,+91-XXXXX-XX33,XXXX-XXXX-6658,I**** I****
36,P1035,F,47,Middle Aged (36-50),vi**********@hotmail.com,+91-XXXXX-XX14,XXXX-XXXX-2729,V**** G****
37,P1036,F,62,Senior Adult (51-65),ri********@rediffmail.com,+91-XXXXX-XX96,XXXX-XXXX-3755,R**** R****
38,P1037,M,51,Senior Adult (51-65),mu************@rediffmail.com,+91-XXXXX-XX72,XXXX-XXXX-0033,M**** G****
39,P1038,M,55,Senior Adult (51-65),ir*******@yahoo.com,+91-XXXXX-XX41,XXXX-XXXX-9912,I**** P****
40,P1039,F,64,Senior Adult (51-65),sh*************@hotmail.com,+91-XXXXX-XX42,XXXX-XXXX-4919,S**** A****
41,P1040,M,3,Youth (<18),mu************@hotmail.com,+91-XXXXX-XX28,XXXX-XXXX-6572,M**** J****
42,P1041,F,51,Senior Adult (51-65),sh***********@hotmail.com,+91-XXXXX-XX48,XXXX-XXXX-1473,S**** G****
43,P1042,M,7,Youth (<18),ar************@hotmail.com,+91-XXXXX-XX24,XXXX-XXXX-5494,A**** K****
44,P1043,M,21,Young Adult (18-35),ar*********@hotmail.com,+91-XXXXX-XX17,XXXX-XXXX-0143,A**** R****
45,P1044,M,73,Senior (65+),sa******@yahoo.com,+91-XXXXX-XX44,XXXX-XXXX-5574,S**** I****
46,P1045,M,39,Middle Aged (36-50),ka*********@yahoo.com,+91-XXXXX-XX59,XXXX-XXXX-4989,K**** R****
47,P1046,M,18,Young Adult (18-35),sa***********@yahoo.com,+91-XXXXX-XX91,XXXX-XXXX-0842,S**** S****
48,P1047,M,4,Youth (<18),is***************@rediffmail.com,+91-XXXXX-XX72,XXXX-XXXX-4711,I**** C****
49,P1048,M,89,Senior (65+),sa********@gmail.com,+91-XXXXX-XX36,XXXX-XXXX-9993,S**** M****
50,P1049,F,60,Senior Adult (51-65),aa**********@rediffmail.com,+91-XXXXX-XX90,XXXX-XXXX-3341,A**** J****
51,P1050,F,14,Youth (<18),aa*******@yahoo.com,+91-XXXXX-XX22,XXXX-XXXX-4471,A**** D****
52,P1051,F,9,Youth (<18),aa***************@outlook.com,+91-XXXXX-XX94,XXXX-XXXX-2499,A**** C****
53,P1052,F,53,Senior Adult (51-65),sa******@gmail.com,+91-XXXXX-XX65,XXXX-XXXX-9065,S**** K****
54,P1053,F,2,Youth (<18),my***********@gmail.com,+91-XXXXX-XX19,XXXX-XXXX-8742,M**** B****
55,P1054,M,84,Senior (65+),mu************@rediffmail.com,+91-XXXXX-XX21,XXXX-XXXX-7468,M**** P****
56,P1055,M,60,Senior Adult (51-65),is***************@gmail.com,+91-XXXXX-XX00,XXXX-XXXX-0385,I**** C****
57,P1056,F,71,Senior (65+),sa********@rediffmail.com,+91-XXXXX-XX28,XXXX-XXXX-1093,S**** D****
58,P1057,M,44,Middle Aged (36-50),is**********@outlook.com,+91-XXXXX-XX37,XXXX-XXXX-4846,I**** G****
59,P1058,F,8,Youth (<18),di********@yahoo.com,+91-XXXXX-XX68,XXXX-XXXX-6584,D**** M****
60,P1059,F,47,Middle Aged (36-50),is*************@outlook.com,+91-XXXXX-XX12,XXXX-XXXX-7533,I**** B****
61,P1060,M,35,Young Adult (18-35),ri********@yahoo.com,+91-XXXXX-XX30,XXXX-XXXX-8951,R**** S****
62,P1061,M,78,Senior (65+),sa*******@hotmail.com,+91-XXXXX-XX58,XXXX-XXXX-6158,S**** G****
63,P1062,M,81,Senior (65+),aa*********@rediffmail.com,+91-XXXXX-XX51,XXXX-XXXX-7240,A**** S****
64,P1063,F,36,Middle Aged (36-50),sh************@gmail.com,+91-XXXXX-XX84,XXXX-XXXX-2219,S**** M****
65,P1064,M,50,Middle Aged (36-50),ka************@yahoo.com,+91-XXXXX-XX04,XXXX-XXXX-4821,K**** K****
66,P1065,F,4,Youth (<18),is*************@hotmail.com,+91-XXXXX-XX06,XXXX-XXXX-3695,I**** K****
67,P1066,F,2,Youth (<18),ri********@outlook.com,+91-XXXXX-XX46,XXXX-XXXX-3953,R**** S****
68,P1067,F,6,Youth (<18),re************@hotmail.com,+91-XXXXX-XX47,XXXX-XXXX-2145,R**** P****
69,P1068,M,54,Senior Adult (51-65),sa**********@yahoo.com,+91-XXXXX-XX00,XXXX-XXXX-4517,S**** B****
70,P1069,M,4,Youth (<18),kr**********@yahoo.com,+91-XXXXX-XX01,XXXX-XXXX-7549,K**** N****
71,P1070,F,54,Senior Adult (51-65),ir********@outlook.com,+91-XXXXX-XX32,XXXX-XXXX-1746,I**** S****
72,P1071,M,63,Senior Adult (51-65),sa**********@gmail.com,+91-XXXXX-XX77,XXXX-XXXX-5869,S**** G****
73,P1072,M,18,Young Adult (18-35),kr**************@yahoo.com,+91-XXXXX-XX37,XXXX-XXXX-7735,K**** B****
74,P1073,M,44,Middle Aged (36-50),an***********@outlook.com,+91-XXXXX-XX65,XXXX-XXXX-0053,A**** P****
75,P1074,F,34,Young Adult (18-35),ri********@hotmail.com,+91-XXXXX-XX88,XXXX-XXXX-0422,R**** P****
76,P1075,F,74,Senior (65+),kr**********@yahoo.com,+91-XXXXX-XX35,XXXX-XXXX-2402,K**** K****
77,P1076,M,62,Senior Adult (51-65),ka*********@hotmail.com,+91-XXXXX-XX98,XXXX-XXXX-8390,K**** J****
78,P1077,F,14,Youth (<18),my********@hotmail.com,+91-XXXXX-XX09,XXXX-XXXX-1159,M**** S****
79,P1078,M,48,Middle Aged (36-50),re***********@yahoo.com,+91-XXXXX-XX06,XXXX-XXXX-8961,R**** R****
80,P1079,M,15,Youth (<18),di*********@hotmail.com,+91-XXXXX-XX80,XXXX-XXXX-5654,D**** M****
81,P1080,M,72,Senior (65+),sh****************@rediffmail.com,+91-XXXXX-XX67,XXXX-XXXX-9885,S**** C****
82,P1081,M,78,Senior (65+),ka*********@rediffmail.com,+91-XXXXX-XX43,XXXX-XXXX-8327,K**** G****
83,P1082,F,87,Senior (65+),sa*******@gmail.com,+91-XXXXX-XX04,XXXX-XXXX-9809,S**** J****
84,P1083,F,62,Senior Adult (51-65),ar************@outlook.com,+91-XXXXX-XX85,XXXX-XXXX-6120,A**** B****
85,P1084,F,40,Middle Aged (36-50),ad***********@hotmail.com,+91-XXXXX-XX66,XXXX-XXXX-9102,A**** P****
86,P1085,M,85,Senior (65+),di********@hotmail.com,+91-XXXXX-XX99,XXXX-XXXX-4381,D**** N****
87,P1086,M,80,Senior (65+),vi****************@gmail.com,+91-XXXXX-XX15,XXXX-XXXX-0034,V**** C****
88,P1087,M,82,Senior (65+),vi************@yahoo.com,+91-XXXXX-XX88,XXXX-XXXX-8388,V**** S****
89,P1088,F,53,Senior Adult (51-65),ir************@outlook.com,+91-XXXXX-XX20,XXXX-XXXX-9664,I**** C****
90,P1089,M,24,Young Adult (18-35),is***********@gmail.com,+91-XXXXX-XX22,XXXX-XXXX-9681,I**** M****
91,P1090,F,26,Young Adult (18-35),vi**********@outlook.com,+91-XXXXX-XX87,XXXX-XXXX-5523,V**** R****
92,P1091,F,89,Senior (65+),ir*********@outlook.com,+91-XXXXX-XX58,XXXX-XXXX-7995,I**** S****
93,P1092,F,60,Senior Adult (51-65),re***********@yahoo.com,+91-XXXXX-XX14,XXXX-XXXX-1477,R**** V****
94,P1093,F,41,Middle Aged (36-50),an**********@outlook.com,+91-XXXXX-XX84,XXXX-XXXX-0793,A**** P****
95,P1094,F,29,Young Adult (18-35),ka***********@rediffmail.com,+91-XXXXX-XX83,XXXX-XXXX-7788,K**** A****
96,P1095,F,15,Youth (<18),an*********@outlook.com,+91-XXXXX-XX71,XXXX-XXXX-1864,A**** V****
97,P1096,M,45,Middle Aged (36-50),my**********@hotmail.com,+91-XXXXX-XX66,XXXX-XXXX-1486,M**** A****
98,P1097,M,65,Senior Adult (51-65),sh***********@outlook.com,+91-XXXXX-XX05,XXXX-XXXX-2357,S**** M****
99,P1098,F,89,Senior (65+),re****************@yahoo.com,+91-XXXXX-XX81,XXXX-XXXX-2962,R**** C****
100,P1099,F,71,Senior (65+),vi************@hotmail.com,+91-XXXXX-XX48,XXXX-XXXX-7383,V**** A****
101,P1100,M,9,Youth (<18),mu************@rediffmail.com,+91-XXXXX-XX19,XXXX-XXXX-2392,M**** J****
102,P1101,F,88,Senior (65+),sh*************@rediffmail.com,+91-XXXXX-XX90,XXXX-XXXX-8261,S**** A****
103,P1102,F,1,Youth (<18),my***********@rediffmail.com,+91-XXXXX-XX00,XXXX-XXXX-5305,M**** K****
104,P1103,M,8,Youth (<18),is*************@hotmail.com,+91-XXXXX-XX81,XXXX-XXXX-7117,I**** B****
105,P1104,F,88,Senior (65+),vi**********@hotmail.com,+91-XXXXX-XX03,XXXX-XXXX-5319,V**** V****
106,P1105,F,63,Senior Adult (51-65),mu************@yahoo.com,+91-XXXXX-XX27,XXXX-XXXX-4505,M**** S****
107,P1106,F,11,Youth (<18),sa*******@outlook.com,+91-XXXXX-XX10,XXXX-XXXX-4161,S**** N****
108,P1107,M,81,Senior (65+),an*********@yahoo.com,+91-XXXXX-XX48,XXXX-XXXX-2757,A**** J****
109,P1108,M,8,Youth (<18),is*****************@outlook.com,+91-XXXXX-XX77,XXXX-XXXX-1928,I**** U****
110,P1109,M,35,Young Adult (18-35),vi***************@outlook.com,+91-XXXXX-XX71,XXXX-XXXX-4473,V**** C****
111,P1110,F,35,Young Adult (18-35),ir******@rediffmail.com,+91-XXXXX-XX29,XXXX-XXXX-1884,I**** K****
112,P1111,F,33,Young Adult (18-35),kr************@yahoo.com,+91-XXXXX-XX00,XXXX-XXXX-0589,K**** S****
113,P1112,M,5,Youth (<18),sa*********@hotmail.com,+91-XXXXX-XX45,XXXX-XXXX-9125,S**** M****
114,P1113,F,41,Middle Aged (36-50),an**********@rediffmail.com,+91-XXXXX-XX66,XXXX-XXXX-8018,A**** P****
115,P1114,F,28,Young Adult (18-35),an**********@yahoo.com,+91-XXXXX-XX37,XXXX-XXXX-4249,A**** S****
116,P1115,F,7,Youth (<18),sa********@hotmail.com,+91-XXXXX-XX77,XXXX-XXXX-0109,S**** S****
117,P1116,F,73,Senior (65+),vi**********@yahoo.com,+91-XXXXX-XX66,XXXX-XXXX-4710,V**** G****
118,P1117,F,72,Senior (65+),aa**********@rediffmail.com,+91-XXXXX-XX74,XXXX-XXXX-2588,A**** P****
119,P1118,M,12,Youth (<18),vi**********@yahoo.com,+91-XXXXX-XX99,XXXX-XXXX-9632,V**** R****
120,P1119,F,34,Young Adult (18-35),ad**********@outlook.com,+91-XXXXX-XX39,XXXX-XXXX-1687,A**** J****
121,P1120,M,33,Young Adult (18-35),aa*********@hotmail.com,+91-XXXXX-XX75,XXXX-XXXX-1624,A**** G****
122,P1121,F,48,Middle Aged (36-50),ri********@rediffmail.com,+91-XXXXX-XX55,XXXX-XXXX-1687,R**** G****
123,P1122,M,23,Young Adult (18-35),an**********@hotmail.com,+91-XXXXX-XX58,XXXX-XXXX-9868,A**** V****
124,P1123,F,62,Senior Adult (51-65),sa*******@gmail.com,+91-XXXXX-XX10,XXXX-XXXX-5952,S**** K****
125,P1124,M,88,Senior (65+),my********@outlook.com,+91-XXXXX-XX17,XXXX-XXXX-5169,M**** V****
126,P1125,F,37,Middle Aged (36-50),re***********@gmail.com,+91-XXXXX-XX30,XXXX-XXXX-9623,R**** R****
127,P1126,M,44,Middle Aged (36-50),ir*******@gmail.com,+91-XXXXX-XX47,XXXX-XXXX-9702,I**** G****
128,P1127,F,86,Senior (65+),my*********@hotmail.com,+91-XXXXX-XX14,XXXX-XXXX-8549,M**** S****
129,P1128,M,35,Young Adult (18-35),di********@yahoo.com,+91-XXXXX-XX79,XXXX-XXXX-5844,D**** P****
130,P1129,F,65,Senior Adult (51-65),vi**********@hotmail.com,+91-XXXXX-XX92,XXXX-XXXX-4733,V**** J****
131,P1130,M,47,Middle Aged (36-50),sh************@hotmail.com,+91-XXXXX-XX16,XXXX-XXXX-3016,S**** S****
132,P1131,M,78,Senior (65+),sh**************@rediffmail.com,+91-XXXXX-XX23,XXXX-XXXX-4540,S**** B****
133,P1132,F,3,Youth (<18),is**************@hotmail.com,+91-XXXXX-XX76,XXXX-XXXX-4004,I**** B****
134,P1133,F,1,Youth (<18),sa**********@gmail.com,+91-XXXXX-XX45,XXXX-XXXX-3152,S**** B****
135,P1134,M,5,Youth (<18),ir*******@outlook.com,+91-XXXXX-XX87,XXXX-XXXX-8516,I**** V****
136,P1135,F,14,Youth (<18),sh**************@yahoo.com,+91-XXXXX-XX37,XXXX-XXXX-5499,S**** B****
137,P1136,M,27,Young Adult (18-35),aa**********@outlook.com,+91-XXXXX-XX90,XXXX-XXXX-4593,A**** V****
138,P1137,M,9,Youth (<18),ad*********@rediffmail.com,+91-XXXXX-XX24,XXXX-XXXX-9187,A**** I****
139,P1138,M,79,Senior (65+),sa**********@outlook.com,+91-XXXXX-XX55,XXXX-XXXX-2587,S**** M****
140,P1139,F,15,Youth (<18),aa***********@yahoo.com,+91-XXXXX-XX41,XXXX-XXXX-9087,A**** A****
141,P1140,M,42,Middle Aged (36-50),sh************@outlook.com,+91-XXXXX-XX75,XXXX-XXXX-8251,S**** S****
142,P1141,M,77,Senior (65+),sa**************@outlook.com,+91-XXXXX-XX34,XXXX-XXXX-1907,S**** U****
143,P1142,F,51,Senior Adult (51-65),sa**********@gmail.com,+91-XXXXX-XX30,XXXX-XXXX-8439,S**** N****
144,P1143,F,63,Senior Adult (51-65),ar********@hotmail.com,+91-XXXXX-XX70,XXXX-XXXX-8926,A**** N****
145,P1144,F,52,Senior Adult (51-65),aa**********@gmail.com,+91-XXXXX-XX62,XXXX-XXXX-2873,A**** M****
146,P1145,F,4,Youth (<18),an***********@yahoo.com,+91-XXXXX-XX31,XXXX-XXXX-4351,A**** P****
147,P1146,M,23,Young Adult (18-35),kr**********@outlook.com,+91-XXXXX-XX76,XXXX-XXXX-3983,K**** K****
148,P1147,M,15,Youth (<18),re************@outlook.com,+91-XXXXX-XX47,XXXX-XXXX-3854,R**** P****
149,P1148,M,43,Middle Aged (36-50),mu*****************@hotmail.com,+91-XXXXX-XX07,XXXX-XXXX-3556,M**** C****
150,P1149,M,29,Young Adult (18-35),is*********@yahoo.com,+91-XXXXX-XX86,XXXX-XXXX-5369,I**** N****
151,P1150,F,36,Middle Aged (36-50),an***********@hotmail.com,+91-XXXXX-XX98,XXXX-XXXX-7280,A**** A****
152,P1151,M,13,Youth (<18),kr************@gmail.com,+91-XXXXX-XX88,XXXX-XXXX-8750,K**** S****
153,P1152,M,32,Young Adult (18-35),di********@hotmail.com,+91-XXXXX-XX68,XXXX-XXXX-8484,D**** J****
154,P1153,F,71,Senior (65+),ir**********@rediffmail.com,+91-XXXXX-XX10,XXXX-XXXX-5461,I**** K****
155,P1154,M,59,Senior Adult (51-65),my*************@rediffmail.com,+91-XXXXX-XX92,XXXX-XXXX-8700,M**** C****
156,P1155,M,86,Senior (65+),di********@gmail.com,+91-XXXXX-XX41,XXXX-XXXX-7401,D**** N****
157,P1156,M,28,Young Adult (18-35),re***********@hotmail.com,+91-XXXXX-XX27,XXXX-XXXX-2939,R**** M****
158,P1157,M,66,Senior (65+),ar***********@hotmail.com,+91-XXXXX-XX33,XXXX-XXXX-1599,A**** A****
159,P1158,M,42,Middle Aged (36-50),mu************@outlook.com,+91-XXXXX-XX34,XXXX-XXXX-2961,M**** J****
160,P1159,M,45,Middle Aged (36-50),ar************@yahoo.com,+91-XXXXX-XX44,XXXX-XXXX-1047,A**** B****
161,P1160,F,62,Senior Adult (51-65),an**********@outlook.com,+91-XXXXX-XX14,XXXX-XXXX-1015,A**** J****
162,P1161,F,57,Senior Adult (51-65),kr*************@hotmail.com,+91-XXXXX-XX70,XXXX-XXXX-8262,K**** A****
163,P1162,M,6,Youth (<18),re***********@outlook.com,+91-XXXXX-XX01,XXXX-XXXX-1543,R**** R****
164,P1163,M,28,Young Adult (18-35),an*********@rediffmail.com,+91-XXXXX-XX91,XXXX-XXXX-5756,A**** N****
165,P1164,F,28,Young Adult (18-35),sa***********@yahoo.com,+91-XXXXX-XX86,XXXX-XXXX-7935,S**** K****
166,P1165,M,44,Middle Aged (36-50),ir*******@rediffmail.com,+91-XXXXX-XX18,XXXX-XXXX-3741,I**** S****
167,P1166,M,84,Senior (65+),kr**************@rediffmail.com,+91-XXXXX-XX97,XXXX-XXXX-9796,K**** B****
168,P1167,M,30,Young Adult (18-35),ri********@rediffmail.com,+91-XXXXX-XX18,XXXX-XXXX-9096,R**** M****
169,P1168,F,62,Senior Adult (51-65),my**********@rediffmail.com,+91-XXXXX-XX89,XXXX-XXXX-3756,M**** A****
170,P1169,M,75,Senior (65+),kr************@hotmail.com,+91-XXXXX-XX10,XXXX-XXXX-5457,K**** R****
171,P1170,F,89,Senior (65+),ad**********@rediffmail.com,+91-XXXXX-XX26,XXXX-XXXX-0512,A**** M****
172,P1171,M,62,Senior Adult (51-65),is**************@hotmail.com,+91-XXXXX-XX67,XXXX-XXXX-2660,I**** B****
173,P1172,F,1,Youth (<18),sa***********@yahoo.com,+91-XXXXX-XX00,XXXX-XXXX-1825,S**** B****
174,P1173,F,27,Young Adult (18-35),aa**********@rediffmail.com,+91-XXXXX-XX08,XXXX-XXXX-1557,A**** M****
175,P1174,M,62,Senior Adult (51-65),sh***********@outlook.com,+91-XXXXX-XX04,XXXX-XXXX-2866,S**** N****
176,P1175,F,77,Senior (65+),mu*************@hotmail.com,+91-XXXXX-XX34,XXXX-XXXX-2257,M**** M****
177,P1176,M,3,Youth (<18),ri********@outlook.com,+91-XXXXX-XX71,XXXX-XXXX-6772,R**** P****
178,P1177,F,70,Senior (65+),re***********@gmail.com,+91-XXXXX-XX52,XXXX-XXXX-7881,R**** P****
179,P1178,M,72,Senior (65+),ka*************@gmail.com,+91-XXXXX-XX65,XXXX-XXXX-3095,K**** U****
180,P1179,M,27,Young Adult (18-35),sa*******@hotmail.com,+91-XXXXX-XX16,XXXX-XXXX-0422,S**** N****
181,P1180,F,9,Youth (<18),an*********@outlook.com,+91-XXXXX-XX34,XXXX-XXXX-1168,A**** G****
182,P1181,M,62,Senior Adult (51-65),sh****************@outlook.com,+91-XXXXX-XX72,XXXX-XXXX-6363,S**** C****
183,P1182,M,37,Middle Aged (36-50),aa*******@outlook.com,+91-XXXXX-XX37,XXXX-XXXX-1701,A**** D****
184,P1183,F,51,Senior Adult (51-65),sh************@rediffmail.com,+91-XXXXX-XX03,XXXX-XXXX-1520,S**** P****
185,P1184,M,44,Middle Aged (36-50),sh************@outlook.com,+91-XXXXX-XX10,XXXX-XXXX-3870,S**** S****
186,P1185,M,24,Young Adult (18-35),ad*************@outlook.com,+91-XXXXX-XX29,XXXX-XXXX-5542,A**** K****
187,P1186,F,79,Senior (65+),sa*********@yahoo.com,+91-XXXXX-XX03,XXXX-XXXX-2697,S**** M****
188,P1187,F,59,Senior Adult (51-65),ad********@gmail.com,+91-XXXXX-XX66,XXXX-XXXX-4138,A**** D****
189,P1188,M,32,Young Adult (18-35),an************@hotmail.com,+91-XXXXX-XX91,XXXX-XXXX-4037,A**** A****
190,P1189,M,88,Senior (65+),ad**********@yahoo.com,+91-XXXXX-XX87,XXXX-XXXX-9658,A**** M****
191,P1190,F,52,Senior Adult (51-65),aa*********@rediffmail.com,+91-XXXXX-XX06,XXXX-XXXX-8486,A**** G****
192,P1191,F,62,Senior Adult (51-65),ad***********@rediffmail.com,+91-XXXXX-XX74,XXXX-XXXX-8328,A**** M****
193,P1192,M,58,Senior Adult (51-65),aa********@hotmail.com,+91-XXXXX-XX55,XXXX-XXXX-9904,A**** I****
194,P1193,F,52,Senior Adult (51-65),ir*****@yahoo.com,+91-XXXXX-XX09,XXXX-XXXX-2524,I**** D****
195,P1194,M,12,Youth (<18),an********@gmail.com,+91-XXXXX-XX55,XXXX-XXXX-7850,A**** D****
196,P1195,M,39,Middle Aged (36-50),ad********@hotmail.com,+91-XXXXX-XX49,XXXX-XXXX-0030,A**** D****
197,P1196,M,2,Youth (<18),sh***********@rediffmail.com,+91-XXXXX-XX35,XXXX-XXXX-4195,S**** P****
198,P1197,M,3,Youth (<18),kr**********@gmail.com,+91-XXXXX-XX29,XXXX-XXXX-1870,K**** N****
199,P1198,M,56,Senior Adult (51-65),ka**********@outlook.com,+91-XXXXX-XX65,XXXX-XXXX-3206,K**** N****
200,P1199,F,81,Senior (65+),ad***********@hotmail.com,+91-XXXXX-XX48,XXXX-XXXX-3670,A**** P****
201,P1200,F,59,Senior Adult (51-65),sa*************@outlook.com,+91-XXXXX-XX49,XXXX-XXXX-8261,S**** K****
202,P1201,F,2,Youth (<18),my********@gmail.com,+91-XXXXX-XX44,XXXX-XXXX-7431,M**** R****
203,P1202,F,2,Youth (<18),aa**********@hotmail.com,+91-XXXXX-XX11,XXXX-XXXX-5374,A**** M****
204,P1203,M,54,Senior Adult (51-65),aa*********@gmail.com,+91-XXXXX-XX21,XXXX-XXXX-5680,A**** N****
205,P1204,M,87,Senior (65+),sh************@outlook.com,+91-XXXXX-XX37,XXXX-XXXX-2100,S**** S****
206,P1205,M,1,Youth (<18),sa*******@yahoo.com,+91-XXXXX-XX81,XXXX-XXXX-7215,S**** N****
207,P1206,M,19,Young Adult (18-35),di***********@rediffmail.com,+91-XXXXX-XX32,XXXX-XXXX-5324,D**** B****
208,P1207,F,2,Youth (<18),sa*******@yahoo.com,+91-XXXXX-XX12,XXXX-XXXX-0146,S**** G****
209,P1208,M,53,Senior Adult (51-65),aa*********@yahoo.com,+91-XXXXX-XX64,XXXX-XXXX-9856,A**** J****
210,P1209,M,44,Middle Aged (36-50),ar**********@gmail.com,+91-XXXXX-XX02,XXXX-XXXX-3213,A**** M****
211,P1210,F,32,Young Adult (18-35),sa***********@outlook.com,+91-XXXXX-XX40,XXXX-XXXX-5590,S**** S****
212,P1211,F,70,Senior (65+),is************@outlook.com,+91-XXXXX-XX64,XXXX-XXXX-0393,I**** A****
213,P1212,F,32,Young Adult (18-35),sh***********@rediffmail.com,+91-XXXXX-XX59,XXXX-XXXX-2921,S**** J****
214,P1213,F,68,Senior (65+),sa********@outlook.com,+91-XXXXX-XX44,XXXX-XXXX-6752,S**** P****
215,P1214,M,55,Senior Adult (51-65),ri*********@hotmail.com,+91-XXXXX-XX30,XXXX-XXXX-9690,R**** M****
216,P1215,M,75,Senior (65+),ir*******@outlook.com,+91-XXXXX-XX88,XXXX-XXXX-5215,I**** N****
217,P1216,F,56,Senior Adult (51-65),ri*********@outlook.com,+91-XXXXX-XX60,XXXX-XXXX-6267,R**** S****
218,P1217,M,17,Youth (<18),kr**********@yahoo.com,+91-XXXXX-XX84,XXXX-XXXX-6296,K**** I****
219,P1218,M,38,Middle Aged (36-50),ir******@gmail.com,+91-XXXXX-XX38,XXXX-XXXX-1069,I**** I****
220,P1219,M,24,Young Adult (18-35),mu***********@rediffmail.com,+91-XXXXX-XX42,XXXX-XXXX-1032,M**** N****
221,P1220,F,69,Senior (65+),sh***********@gmail.com,+91-XXXXX-XX66,XXXX-XXXX-2565,S**** S****
222,P1221,M,70,Senior (65+),di*******@gmail.com,+91-XXXXX-XX80,XXXX-XXXX-1586,D**** N****
223,P1222,F,86,Senior (65+),mu************@hotmail.com,+91-XXXXX-XX06,XXXX-XXXX-1608,M**** V****
224,P1223,M,11,Youth (<18),sa******@hotmail.com,+91-XXXXX-XX74,XXXX-XXXX-1632,S**** D****
225,P1224,M,16,Youth (<18),aa**********@outlook.com,+91-XXXXX-XX07,XXXX-XXXX-0998,A**** G****
226,P1225,M,73,Senior (65+),mu************@rediffmail.com,+91-XXXXX-XX58,XXXX-XXXX-8564,M**** G****
227,P1226,F,59,Senior Adult (51-65),ka**************@rediffmail.com,+91-XXXXX-XX56,XXXX-XXXX-6530,K**** C****
228,P1227,M,70,Senior (65+),aa**********@outlook.com,+91-XXXXX-XX02,XXXX-XXXX-4754,A**** R****
229,P1228,F,80,Senior (65+),an********@hotmail.com,+91-XXXXX-XX12,XXXX-XXXX-2148,A**** I****
230,P1229,F,3,Youth (<18),ar*******@hotmail.com,+91-XXXXX-XX68,XXXX-XXXX-3457,A**** D****
231,P1230,F,20,Young Adult (18-35),ka*********@gmail.com,+91-XXXXX-XX54,XXXX-XXXX-5524,K**** M****
232,P1231,M,59,Senior Adult (51-65),ri******@gmail.com,+91-XXXXX-XX36,XXXX-XXXX-4680,R**** D****
233,P1232,M,36,Middle Aged (36-50),is*************@rediffmail.com,+91-XXXXX-XX16,XXXX-XXXX-6657,I**** K****
234,P1233,M,19,Young Adult (18-35),is************@rediffmail.com,+91-XXXXX-XX33,XXXX-XXXX-8994,I**** A****
235,P1234,M,67,Senior (65+),an*************@gmail.com,+91-XXXXX-XX12,XXXX-XXXX-8309,A**** B****
236,P1235,F,19,Young Adult (18-35),ar*********@outlook.com,+91-XXXXX-XX36,XXXX-XXXX-9935,A**** G****
237,P1236,F,20,Young Adult (18-35),my*************@outlook.com,+91-XXXXX-XX89,XXXX-XXXX-4717,M**** U****
238,P1237,F,71,Senior (65+),is**************@hotmail.com,+91-XXXXX-XX21,XXXX-XXXX-2235,I**** K****
239,P1238,M,52,Senior Adult (51-65),is***********@rediffmail.com,+91-XXXXX-XX50,XXXX-XXXX-7432,I**** M****
240,P1239,F,33,Young Adult (18-35),an**********@yahoo.com,+91-XXXXX-XX86,XXXX-XXXX-6008,A**** S****
241,P1240,M,40,Middle Aged (36-50),an*********@outlook.com,+91-XXXXX-XX16,XXXX-XXXX-2168,A**** G****
242,P1241,F,39,Middle Aged (36-50),aa***************@yahoo.com,+91-XXXXX-XX78,XXXX-XXXX-6257,A**** C****
243,P1242,M,82,Senior (65+),is**********@yahoo.com,+91-XXXXX-XX94,XXXX-XXXX-8215,I**** N****
244,P1243,M,1,Youth (<18),aa***************@gmail.com,+91-XXXXX-XX31,XXXX-XXXX-0167,A**** C****
245,P1244,F,11,Youth (<18),sa**********@hotmail.com,+91-XXXXX-XX84,XXXX-XXXX-9926,S**** S****
246,P1245,F,57,Senior Adult (51-65),ar**************@hotmail.com,+91-XXXXX-XX82,XXXX-XXXX-3564,A**** C****
247,P1246,F,89,Senior (65+),ir******@hotmail.com,+91-XXXXX-XX14,XXXX-XXXX-7218,I**** I****
248,P1247,F,50,Middle Aged (36-50),ar***********@gmail.com,+91-XXXXX-XX61,XXXX-XXXX-0455,A**** A****
249,P1248,M,23,Young Adult (18-35),sa**********@gmail.com,+91-XXXXX-XX45,XXXX-XXXX-4155,S**** G****
250,P1249,F,31,Young Adult (18-35),ka**********@rediffmail.com,+91-XXXXX-XX87,XXXX-XXXX-2169,K**** P****
251,P1250,F,42,Middle Aged (36-50),ar*********@hotmail.com,+91-XXXXX-XX41,XXXX-XXXX-1670,A**** S****
252,P1251,F,7,Youth (<18),aa**********@outlook.com,+91-XXXXX-XX12,XXXX-XXXX-1637,A**** P****
253,P1252,M,16,Youth (<18),aa************@rediffmail.com,+91-XXXXX-XX51,XXXX-XXXX-2175,A**** A****
254,P1253,M,60,Senior Adult (51-65),ad***********@gmail.com,+91-XXXXX-XX44,XXXX-XXXX-1994,A**** M****
255,P1254,F,2,Youth (<18),mu***********@yahoo.com,+91-XXXXX-XX08,XXXX-XXXX-7571,M**** K****
256,P1255,M,1,Youth (<18),aa****************@yahoo.com,+91-XXXXX-XX15,XXXX-XXXX-7261,A**** C****
257,P1256,F,48,Middle Aged (36-50),kr***********@yahoo.com,+91-XXXXX-XX16,XXXX-XXXX-9177,K**** M****
258,P1257,M,12,Youth (<18),is**************@hotmail.com,+91-XXXXX-XX77,XXXX-XXXX-2922,I**** B****
259,P1258,M,69,Senior (65+),di*********@hotmail.com,+91-XXXXX-XX17,XXXX-XXXX-7226,D**** P****
260,P1259,M,37,Middle Aged (36-50),re*************@hotmail.com,+91-XXXXX-XX80,XXXX-XXXX-5228,R**** P****
261,P1260,M,32,Young Adult (18-35),an***********@outlook.com,+91-XXXXX-XX67,XXXX-XXXX-6081,A**** M****
262,P1261,F,9,Youth (<18),sa*********@yahoo.com,+91-XXXXX-XX47,XXXX-XXXX-4380,S**** N****
263,P1262,F,19,Young Adult (18-35),vi**********@rediffmail.com,+91-XXXXX-XX19,XXXX-XXXX-6665,V**** G****
264,P1263,F,48,Middle Aged (36-50),ri*******@gmail.com,+91-XXXXX-XX43,XXXX-XXXX-3472,R**** D****
265,P1264,M,80,Senior (65+),an*********@yahoo.com,+91-XXXXX-XX90,XXXX-XXXX-2294,A**** G****
266,P1265,F,3,Youth (<18),aa********@rediffmail.com,+91-XXXXX-XX85,XXXX-XXXX-8515,A**** N****
267,P1266,F,20,Young Adult (18-35),ad*************@yahoo.com,+91-XXXXX-XX54,XXXX-XXXX-3355,A**** K****
268,P1267,F,24,Young Adult (18-35),sa*********@yahoo.com,+91-XXXXX-XX25,XXXX-XXXX-0561,S**** K****
269,P1268,M,54,Senior Adult (51-65),kr**************@hotmail.com,+91-XXXXX-XX69,XXXX-XXXX-3581,K**** K****
270,P1269,M,33,Young Adult (18-35),aa*********@hotmail.com,+91-XXXXX-XX68,XXXX-XXXX-1207,A**** V****
271,P1270,M,24,Young Adult (18-35),re**********@gmail.com,+91-XXXXX-XX75,XXXX-XXXX-6676,R**** N****
272,P1271,F,75,Senior (65+),mu*************@gmail.com,+91-XXXXX-XX13,XXXX-XXXX-5814,M**** P****
273,P1272,F,72,Senior (65+),sa************@hotmail.com,+91-XXXXX-XX50,XXXX-XXXX-2684,S**** C****
274,P1273,F,36,Middle Aged (36-50),ka************@outlook.com,+91-XXXXX-XX45,XXXX-XXXX-6881,K**** B****
275,P1274,M,38,Middle Aged (36-50),sa********@outlook.com,+91-XXXXX-XX88,XXXX-XXXX-1290,S**** G****
276,P1275,M,84,Senior (65+),an*********@hotmail.com,+91-XXXXX-XX27,XXXX-XXXX-2314,A**** I****
277,P1276,F,89,Senior (65+),ka**********@yahoo.com,+91-XXXXX-XX27,XXXX-XXXX-5562,K**** M****
278,P1277,M,25,Young Adult (18-35),sa********@yahoo.com,+91-XXXXX-XX90,XXXX-XXXX-5478,S**** M****
279,P1278,M,18,Young Adult (18-35),ad**********@hotmail.com,+91-XXXXX-XX71,XXXX-XXXX-0996,A**** N****
280,P1279,M,82,Senior (65+),ir*******@gmail.com,+91-XXXXX-XX43,XXXX-XXXX-2788,I**** R****
281,P1280,M,66,Senior (65+),an***********@outlook.com,+91-XXXXX-XX09,XXXX-XXXX-9927,A**** P****
282,P1281,F,54,Senior Adult (51-65),kr***********@yahoo.com,+91-XXXXX-XX70,XXXX-XXXX-6770,K**** J****
283,P1282,M,35,Young Adult (18-35),ka**************@outlook.com,+91-XXXXX-XX43,XXXX-XXXX-6591,K**** C****
284,P1283,M,80,Senior (65+),sa*********@rediffmail.com,+91-XXXXX-XX82,XXXX-XXXX-2723,S**** M****
285,P1284,M,61,Senior Adult (51-65),vi***********@outlook.com,+91-XXXXX-XX10,XXXX-XXXX-1777,V**** M****
286,P1285,M,41,Middle Aged (36-50),ri**********@yahoo.com,+91-XXXXX-XX54,XXXX-XXXX-0920,R**** A****
287,P1286,F,33,Young Adult (18-35),ad***********@yahoo.com,+91-XXXXX-XX34,XXXX-XXXX-7236,A**** M****
288,P1287,F,68,Senior (65+),is**************@hotmail.com,+91-XXXXX-XX06,XXXX-XXXX-3662,I**** K****
289,P1288,M,33,Young Adult (18-35),ri*******@yahoo.com,+91-XXXXX-XX50,XXXX-XXXX-8811,R**** K****
290,P1289,M,14,Youth (<18),re************@yahoo.com,+91-XXXXX-XX79,XXXX-XXXX-7659,R**** R****
291,P1290,M,21,Young Adult (18-35),ad***********@hotmail.com,+91-XXXXX-XX60,XXXX-XXXX-6430,A**** M****
292,P1291,M,48,Middle Aged (36-50),an*********@gmail.com,+91-XXXXX-XX39,XXXX-XXXX-6944,A**** V****
293,P1292,M,20,Young Adult (18-35),my********@hotmail.com,+91-XXXXX-XX75,XXXX-XXXX-5887,M**** G****
294,P1293,M,8,Youth (<18),ad**********@hotmail.com,+91-XXXXX-XX97,XXXX-XXXX-8658,A**** R****
295,P1294,F,7,Youth (<18),ir*******@gmail.com,+91-XXXXX-XX91,XXXX-XXXX-4351,I**** N****
296,P1295,M,67,Senior (65+),mu**************@rediffmail.com,+91-XXXXX-XX29,XXXX-XXXX-3843,M**** A****
297,P1296,F,17,Youth (<18),aa*********@hotmail.com,+91-XXXXX-XX21,XXXX-XXXX-6566,A**** J****
298,P1297,F,33,Young Adult (18-35),an********@hotmail.com,+91-XXXXX-XX70,XXXX-XXXX-4393,A**** K****
299,P1298,M,48,Middle Aged (36-50),an*************@hotmail.com,+91-XXXXX-XX52,XXXX-XXXX-5184,A**** K****
300,P1299,F,76,Senior (65+),aa***********@hotmail.com,+91-XXXXX-XX35,XXXX-XXXX-9071,A**** M****
301,P1300,F,59,Senior Adult (51-65),vi************@rediffmail.com,+91-XXXXX-XX75,XXXX-XXXX-3416,V**** A****
302,P1301,F,86,Senior (65+),re***********@outlook.com,+91-XXXXX-XX37,XXXX-XXXX-3733,R**** P****
303,P1302,F,22,Young Adult (18-35),ar************@outlook.com,+91-XXXXX-XX12,XXXX-XXXX-7908,A**** K****
304,P1303,F,30,Young Adult (18-35),ir******@rediffmail.com,+91-XXXXX-XX31,XXXX-XXXX-6392,I**** N****
305,P1304,F,38,Middle Aged (36-50),my*******@rediffmail.com,+91-XXXXX-XX64,XXXX-XXXX-7500,M**** K****
306,P1305,M,51,Senior Adult (51-65),sh**************@rediffmail.com,+91-XXXXX-XX59,XXXX-XXXX-7955,S**** K****
307,P1306,F,54,Senior Adult (51-65),sh***********@rediffmail.com,+91-XXXXX-XX17,XXXX-XXXX-9314,S**** V****
308,P1307,F,8,Youth (<18),aa*********@rediffmail.com,+91-XXXXX-XX78,XXXX-XXXX-8857,A**** I****
309,P1308,F,27,Young Adult (18-35),sa********@hotmail.com,+91-XXXXX-XX90,XXXX-XXXX-5455,S**** M****
310,P1309,M,27,Young Adult (18-35),an************@outlook.com,+91-XXXXX-XX26,XXXX-XXXX-2455,A**** A****
311,P1310,F,21,Young Adult (18-35),aa**********@rediffmail.com,+91-XXXXX-XX38,XXXX-XXXX-9961,A**** S****
312,P1311,M,30,Young Adult (18-35),an*********@outlook.com,+91-XXXXX-XX00,XXXX-XXXX-9876,A**** J****
313,P1312,F,28,Young Adult (18-35),sa********@gmail.com,+91-XXXXX-XX80,XXXX-XXXX-1780,S**** V****
314,P1313,M,64,Senior Adult (51-65),aa*********@rediffmail.com,+91-XXXXX-XX72,XXXX-XXXX-4722,A**** N****
315,P1314,M,69,Senior (65+),an**********@yahoo.com,+91-XXXXX-XX72,XXXX-XXXX-2829,A**** J****
316,P1315,F,61,Senior Adult (51-65),ka***********@hotmail.com,+91-XXXXX-XX84,XXXX-XXXX-4564,K**** A****
317,P1316,F,48,Middle Aged (36-50),aa*********@gmail.com,+91-XXXXX-XX34,XXXX-XXXX-4064,A**** K****
318,P1317,M,19,Young Adult (18-35),an***************@gmail.com,+91-XXXXX-XX46,XXXX-XXXX-3416,A**** C****
319,P1318,F,4,Youth (<18),sh***********@hotmail.com,+91-XXXXX-XX40,XXXX-XXXX-1797,S**** G****
320,P1319,M,35,Young Adult (18-35),ka**************@hotmail.com,+91-XXXXX-XX82,XXXX-XXXX-4427,K**** C****
321,P1320,M,64,Senior Adult (51-65),ar*********@yahoo.com,+91-XXXXX-XX87,XXXX-XXXX-7051,A**** G****
322,P1321,M,49,Middle Aged (36-50),an************@outlook.com,+91-XXXXX-XX33,XXXX-XXXX-3673,A**** K****
323,P1322,M,17,Youth (<18),kr***********@yahoo.com,+91-XXXXX-XX22,XXXX-XXXX-0881,K**** I****
324,P1323,M,44,Middle Aged (36-50),sh***********@outlook.com,+91-XXXXX-XX72,XXXX-XXXX-4916,S**** V****
325,P1324,F,30,Young Adult (18-35),sa***********@gmail.com,+91-XXXXX-XX93,XXXX-XXXX-9500,S**** N****
326,P1325,M,46,Middle Aged (36-50),an*************@yahoo.com,+91-XXXXX-XX04,XXXX-XXXX-6524,A**** B****
327,P1326,M,6,Youth (<18),an************@rediffmail.com,+91-XXXXX-XX72,XXXX-XXXX-4982,A**** K****
328,P1327,F,37,Middle Aged (36-50),an**********@yahoo.com,+91-XXXXX-XX97,XXXX-XXXX-0959,A**** J****
329,P1328,M,24,Young Adult (18-35),ad*********@gmail.com,+91-XXXXX-XX75,XXXX-XXXX-5118,A**** D****
330,P1329,F,46,Middle Aged (36-50),ar**********@gmail.com,+91-XXXXX-XX51,XXXX-XXXX-6789,A**** S****
331,P1330,F,53,Senior Adult (51-65),my**********@outlook.com,+91-XXXXX-XX37,XXXX-XXXX-0586,M**** A****
332,P1331,F,60,Senior Adult (51-65),aa**********@gmail.com,+91-XXXXX-XX93,XXXX-XXXX-3863,A**** N****
333,P1332,M,63,Senior Adult (51-65),ka*********@yahoo.com,+91-XXXXX-XX93,XXXX-XXXX-3983,K**** J****
334,P1333,M,85,Senior (65+),ka**********@hotmail.com,+91-XXXXX-XX26,XXXX-XXXX-8240,K**** S****
335,P1334,M,32,Young Adult (18-35),my*******@yahoo.com,+91-XXXXX-XX71,XXXX-XXXX-0752,M**** I****
336,P1335,F,87,Senior (65+),aa***********@outlook.com,+91-XXXXX-XX61,XXXX-XXXX-5727,A**** P****
337,P1336,M,33,Young Adult (18-35),ar********@hotmail.com,+91-XXXXX-XX32,XXXX-XXXX-6613,A**** I****
338,P1337,F,67,Senior (65+),vi***************@hotmail.com,+91-XXXXX-XX93,XXXX-XXXX-2583,V**** C****
339,P1338,M,18,Young Adult (18-35),aa*********@rediffmail.com,+91-XXXXX-XX09,XXXX-XXXX-2251,A**** N****
340,P1339,F,25,Young Adult (18-35),sh***********@gmail.com,+91-XXXXX-XX81,XXXX-XXXX-3769,S**** G****
341,P1340,M,54,Senior Adult (51-65),an**************@hotmail.com,+91-XXXXX-XX53,XXXX-XXXX-6553,A**** C****
342,P1341,M,58,Senior Adult (51-65),ri******@hotmail.com,+91-XXXXX-XX98,XXXX-XXXX-0335,R**** D****
343,P1342,M,67,Senior (65+),re***********@gmail.com,+91-XXXXX-XX29,XXXX-XXXX-4770,R**** N****
344,P1343,F,46,Middle Aged (36-50),ir*****@hotmail.com,+91-XXXXX-XX34,XXXX-XXXX-6980,I**** D****
345,P1344,F,24,Young Adult (18-35),aa*********@gmail.com,+91-XXXXX-XX49,XXXX-XXXX-5104,A**** R****
346,P1345,M,32,Young Adult (18-35),aa********@yahoo.com,+91-XXXXX-XX20,XXXX-XXXX-8780,A**** D****
347,P1346,M,47,Middle Aged (36-50),an**********@hotmail.com,+91-XXXXX-XX68,XXXX-XXXX-3840,A**** M****
348,P1347,F,86,Senior (65+),an*********@rediffmail.com,+91-XXXXX-XX87,XXXX-XXXX-8936,A**** K****
349,P1348,F,23,Young Adult (18-35),sh***********@yahoo.com,+91-XXXXX-XX36,XXXX-XXXX-8324,S**** N****
350,P1349,F,66,Senior (65+),my*******@hotmail.com,+91-XXXXX-XX17,XXXX-XXXX-2520,M**** N****
351,P1350,M,27,Young Adult (18-35),di********@rediffmail.com,+91-XXXXX-XX43,XXXX-XXXX-9499,D**** V****
352,P1351,F,2,Youth (<18),ar********@hotmail.com,+91-XXXXX-XX75,XXXX-XXXX-5267,A**** K****
353,P1352,M,17,Youth (<18),sa*******@yahoo.com,+91-XXXXX-XX48,XXXX-XXXX-1279,S**** G****
354,P1353,F,33,Young Adult (18-35),is**************@outlook.com,+91-XXXXX-XX30,XXXX-XXXX-9988,I**** K****
355,P1354,M,9,Youth (<18),ir********@gmail.com,+91-XXXXX-XX05,XXXX-XXXX-6803,I**** N****
356,P1355,F,43,Middle Aged (36-50),is*********@rediffmail.com,+91-XXXXX-XX64,XXXX-XXXX-2771,I**** I****
357,P1356,F,48,Middle Aged (36-50),an**********@gmail.com,+91-XXXXX-XX97,XXXX-XXXX-2793,A**** R****
358,P1357,F,39,Middle Aged (36-50),ad**********@outlook.com,+91-XXXXX-XX30,XXXX-XXXX-6892,A**** V****
359,P1358,F,42,Middle Aged (36-50),is*************@rediffmail.com,+91-XXXXX-XX47,XXXX-XXXX-6447,I**** B****
360,P1359,F,26,Young Adult (18-35),an**************@yahoo.com,+91-XXXXX-XX18,XXXX-XXXX-8097,A**** C****
361,P1360,M,50,Middle Aged (36-50),di********@hotmail.com,+91-XXXXX-XX88,XXXX-XXXX-4983,D**** V****
362,P1361,F,25,Young Adult (18-35),an*********@yahoo.com,+91-XXXXX-XX05,XXXX-XXXX-1016,A**** P****
363,P1362,F,24,Young Adult (18-35),ad**********@outlook.com,+91-XXXXX-XX67,XXXX-XXXX-1681,A**** G****
364,P1363,F,13,Youth (<18),sa*******@yahoo.com,+91-XXXXX-XX41,XXXX-XXXX-0198,S**** I****
365,P1364,M,60,Senior Adult (51-65),aa**********@hotmail.com,+91-XXXXX-XX14,XXXX-XXXX-9978,A**** G****
366,P1365,F,7,Youth (<18),an*******@rediffmail.com,+91-XXXXX-XX09,XXXX-XXXX-7139,A**** D****
367,P1366,M,57,Senior Adult (51-65),my********@gmail.com,+91-XXXXX-XX73,XXXX-XXXX-4885,M**** G****
368,P1367,F,36,Middle Aged (36-50),re*********@outlook.com,+91-XXXXX-XX27,XXXX-XXXX-7027,R**** D****
369,P1368,F,45,Middle Aged (36-50),my*********@rediffmail.com,+91-XXXXX-XX56,XXXX-XXXX-0395,M**** P****
370,P1369,M,20,Young Adult (18-35),my********@yahoo.com,+91-XXXXX-XX33,XXXX-XXXX-9145,M**** J****
371,P1370,F,65,Senior Adult (51-65),my*******@outlook.com,+91-XXXXX-XX13,XXXX-XXXX-2150,M**** N****
372,P1371,M,8,Youth (<18),di********@rediffmail.com,+91-XXXXX-XX58,XXXX-XXXX-5218,D**** J****
373,P1372,M,16,Youth (<18),ar********@yahoo.com,+91-XXXXX-XX74,XXXX-XXXX-5701,A**** N****
374,P1373,F,14,Youth (<18),sa********@outlook.com,+91-XXXXX-XX47,XXXX-XXXX-5714,S**** P****
375,P1374,M,76,Senior (65+),ad***********@outlook.com,+91-XXXXX-XX68,XXXX-XXXX-5424,A**** V****
376,P1375,F,87,Senior (65+),kr*************@yahoo.com,+91-XXXXX-XX09,XXXX-XXXX-0160,K**** S****
377,P1376,F,15,Youth (<18),kr**********@rediffmail.com,+91-XXXXX-XX01,XXXX-XXXX-8179,K**** I****
378,P1377,M,66,Senior (65+),sh**********@rediffmail.com,+91-XXXXX-XX79,XXXX-XXXX-5625,S**** N****
379,P1378,M,32,Young Adult (18-35),ad**********@rediffmail.com,+91-XXXXX-XX47,XXXX-XXXX-9928,A**** I****
380,P1379,M,87,Senior (65+),ka**********@gmail.com,+91-XXXXX-XX67,XXXX-XXXX-9382,K**** S****
381,P1380,M,63,Senior Adult (51-65),re**********@gmail.com,+91-XXXXX-XX03,XXXX-XXXX-1971,R**** K****
382,P1381,F,86,Senior (65+),vi**********@rediffmail.com,+91-XXXXX-XX84,XXXX-XXXX-9657,V**** M****
383,P1382,F,51,Senior Adult (51-65),an********@gmail.com,+91-XXXXX-XX61,XXXX-XXXX-6997,A**** I****
384,P1383,M,25,Young Adult (18-35),ar********@outlook.com,+91-XXXXX-XX31,XXXX-XXXX-6240,A**** N****
385,P1384,F,58,Senior Adult (51-65),ka********@gmail.com,+91-XXXXX-XX39,XXXX-XXXX-6566,K**** K****
386,P1385,F,63,Senior Adult (51-65),re*********@hotmail.com,+91-XXXXX-XX00,XXXX-XXXX-2422,R**** D****
387,P1386,F,62,Senior Adult (51-65),ri********@gmail.com,+91-XXXXX-XX01,XXXX-XXXX-6927,R**** G****
388,P1387,F,22,Young Adult (18-35),an**********@hotmail.com,+91-XXXXX-XX85,XXXX-XXXX-3846,A**** S****
389,P1388,M,58,Senior Adult (51-65),re**********@outlook.com,+91-XXXXX-XX69,XXXX-XXXX-8478,R**** D****
390,P1389,M,58,Senior Adult (51-65),mu******************@hotmail.com,+91-XXXXX-XX07,XXXX-XXXX-8077,M**** C****
391,P1390,F,86,Senior (65+),aa*********@hotmail.com,+91-XXXXX-XX05,XXXX-XXXX-4079,A**** M****
392,P1391,M,49,Middle Aged (36-50),aa************@gmail.com,+91-XXXXX-XX31,XXXX-XXXX-4429,A**** M****
393,P1392,M,52,Senior Adult (51-65),ri*******@outlook.com,+91-XXXXX-XX07,XXXX-XXXX-4372,R**** I****
394,P1393,M,42,Middle Aged (36-50),is**********@gmail.com,+91-XXXXX-XX78,XXXX-XXXX-2395,I**** R****
395,P1394,F,70,Senior (65+),sa******@outlook.com,+91-XXXXX-XX58,XXXX-XXXX-6674,S**** D****
396,P1395,F,15,Youth (<18),ri*******@rediffmail.com,+91-XXXXX-XX82,XXXX-XXXX-6945,R**** I****
397,P1396,F,54,Senior Adult (51-65),vi***********@gmail.com,+91-XXXXX-XX47,XXXX-XXXX-2580,V**** M****
398,P1397,M,60,Senior Adult (51-65),is**********@gmail.com,+91-XXXXX-XX05,XXXX-XXXX-3009,I**** P****
399,P1398,F,8,Youth (<18),kr**********@hotmail.com,+91-XXXXX-XX14,XXXX-XXXX-1244,K**** K****
400,P1399,F,53,Senior Adult (51-65),an*********@gmail.com,+91-XXXXX-XX85,XXXX-XXXX-6504,A**** D****
401,P1400,M,60,Senior Adult (51-65),sh**************@rediffmail.com,+91-XXXXX-XX41,XXXX-XXXX-6391,S**** A****
402,P1401,F,5,Youth (<18),sa*******@outlook.com,+91-XXXXX-XX02,XXXX-XXXX-0064,S**** M****
403,P1402,F,68,Senior (65+),ri*******@outlook.com,+91-XXXXX-XX75,XXXX-XXXX-3067,R**** K****
404,P1403,M,6,Youth (<18),my*********@hotmail.com,+91-XXXXX-XX66,XXXX-XXXX-7432,M**** G****
405,P1404,M,47,Middle Aged (36-50),mu***************@rediffmail.com,+91-XXXXX-XX85,XXXX-XXXX-0309,M**** K****
406,P1405,M,55,Senior Adult (51-65),ad**********@rediffmail.com,+91-XXXXX-XX00,XXXX-XXXX-0506,A**** R****
407,P1406,F,40,Middle Aged (36-50),ka*********@hotmail.com,+91-XXXXX-XX16,XXXX-XXXX-0790,K**** V****
408,P1407,F,52,Senior Adult (51-65),sh**************@yahoo.com,+91-XXXXX-XX62,XXXX-XXXX-1179,S**** K****
409,P1408,F,16,Youth (<18),di**********@gmail.com,+91-XXXXX-XX62,XXXX-XXXX-0219,D**** m****
410,P1409,M,13,Youth (<18),aa**********@hotmail.com,+91-XXXXX-XX69,XXXX-XXXX-1456,A**** S****
411,P1410,M,30,Young Adult (18-35),sa********@yahoo.com,+91-XXXXX-XX57,XXXX-XXXX-3403,S**** P****
412,P1411,F,19,Young Adult (18-35),vi**********@yahoo.com,+91-XXXXX-XX92,XXXX-XXXX-4597,V**** G****
413,P1412,F,17,Youth (<18),ri*******@gmail.com,+91-XXXXX-XX83,XXXX-XXXX-9563,R**** I****
414,P1413,M,63,Senior Adult (51-65),sh***********@rediffmail.com,+91-XXXXX-XX74,XXXX-XXXX-5435,S**** M****
415,P1414,M,19,Young Adult (18-35),mu************@hotmail.com,+91-XXXXX-XX20,XXXX-XXXX-4929,M**** S****
416,P1415,M,58,Senior Adult (51-65),aa*************@hotmail.com,+91-XXXXX-XX05,XXXX-XXXX-0633,A**** B****
417,P1416,M,55,Senior Adult (51-65),re**********@hotmail.com,+91-XXXXX-XX49,XXXX-XXXX-0686,R**** I****
418,P1417,F,62,Senior Adult (51-65),re****************@gmail.com,+91-XXXXX-XX67,XXXX-XXXX-4310,R**** C****
419,P1418,M,23,Young Adult (18-35),di*******@outlook.com,+91-XXXXX-XX44,XXXX-XXXX-2570,D**** K****
420,P1419,F,9,Youth (<18),kr***********@rediffmail.com,+91-XXXXX-XX66,XXXX-XXXX-1950,K**** I****
421,P1420,F,12,Youth (<18),di*********@outlook.com,+91-XXXXX-XX20,XXXX-XXXX-8183,D**** P****
422,P1421,F,1,Youth (<18),ir*******@yahoo.com,+91-XXXXX-XX73,XXXX-XXXX-6401,I**** N****
423,P1422,M,58,Senior Adult (51-65),sh***********@rediffmail.com,+91-XXXXX-XX40,XXXX-XXXX-5137,S**** G****
424,P1423,M,1,Youth (<18),ad**********@rediffmail.com,+91-XXXXX-XX08,XXXX-XXXX-3804,A**** G****
425,P1424,M,34,Young Adult (18-35),an*********@hotmail.com,+91-XXXXX-XX30,XXXX-XXXX-3856,A**** N****
426,P1425,M,48,Middle Aged (36-50),aa*********@outlook.com,+91-XXXXX-XX01,XXXX-XXXX-2437,A**** G****
427,P1426,F,89,Senior (65+),sh**********@gmail.com,+91-XXXXX-XX79,XXXX-XXXX-2223,S**** I****
428,P1427,M,1,Youth (<18),ir**********@outlook.com,+91-XXXXX-XX75,XXXX-XXXX-2578,I**** B****
429,P1428,M,16,Youth (<18),is***********@outlook.com,+91-XXXXX-XX37,XXXX-XXXX-8547,I**** M****
430,P1429,F,61,Senior Adult (51-65),aa***********@hotmail.com,+91-XXXXX-XX83,XXXX-XXXX-1406,A**** P****
431,P1430,M,64,Senior Adult (51-65),an***********@yahoo.com,+91-XXXXX-XX02,XXXX-XXXX-4301,A**** S****
432,P1431,F,63,Senior Adult (51-65),is**********@rediffmail.com,+91-XXXXX-XX64,XXXX-XXXX-5626,I**** P****
433,P1432,F,69,Senior (65+),sa************@outlook.com,+91-XXXXX-XX07,XXXX-XXXX-6742,S**** C****
434,P1433,F,22,Young Adult (18-35),re***********@rediffmail.com,+91-XXXXX-XX79,XXXX-XXXX-5196,R**** N****
435,P1434,F,67,Senior (65+),ka*********@rediffmail.com,+91-XXXXX-XX36,XXXX-XXXX-4870,K**** R****
436,P1435,F,76,Senior (65+),ad************@hotmail.com,+91-XXXXX-XX54,XXXX-XXXX-7146,A**** P****
437,P1436,F,26,Young Adult (18-35),my********@yahoo.com,+91-XXXXX-XX91,XXXX-XXXX-6471,M**** R****
438,P1437,F,16,Youth (<18),kr***********@hotmail.com,+91-XXXXX-XX34,XXXX-XXXX-2045,K**** J****
439,P1438,F,51,Senior Adult (51-65),re**************@outlook.com,+91-XXXXX-XX27,XXXX-XXXX-2855,R**** B****
440,P1439,M,86,Senior (65+),ad*********@outlook.com,+91-XXXXX-XX86,XXXX-XXXX-8457,A**** K****
441,P1440,M,57,Senior Adult (51-65),re*****************@yahoo.com,+91-XXXXX-XX07,XXXX-XXXX-8167,R**** C****
442,P1441,M,29,Young Adult (18-35),ar********@yahoo.com,+91-XXXXX-XX82,XXXX-XXXX-2401,A**** K****
443,P1442,M,78,Senior (65+),aa*********@yahoo.com,+91-XXXXX-XX48,XXXX-XXXX-7603,A**** N****
444,P1443,F,69,Senior (65+),sa********@hotmail.com,+91-XXXXX-XX35,XXXX-XXXX-9393,S**** N****
445,P1444,M,47,Middle Aged (36-50),sa*******@outlook.com,+91-XXXXX-XX48,XXXX-XXXX-3891,S**** G****
446,P1445,F,62,Senior Adult (51-65),di*********@hotmail.com,+91-XXXXX-XX78,XXXX-XXXX-8759,D**** N****
447,P1446,M,69,Senior (65+),is***********@gmail.com,+91-XXXXX-XX62,XXXX-XXXX-5171,I**** P****
448,P1447,M,76,Senior (65+),an***********@rediffmail.com,+91-XXXXX-XX57,XXXX-XXXX-4794,A**** M****
449,P1448,M,16,Youth (<18),di*********@rediffmail.com,+91-XXXXX-XX62,XXXX-XXXX-0716,D**** J****
450,P1449,F,48,Middle Aged (36-50),di*********@gmail.com,+91-XXXXX-XX47,XXXX-XXXX-5396,D**** S****
451,P1450,M,85,Senior (65+),ri*******@rediffmail.com,+91-XXXXX-XX78,XXXX-XXXX-7842,R**** K****
452,P1451,F,39,Middle Aged (36-50),ar********@gmail.com,+91-XXXXX-XX06,XXXX-XXXX-0269,A**** I****
453,P1452,F,33,Young Adult (18-35),aa***********@yahoo.com,+91-XXXXX-XX21,XXXX-XXXX-7784,A**** N****
454,P1453,M,23,Young Adult (18-35),di*******@hotmail.com,+91-XXXXX-XX73,XXXX-XXXX-7002,D**** I****
455,P1454,M,10,Youth (<18),vi**********@outlook.com,+91-XXXXX-XX11,XXXX-XXXX-8897,V**** G****
456,P1455,M,69,Senior (65+),ir******@yahoo.com,+91-XXXXX-XX55,XXXX-XXXX-0090,I**** I****
457,P1456,F,34,Young Adult (18-35),ar*********@outlook.com,+91-XXXXX-XX70,XXXX-XXXX-6503,A**** V****
458,P1457,M,52,Senior Adult (51-65),ar**********@outlook.com,+91-XXXXX-XX98,XXXX-XXXX-0769,A**** M****
459,P1458,F,10,Youth (<18),vi*********@outlook.com,+91-XXXXX-XX21,XXXX-XXXX-9171,V**** K****
460,P1459,F,19,Young Adult (18-35),kr************@yahoo.com,+91-XXXXX-XX73,XXXX-XXXX-7183,K**** J****
461,P1460,M,58,Senior Adult (51-65),ka***********@gmail.com,+91-XXXXX-XX55,XXXX-XXXX-4198,K**** P****
462,P1461,M,1,Youth (<18),re************@yahoo.com,+91-XXXXX-XX60,XXXX-XXXX-6649,R**** V****
463,P1462,F,69,Senior (65+),re**************@hotmail.com,+91-XXXXX-XX63,XXXX-XXXX-9690,R**** K****
464,P1463,F,4,Youth (<18),vi**********@outlook.com,+91-XXXXX-XX80,XXXX-XXXX-6442,V**** G****
465,P1464,F,16,Youth (<18),sa******@hotmail.com,+91-XXXXX-XX38,XXXX-XXXX-7866,S**** I****
466,P1465,M,24,Young Adult (18-35),vi***************@yahoo.com,+91-XXXXX-XX40,XXXX-XXXX-0015,V**** C****
467,P1466,F,80,Senior (65+),ad**********@gmail.com,+91-XXXXX-XX48,XXXX-XXXX-8984,A**** R****
468,P1467,M,2,Youth (<18),is***********@yahoo.com,+91-XXXXX-XX88,XXXX-XXXX-1234,I**** S****
469,P1468,F,32,Young Adult (18-35),mu************@outlook.com,+91-XXXXX-XX16,XXXX-XXXX-4257,M**** N****
470,P1469,F,84,Senior (65+),aa***********@outlook.com,+91-XXXXX-XX77,XXXX-XXXX-5183,A**** R****
471,P1470,M,24,Young Adult (18-35),my************@rediffmail.com,+91-XXXXX-XX72,XXXX-XXXX-9857,M**** K****
472,P1471,F,12,Youth (<18),an*********@gmail.com,+91-XXXXX-XX16,XXXX-XXXX-1123,A**** I****
473,P1472,M,50,Middle Aged (36-50),ad**********@yahoo.com,+91-XXXXX-XX77,XXXX-XXXX-4316,A**** S****
474,P1473,M,35,Young Adult (18-35),vi**********@rediffmail.com,+91-XXXXX-XX07,XXXX-XXXX-7342,V**** S****
475,P1474,F,33,Young Adult (18-35),sh*************@hotmail.com,+91-XXXXX-XX87,XXXX-XXXX-8677,S**** S****
476,P1475,M,33,Young Adult (18-35),sa*************@yahoo.com,+91-XXXXX-XX43,XXXX-XXXX-3436,S**** B****
477,P1476,M,61,Senior Adult (51-65),vi**********@yahoo.com,+91-XXXXX-XX14,XXXX-XXXX-1072,V**** M****
478,P1477,F,51,Senior Adult (51-65),ka**********@rediffmail.com,+91-XXXXX-XX42,XXXX-XXXX-0537,K**** M****
479,P1478,M,43,Middle Aged (36-50),my***********@hotmail.com,+91-XXXXX-XX15,XXXX-XXXX-8092,M**** K****
480,P1479,M,12,Youth (<18),sh************@hotmail.com,+91-XXXXX-XX44,XXXX-XXXX-1502,S**** P****
481,P1480,M,67,Senior (65+),di********@outlook.com,+91-XXXXX-XX50,XXXX-XXXX-5728,D**** S****
482,P1481,F,65,Senior Adult (51-65),ir*******@rediffmail.com,+91-XXXXX-XX61,XXXX-XXXX-7617,I**** K****
483,P1482,M,33,Young Adult (18-35),sa**********@outlook.com,+91-XXXXX-XX43,XXXX-XXXX-2284,S**** S****
484,P1483,F,40,Middle Aged (36-50),ar********@hotmail.com,+91-XXXXX-XX37,XXXX-XXXX-1504,A**** D****
485,P1484,F,74,Senior (65+),ka**********@gmail.com,+91-XXXXX-XX78,XXXX-XXXX-7490,K**** M****
486,P1485,M,43,Middle Aged (36-50),sa******@hotmail.com,+91-XXXXX-XX27,XXXX-XXXX-8961,S**** N****
487,P1486,M,44,Middle Aged (36-50),vi**********@yahoo.com,+91-XXXXX-XX97,XXXX-XXXX-2147,V**** S****
488,P1487,M,29,Young Adult (18-35),ir***********@outlook.com,+91-XXXXX-XX35,XXXX-XXXX-4996,I**** B****
489,P1488,F,13,Youth (<18),ad**********@rediffmail.com,+91-XXXXX-XX17,XXXX-XXXX-3278,A**** V****
490,P1489,M,12,Youth (<18),is**********@hotmail.com,+91-XXXXX-XX94,XXXX-XXXX-3864,I**** M****
491,P1490,M,46,Middle Aged (36-50),is**********@hotmail.com,+91-XXXXX-XX85,XXXX-XXXX-4549,I**** G****
492,P1491,M,2,Youth (<18),sh**********@hotmail.com,+91-XXXXX-XX96,XXXX-XXXX-5977,S**** K****
493,P1492,M,35,Young Adult (18-35),my***********@outlook.com,+91-XXXXX-XX32,XXXX-XXXX-8006,M**** A****
494,P1493,M,87,Senior (65+),sh************@yahoo.com,+91-XXXXX-XX79,XXXX-XXXX-4122,S**** P****
495,P1494,F,81,Senior (65+),kr****************@gmail.com,+91-XXXXX-XX40,XXXX-XXXX-3147,K**** C****
496,P1495,F,8,Youth (<18),ar********@rediffmail.com,+91-XXXXX-XX07,XXXX-XXXX-3349,A**** N****
497,P1496,M,26,Young Adult (18-35),sh************@outlook.com,+91-XXXXX-XX12,XXXX-XXXX-7678,S**** V****
498,P1497,M,74,Senior (65+),is**********@hotmail.com,+91-XXXXX-XX37,XXXX-XXXX-4671,I**** N****
499,P1498,M,34,Young Adult (18-35),ri*********@outlook.com,+91-XXXXX-XX28,XXXX-XXXX-3839,R**** S****
500,P1499,M,7,Youth (<18),my********@hotmail.com,+91-XXXXX-XX36,XXXX-XXXX-4172,M**** G****
501,P1500,F,68,Senior (65+),an***********@yahoo.com,+91-XXXXX-XX50,XXXX-XXXX-5452,A**** S****
502,P1501,M,58,Senior Adult (51-65),sa*******@hotmail.com,+91-XXXXX-XX92,XXXX-XXXX-3745,S**** J****
503,P1502,F,75,Senior (65+),vi***********@gmail.com,+91-XXXXX-XX42,XXXX-XXXX-9918,V**** P****
504,P1503,F,29,Young Adult (18-35),ri********@gmail.com,+91-XXXXX-XX19,XXXX-XXXX-1255,R**** V****
505,P1504,M,36,Middle Aged (36-50),ri********@yahoo.com,+91-XXXXX-XX87,XXXX-XXXX-4565,R**** G****
506,P1505,F,89,Senior (65+),my********@yahoo.com,+91-XXXXX-XX62,XXXX-XXXX-8507,M**** M****
507,P1506,F,21,Young Adult (18-35),di********@gmail.com,+91-XXXXX-XX15,XXXX-XXXX-2908,D**** G****
508,P1507,F,36,Middle Aged (36-50),an**********@rediffmail.com,+91-XXXXX-XX32,XXXX-XXXX-7389,A**** K****
509,P1508,F,10,Youth (<18),sh***********@rediffmail.com,+91-XXXXX-XX78,XXXX-XXXX-2884,S**** R****
510,P1509,M,73,Senior (65+),an*************@hotmail.com,+91-XXXXX-XX24,XXXX-XXXX-4681,A**** B****
511,P1510,M,24,Young Adult (18-35),di*************@outlook.com,+91-XXXXX-XX87,XXXX-XXXX-0753,D**** C****
512,P1511,F,64,Senior Adult (51-65),is**********@hotmail.com,+91-XXXXX-XX36,XXXX-XXXX-5893,I**** J****
513,P1512,M,49,Middle Aged (36-50),re***********@gmail.com,+91-XXXXX-XX82,XXXX-XXXX-3715,R**** N****
514,P1513,M,36,Middle Aged (36-50),my************@rediffmail.com,+91-XXXXX-XX61,XXXX-XXXX-8277,M**** K****
515,P1514,M,82,Senior (65+),ad*************@hotmail.com,+91-XXXXX-XX42,XXXX-XXXX-9611,A**** K****
516,P1515,M,24,Young Adult (18-35),is**********@outlook.com,+91-XXXXX-XX67,XXXX-XXXX-0229,I**** I****
517,P1516,M,23,Young Adult (18-35),re***************@outlook.com,+91-XXXXX-XX31,XXXX-XXXX-6794,R**** B****
518,P1517,F,62,Senior Adult (51-65),ar**********@outlook.com,+91-XXXXX-XX91,XXXX-XXXX-5199,A**** V****
519,P1518,M,37,Middle Aged (36-50),ir**********@yahoo.com,+91-XXXXX-XX01,XXXX-XXXX-4818,I**** K****
520,P1519,M,12,Youth (<18),ad**********@hotmail.com,+91-XXXXX-XX41,XXXX-XXXX-0433,A**** V****
521,P1520,M,55,Senior Adult (51-65),ir******@hotmail.com,+91-XXXXX-XX36,XXXX-XXXX-5626,I**** K****
522,P1521,M,13,Youth (<18),kr***********@hotmail.com,+91-XXXXX-XX68,XXXX-XXXX-2412,K**** V****
523,P1522,F,23,Young Adult (18-35),re***********@yahoo.com,+91-XXXXX-XX64,XXXX-XXXX-2654,R**** S****
524,P1523,F,89,Senior (65+),kr***********@gmail.com,+91-XXXXX-XX60,XXXX-XXXX-1405,K**** V****
525,P1524,F,30,Young Adult (18-35),ka************@rediffmail.com,+91-XXXXX-XX01,XXXX-XXXX-3824,K**** B****
526,P1525,F,17,Youth (<18),ka**********@rediffmail.com,+91-XXXXX-XX73,XXXX-XXXX-6870,K**** G****
527,P1526,M,62,Senior Adult (51-65),sa**********@rediffmail.com,+91-XXXXX-XX99,XXXX-XXXX-5398,S**** S****
528,P1527,F,84,Senior (65+),an**********@yahoo.com,+91-XXXXX-XX73,XXXX-XXXX-9855,A**** M****
529,P1528,M,89,Senior (65+),di*********@rediffmail.com,+91-XXXXX-XX87,XXXX-XXXX-0970,D**** S****
530,P1529,M,86,Senior (65+),ka*********@yahoo.com,+91-XXXXX-XX64,XXXX-XXXX-1569,K**** S****
531,P1530,M,13,Youth (<18),ri********@yahoo.com,+91-XXXXX-XX79,XXXX-XXXX-5319,R**** P****
532,P1531,M,59,Senior Adult (51-65),re************@yahoo.com,+91-XXXXX-XX17,XXXX-XXXX-6149,R**** S****
533,P1532,M,19,Young Adult (18-35),di***********@yahoo.com,+91-XXXXX-XX05,XXXX-XXXX-2493,D**** B****
534,P1533,F,49,Middle Aged (36-50),ad***********@outlook.com,+91-XXXXX-XX04,XXXX-XXXX-0566,A**** V****
535,P1534,F,12,Youth (<18),an***********@hotmail.com,+91-XXXXX-XX01,XXXX-XXXX-7506,A**** P****
536,P1535,F,61,Senior Adult (51-65),ar**********@gmail.com,+91-XXXXX-XX63,XXXX-XXXX-1107,A**** P****
537,P1536,F,19,Young Adult (18-35),ri*******@gmail.com,+91-XXXXX-XX23,XXXX-XXXX-3199,R**** N****
538,P1537,M,76,Senior (65+),re************@gmail.com,+91-XXXXX-XX56,XXXX-XXXX-0704,R**** J****
539,P1538,F,9,Youth (<18),ad***********@rediffmail.com,+91-XXXXX-XX34,XXXX-XXXX-6399,A**** M****
540,P1539,M,71,Senior (65+),an********@rediffmail.com,+91-XXXXX-XX68,XXXX-XXXX-5931,A**** N****
541,P1540,F,28,Young Adult (18-35),ka********@hotmail.com,+91-XXXXX-XX29,XXXX-XXXX-9723,K**** K****
542,P1541,M,78,Senior (65+),sa***********@gmail.com,+91-XXXXX-XX67,XXXX-XXXX-2274,S**** B****
543,P1542,M,52,Senior Adult (51-65),sa**********@outlook.com,+91-XXXXX-XX10,XXXX-XXXX-6533,S**** K****
544,P1543,F,83,Senior (65+),sa***********@gmail.com,+91-XXXXX-XX71,XXXX-XXXX-5636,S**** N****
545,P1544,M,16,Youth (<18),vi**********@gmail.com,+91-XXXXX-XX58,XXXX-XXXX-3950,V**** N****
546,P1545,M,69,Senior (65+),sa**********@yahoo.com,+91-XXXXX-XX02,XXXX-XXXX-0241,S**** R****
547,P1546,F,12,Youth (<18),aa*************@yahoo.com,+91-XXXXX-XX42,XXXX-XXXX-2896,A**** K****
548,P1547,M,25,Young Adult (18-35),an*********@gmail.com,+91-XXXXX-XX19,XXXX-XXXX-3099,A**** I****
549,P1548,F,52,Senior Adult (51-65),sa*********@hotmail.com,+91-XXXXX-XX39,XXXX-XXXX-7317,S**** N****
550,P1549,F,85,Senior (65+),vi*************@gmail.com,+91-XXXXX-XX14,XXXX-XXXX-5877,V**** B****
551,P1550,F,53,Senior Adult (51-65),ir*********@hotmail.com,+91-XXXXX-XX66,XXXX-XXXX-3466,I**** A****
552,P1551,M,23,Young Adult (18-35),ar***********@outlook.com,+91-XXXXX-XX86,XXXX-XXXX-9078,A**** A****
553,P1552,M,16,Youth (<18),an**********@rediffmail.com,+91-XXXXX-XX48,XXXX-XXXX-2734,A**** P****
554,P1553,M,57,Senior Adult (51-65),an********@outlook.com,+91-XXXXX-XX01,XXXX-XXXX-1508,A**** K****
555,P1554,F,39,Middle Aged (36-50),di**********@yahoo.com,+91-XXXXX-XX47,XXXX-XXXX-4456,D**** M****
556,P1555,M,53,Senior Adult (51-65),sa**********@hotmail.com,+91-XXXXX-XX27,XXXX-XXXX-8987,S**** J****
557,P1556,F,42,Middle Aged (36-50),my********@rediffmail.com,+91-XXXXX-XX43,XXXX-XXXX-8052,M**** G****
558,P1557,F,58,Senior Adult (51-65),an************@yahoo.com,+91-XXXXX-XX55,XXXX-XXXX-8459,A**** K****
559,P1558,M,39,Middle Aged (36-50),di********@gmail.com,+91-XXXXX-XX10,XXXX-XXXX-6186,D**** J****
560,P1559,F,14,Youth (<18),ad*********@gmail.com,+91-XXXXX-XX82,XXXX-XXXX-9702,A**** K****
561,P1560,M,5,Youth (<18),mu*************@rediffmail.com,+91-XXXXX-XX69,XXXX-XXXX-0256,M**** J****
562,P1561,M,35,Young Adult (18-35),ad*********@gmail.com,+91-XXXXX-XX47,XXXX-XXXX-6729,A**** N****
563,P1562,M,87,Senior (65+),di***********@hotmail.com,+91-XXXXX-XX40,XXXX-XXXX-9385,D**** K****
564,P1563,M,75,Senior (65+),aa***********@rediffmail.com,+91-XXXXX-XX36,XXXX-XXXX-2632,A**** P****
565,P1564,M,18,Young Adult (18-35),sa***************@rediffmail.com,+91-XXXXX-XX88,XXXX-XXXX-8413,S**** C****
566,P1565,F,76,Senior (65+),vi**********@hotmail.com,+91-XXXXX-XX44,XXXX-XXXX-3807,V**** N****
567,P1566,F,9,Youth (<18),vi***********@rediffmail.com,+91-XXXXX-XX57,XXXX-XXXX-5777,V**** S****
568,P1567,F,74,Senior (65+),sa********@hotmail.com,+91-XXXXX-XX39,XXXX-XXXX-1241,S**** M****
569,P1568,M,58,Senior Adult (51-65),sh**********@rediffmail.com,+91-XXXXX-XX81,XXXX-XXXX-8370,S**** I****
570,P1569,M,17,Youth (<18),mu***********@hotmail.com,+91-XXXXX-XX99,XXXX-XXXX-3533,M**** N****
571,P1570,M,7,Youth (<18),an**********@rediffmail.com,+91-XXXXX-XX40,XXXX-XXXX-6815,A**** R****
572,P1571,F,46,Middle Aged (36-50),di********@yahoo.com,+91-XXXXX-XX93,XXXX-XXXX-2065,D**** J****
573,P1572,M,13,Youth (<18),sa************@yahoo.com,+91-XXXXX-XX89,XXXX-XXXX-4971,S**** B****
574,P1573,F,40,Middle Aged (36-50),is**********@hotmail.com,+91-XXXXX-XX77,XXXX-XXXX-7150,I**** S****
575,P1574,F,42,Middle Aged (36-50),sh************@rediffmail.com,+91-XXXXX-XX42,XXXX-XXXX-4363,S**** M****
576,P1575,M,9,Youth (<18),an***********@gmail.com,+91-XXXXX-XX80,XXXX-XXXX-9752,A**** M****
577,P1576,M,50,Middle Aged (36-50),ir********@gmail.com,+91-XXXXX-XX45,XXXX-XXXX-0339,I**** N****
578,P1577,F,27,Young Adult (18-35),sh************@outlook.com,+91-XXXXX-XX89,XXXX-XXXX-2129,S**** J****
579,P1578,M,66,Senior (65+),sh***********@yahoo.com,+91-XXXXX-XX67,XXXX-XXXX-2934,S**** S****
580,P1579,F,5,Youth (<18),ka********@rediffmail.com,+91-XXXXX-XX93,XXXX-XXXX-6896,K**** N****
581,P1580,M,29,Young Adult (18-35),kr***********@rediffmail.com,+91-XXXXX-XX57,XXXX-XXXX-2467,K**** I****
582,P1581,M,37,Middle Aged (36-50),sh************@outlook.com,+91-XXXXX-XX85,XXXX-XXXX-3008,S**** M****
583,P1582,F,38,Middle Aged (36-50),ka**********@outlook.com,+91-XXXXX-XX96,XXXX-XXXX-6016,K**** P****
584,P1583,M,83,Senior (65+),sa**********@yahoo.com,+91-XXXXX-XX36,XXXX-XXXX-3705,S**** M****
585,P1584,F,8,Youth (<18),an*********@gmail.com,+91-XXXXX-XX99,XXXX-XXXX-0116,A**** I****
586,P1585,M,65,Senior Adult (51-65),sa**********@hotmail.com,+91-XXXXX-XX07,XXXX-XXXX-6946,S**** G****
587,P1586,F,86,Senior (65+),ad*************@gmail.com,+91-XXXXX-XX41,XXXX-XXXX-2701,A**** B****
588,P1587,F,17,Youth (<18),ir********@rediffmail.com,+91-XXXXX-XX83,XXXX-XXXX-7281,I**** M****
589,P1588,M,71,Senior (65+),sa********@yahoo.com,+91-XXXXX-XX99,XXXX-XXXX-2141,S**** S****
590,P1589,F,89,Senior (65+),sh***********@outlook.com,+91-XXXXX-XX30,XXXX-XXXX-4090,S**** R****
591,P1590,M,45,Middle Aged (36-50),vi***********@hotmail.com,+91-XXXXX-XX85,XXXX-XXXX-5555,V**** N****
592,P1591,M,4,Youth (<18),kr***********@rediffmail.com,+91-XXXXX-XX35,XXXX-XXXX-0918,K**** M****
593,P1592,M,36,Middle Aged (36-50),an**********@yahoo.com,+91-XXXXX-XX43,XXXX-XXXX-5057,A**** R****
594,P1593,F,70,Senior (65+),my*******@rediffmail.com,+91-XXXXX-XX28,XXXX-XXXX-9328,M**** I****
595,P1594,F,31,Young Adult (18-35),di********@hotmail.com,+91-XXXXX-XX86,XXXX-XXXX-7833,D**** P****
596,P1595,M,19,Young Adult (18-35),re************@gmail.com,+91-XXXXX-XX39,XXXX-XXXX-1287,R**** M****
597,P1596,M,61,Senior Adult (51-65),vi********@outlook.com,+91-XXXXX-XX15,XXXX-XXXX-3414,V**** D****
598,P1597,F,54,Senior Adult (51-65),ka***********@gmail.com,+91-XXXXX-XX26,XXXX-XXXX-9040,K**** A****
599,P1598,M,39,Middle Aged (36-50),aa**********@yahoo.com,+91-XXXXX-XX97,XXXX-XXXX-6087,A**** G****
600,P1599,M,74,Senior (65+),ir******@outlook.com,+91-XXXXX-XX35,XXXX-XXXX-4814,I**** N****
601,P1600,F,19,Young Adult (18-35),sa**********@rediffmail.com,+91-XXXXX-XX11,XXXX-XXXX-2764,S**** A****
602,P1601,M,39,Middle Aged (36-50),kr***********@yahoo.com,+91-XXXXX-XX23,XXXX-XXXX-8443,K**** N****
603,P1602,F,67,Senior (65+),kr************@hotmail.com,+91-XXXXX-XX93,XXXX-XXXX-2774,K**** S****
604,P1603,M,45,Middle Aged (36-50),an**********@yahoo.com,+91-XXXXX-XX55,XXXX-XXXX-0157,A**** G****
605,P1604,F,13,Youth (<18),ri*********@gmail.com,+91-XXXXX-XX29,XXXX-XXXX-7492,R**** M****
606,P1605,M,58,Senior Adult (51-65),an*************@rediffmail.com,+91-XXXXX-XX00,XXXX-XXXX-1178,A**** K****
607,P1606,M,20,Young Adult (18-35),sa*************@hotmail.com,+91-XXXXX-XX69,XXXX-XXXX-2151,S**** C****
608,P1607,F,72,Senior (65+),ir********@hotmail.com,+91-XXXXX-XX27,XXXX-XXXX-9813,I**** S****
609,P1608,M,61,Senior Adult (51-65),kr***********@yahoo.com,+91-XXXXX-XX05,XXXX-XXXX-2184,K**** V****
610,P1609,F,39,Middle Aged (36-50),vi************@gmail.com,+91-XXXXX-XX90,XXXX-XXXX-4872,V**** M****
611,P1610,M,1,Youth (<18),di*********@outlook.com,+91-XXXXX-XX68,XXXX-XXXX-2432,D**** S****
612,P1611,F,3,Youth (<18),sa***********@yahoo.com,+91-XXXXX-XX89,XXXX-XXXX-2671,S**** B****
613,P1612,F,77,Senior (65+),an***********@rediffmail.com,+91-XXXXX-XX85,XXXX-XXXX-2625,A**** P****
614,P1613,F,62,Senior Adult (51-65),ar*********@gmail.com,+91-XXXXX-XX01,XXXX-XXXX-1554,A**** S****
615,P1614,F,63,Senior Adult (51-65),aa*********@yahoo.com,+91-XXXXX-XX79,XXXX-XXXX-4971,A**** R****
616,P1615,M,25,Young Adult (18-35),ka*********@hotmail.com,+91-XXXXX-XX65,XXXX-XXXX-5889,K**** P****
617,P1616,M,56,Senior Adult (51-65),an*************@rediffmail.com,+91-XXXXX-XX15,XXXX-XXXX-4146,A**** K****
618,P1617,F,33,Young Adult (18-35),re***********@gmail.com,+91-XXXXX-XX04,XXXX-XXXX-7068,R**** G****
619,P1618,F,38,Middle Aged (36-50),is***********@rediffmail.com,+91-XXXXX-XX75,XXXX-XXXX-8538,I**** S****
620,P1619,F,6,Youth (<18),an**************@gmail.com,+91-XXXXX-XX16,XXXX-XXXX-0676,A**** B****
621,P1620,M,58,Senior Adult (51-65),sa*************@gmail.com,+91-XXXXX-XX34,XXXX-XXXX-3096,S**** K****
622,P1621,M,44,Middle Aged (36-50),aa*********@hotmail.com,+91-XXXXX-XX46,XXXX-XXXX-4510,A**** S****
623,P1622,M,45,Middle Aged (36-50),ri********@yahoo.com,+91-XXXXX-XX89,XXXX-XXXX-2617,R**** K****
624,P1623,M,32,Young Adult (18-35),di********@outlook.com,+91-XXXXX-XX62,XXXX-XXXX-1772,D**** M****
625,P1624,F,45,Middle Aged (36-50),ri********@rediffmail.com,+91-XXXXX-XX15,XXXX-XXXX-5023,R**** N****
626,P1625,F,61,Senior Adult (51-65),ri*********@outlook.com,+91-XXXXX-XX58,XXXX-XXXX-2110,R**** P****
627,P1626,F,47,Middle Aged (36-50),ar*************@outlook.com,+91-XXXXX-XX12,XXXX-XXXX-4471,A**** K****
628,P1627,M,21,Young Adult (18-35),ad*********@hotmail.com,+91-XXXXX-XX95,XXXX-XXXX-3718,A**** I****
629,P1628,M,80,Senior (65+),sa********@yahoo.com,+91-XXXXX-XX07,XXXX-XXXX-0931,S**** V****
630,P1629,M,85,Senior (65+),ka*************@rediffmail.com,+91-XXXXX-XX55,XXXX-XXXX-0414,K**** B****
631,P1630,F,75,Senior (65+),aa****************@outlook.com,+91-XXXXX-XX55,XXXX-XXXX-4749,A**** C****
632,P1631,F,36,Middle Aged (36-50),mu**********@outlook.com,+91-XXXXX-XX40,XXXX-XXXX-1093,M**** D****
633,P1632,M,19,Young Adult (18-35),an*************@rediffmail.com,+91-XXXXX-XX57,XXXX-XXXX-0236,A**** K****
634,P1633,F,20,Young Adult (18-35),sa********@outlook.com,+91-XXXXX-XX19,XXXX-XXXX-0294,S**** V****
635,P1634,M,57,Senior Adult (51-65),ri********@outlook.com,+91-XXXXX-XX35,XXXX-XXXX-7868,R**** N****
636,P1635,M,18,Young Adult (18-35),aa********@hotmail.com,+91-XXXXX-XX97,XXXX-XXXX-7884,A**** K****
637,P1636,F,47,Middle Aged (36-50),re***********@yahoo.com,+91-XXXXX-XX98,XXXX-XXXX-4024,R**** G****
638,P1637,M,49,Middle Aged (36-50),ad**********@gmail.com,+91-XXXXX-XX42,XXXX-XXXX-1842,A**** N****
639,P1638,F,14,Youth (<18),kr**************@outlook.com,+91-XXXXX-XX39,XXXX-XXXX-9164,K**** B****
640,P1639,M,15,Youth (<18),di**********@hotmail.com,+91-XXXXX-XX20,XXXX-XXXX-7365,D**** M****
641,P1640,F,31,Young Adult (18-35),kr**************@gmail.com,+91-XXXXX-XX80,XXXX-XXXX-0422,K**** B****
642,P1641,F,1,Youth (<18),my*********@hotmail.com,+91-XXXXX-XX94,XXXX-XXXX-2091,M**** G****
643,P1642,F,54,Senior Adult (51-65),sh**************@gmail.com,+91-XXXXX-XX59,XXXX-XXXX-0018,S**** B****
644,P1643,M,3,Youth (<18),mu***********@outlook.com,+91-XXXXX-XX11,XXXX-XXXX-2308,M**** D****
645,P1644,M,16,Youth (<18),di********@hotmail.com,+91-XXXXX-XX13,XXXX-XXXX-0303,D**** I****
646,P1645,F,87,Senior (65+),ad***********@yahoo.com,+91-XXXXX-XX76,XXXX-XXXX-1451,A**** S****
647,P1646,F,57,Senior Adult (51-65),an**********@gmail.com,+91-XXXXX-XX29,XXXX-XXXX-2624,A**** G****
648,P1647,M,75,Senior (65+),an********@outlook.com,+91-XXXXX-XX05,XXXX-XXXX-5267,A**** N****
649,P1648,M,12,Youth (<18),ar***********@rediffmail.com,+91-XXXXX-XX53,XXXX-XXXX-6557,A**** A****
650,P1649,M,74,Senior (65+),ad**********@rediffmail.com,+91-XXXXX-XX65,XXXX-XXXX-8836,A**** J****
651,P1650,F,16,Youth (<18),aa***********@rediffmail.com,+91-XXXXX-XX01,XXXX-XXXX-7210,A**** M****
652,P1651,M,72,Senior (65+),kr***********@yahoo.com,+91-XXXXX-XX71,XXXX-XXXX-1260,K**** S****
653,P1652,M,76,Senior (65+),aa**************@outlook.com,+91-XXXXX-XX12,XXXX-XXXX-5213,A**** C****
654,P1653,F,24,Young Adult (18-35),sh***********@hotmail.com,+91-XXXXX-XX42,XXXX-XXXX-7041,S**** R****
655,P1654,M,28,Young Adult (18-35),is*********@gmail.com,+91-XXXXX-XX45,XXXX-XXXX-8436,I**** N****
656,P1655,M,8,Youth (<18),ad**********@gmail.com,+91-XXXXX-XX15,XXXX-XXXX-9177,A**** S****
657,P1656,M,36,Middle Aged (36-50),aa**************@rediffmail.com,+91-XXXXX-XX15,XXXX-XXXX-5950,A**** C****
658,P1657,F,8,Youth (<18),sa**********@yahoo.com,+91-XXXXX-XX21,XXXX-XXXX-3419,S**** K****
659,P1658,F,58,Senior Adult (51-65),sa***********@hotmail.com,+91-XXXXX-XX85,XXXX-XXXX-8356,S**** J****
660,P1659,F,60,Senior Adult (51-65),ri*********@yahoo.com,+91-XXXXX-XX97,XXXX-XXXX-7904,R**** M****
661,P1660,F,50,Middle Aged (36-50),an********@rediffmail.com,+91-XXXXX-XX16,XXXX-XXXX-8572,A**** D****
662,P1661,F,28,Young Adult (18-35),kr**********@outlook.com,+91-XXXXX-XX26,XXXX-XXXX-7102,K**** N****
663,P1662,F,41,Middle Aged (36-50),ir*******@gmail.com,+91-XXXXX-XX29,XXXX-XXXX-5511,I**** V****
664,P1663,F,64,Senior Adult (51-65),sa*********@rediffmail.com,+91-XXXXX-XX77,XXXX-XXXX-4669,S**** D****
665,P1664,M,27,Young Adult (18-35),my********@rediffmail.com,+91-XXXXX-XX04,XXXX-XXXX-0903,M**** N****
666,P1665,M,63,Senior Adult (51-65),vi**********@hotmail.com,+91-XXXXX-XX33,XXXX-XXXX-6715,V**** S****
667,P1666,F,17,Youth (<18),di******@hotmail.com,+91-XXXXX-XX92,XXXX-XXXX-1559,D**** D****
668,P1667,M,73,Senior (65+),sh**************@rediffmail.com,+91-XXXXX-XX47,XXXX-XXXX-9096,S**** A****
669,P1668,M,33,Young Adult (18-35),is**************@outlook.com,+91-XXXXX-XX29,XXXX-XXXX-1214,I**** B****
670,P1669,F,84,Senior (65+),my********@outlook.com,+91-XXXXX-XX16,XXXX-XXXX-4235,M**** M****
671,P1670,M,77,Senior (65+),aa************@rediffmail.com,+91-XXXXX-XX82,XXXX-XXXX-1992,A**** B****
672,P1671,M,29,Young Adult (18-35),aa***********@outlook.com,+91-XXXXX-XX80,XXXX-XXXX-0727,A**** V****
673,P1672,M,13,Youth (<18),di*********@gmail.com,+91-XXXXX-XX10,XXXX-XXXX-3390,D**** J****
674,P1673,M,46,Middle Aged (36-50),mu***********@outlook.com,+91-XXXXX-XX00,XXXX-XXXX-5868,M**** D****
675,P1674,M,35,Young Adult (18-35),my**********@yahoo.com,+91-XXXXX-XX07,XXXX-XXXX-4649,M**** A****
676,P1675,F,6,Youth (<18),my******@gmail.com,+91-XXXXX-XX95,XXXX-XXXX-7890,M**** D****
677,P1676,F,82,Senior (65+),re***********@rediffmail.com,+91-XXXXX-XX01,XXXX-XXXX-7660,R**** R****
678,P1677,F,69,Senior (65+),di********@yahoo.com,+91-XXXXX-XX24,XXXX-XXXX-0258,D**** N****
679,P1678,M,47,Middle Aged (36-50),ar*********@outlook.com,+91-XXXXX-XX47,XXXX-XXXX-0962,A**** J****
680,P1679,F,25,Young Adult (18-35),sa*********@yahoo.com,+91-XXXXX-XX59,XXXX-XXXX-9648,S**** P****
681,P1680,M,66,Senior (65+),ir*******@yahoo.com,+91-XXXXX-XX73,XXXX-XXXX-1960,I**** I****
682,P1681,M,10,Youth (<18),an***********@yahoo.com,+91-XXXXX-XX22,XXXX-XXXX-6404,A**** A****
683,P1682,M,56,Senior Adult (51-65),kr***********@gmail.com,+91-XXXXX-XX15,XXXX-XXXX-1175,K**** N****
684,P1683,M,30,Young Adult (18-35),ar*******@gmail.com,+91-XXXXX-XX66,XXXX-XXXX-5722,A**** D****
685,P1684,F,5,Youth (<18),ka************@yahoo.com,+91-XXXXX-XX05,XXXX-XXXX-8413,K**** B****
686,P1685,F,33,Young Adult (18-35),my*********@hotmail.com,+91-XXXXX-XX15,XXXX-XXXX-2312,M**** G****
687,P1686,M,65,Senior Adult (51-65),is*********@rediffmail.com,+91-XXXXX-XX65,XXXX-XXXX-3423,I**** K****
688,P1687,F,18,Young Adult (18-35),aa************@outlook.com,+91-XXXXX-XX35,XXXX-XXXX-6945,A**** P****
689,P1688,M,49,Middle Aged (36-50),sa***********@hotmail.com,+91-XXXXX-XX96,XXXX-XXXX-8496,S**** G****
690,P1689,F,11,Youth (<18),ir*******@hotmail.com,+91-XXXXX-XX29,XXXX-XXXX-1355,I**** P****
691,P1690,F,85,Senior (65+),kr**************@outlook.com,+91-XXXXX-XX56,XXXX-XXXX-8164,K**** K****
692,P1691,M,26,Young Adult (18-35),vi*************@hotmail.com,+91-XXXXX-XX13,XXXX-XXXX-5330,V**** A****
693,P1692,F,63,Senior Adult (51-65),sa*********@gmail.com,+91-XXXXX-XX48,XXXX-XXXX-3904,S**** V****
694,P1693,M,89,Senior (65+),ir*******@hotmail.com,+91-XXXXX-XX51,XXXX-XXXX-0171,I**** G****
695,P1694,F,86,Senior (65+),sa**********@outlook.com,+91-XXXXX-XX06,XXXX-XXXX-6477,S**** P****
696,P1695,M,59,Senior Adult (51-65),ka********@outlook.com,+91-XXXXX-XX49,XXXX-XXXX-2135,K**** i****
697,P1696,M,27,Young Adult (18-35),ri*********@gmail.com,+91-XXXXX-XX49,XXXX-XXXX-9774,R**** S****
698,P1697,F,49,Middle Aged (36-50),ad*********@rediffmail.com,+91-XXXXX-XX26,XXXX-XXXX-1703,A**** N****
699,P1698,F,77,Senior (65+),ir********@yahoo.com,+91-XXXXX-XX72,XXXX-XXXX-8547,I**** N****
700,P1699,M,33,Young Adult (18-35),vi*************@hotmail.com,+91-XXXXX-XX08,XXXX-XXXX-3146,V**** A****
701,P1700,F,1,Youth (<18),ka***********@outlook.com,+91-XXXXX-XX46,XXXX-XXXX-0787,K**** P****
702,P1701,F,21,Young Adult (18-35),ad**********@gmail.com,+91-XXXXX-XX15,XXXX-XXXX-0745,A**** G****
703,P1702,M,55,Senior Adult (51-65),aa***********@rediffmail.com,+91-XXXXX-XX01,XXXX-XXXX-7861,A**** M****
704,P1703,M,6,Youth (<18),ad**********@yahoo.com,+91-XXXXX-XX83,XXXX-XXXX-1439,A**** J****
705,P1704,F,81,Senior (65+),sh***********@rediffmail.com,+91-XXXXX-XX14,XXXX-XXXX-4940,S**** S****
706,P1705,M,69,Senior (65+),sa***********@hotmail.com,+91-XXXXX-XX50,XXXX-XXXX-7207,S**** S****
707,P1706,M,5,Youth (<18),ar*********@gmail.com,+91-XXXXX-XX55,XXXX-XXXX-7371,A**** P****
708,P1707,M,3,Youth (<18),sa********@gmail.com,+91-XXXXX-XX35,XXXX-XXXX-5775,S**** D****
709,P1708,F,53,Senior Adult (51-65),an*********@rediffmail.com,+91-XXXXX-XX93,XXXX-XXXX-1480,A**** G****
710,P1709,F,23,Young Adult (18-35),sa*******@yahoo.com,+91-XXXXX-XX75,XXXX-XXXX-3614,S**** P****
711,P1710,M,53,Senior Adult (51-65),vi***********@hotmail.com,+91-XXXXX-XX58,XXXX-XXXX-4309,V**** V****
712,P1711,F,37,Middle Aged (36-50),ir*******@outlook.com,+91-XXXXX-XX22,XXXX-XXXX-7284,I**** J****
713,P1712,M,74,Senior (65+),kr***********@rediffmail.com,+91-XXXXX-XX98,XXXX-XXXX-2142,K**** J****
714,P1713,F,74,Senior (65+),ka*********@rediffmail.com,+91-XXXXX-XX00,XXXX-XXXX-1449,K**** V****
715,P1714,M,83,Senior (65+),ir*******@hotmail.com,+91-XXXXX-XX47,XXXX-XXXX-3441,I**** J****
716,P1715,M,17,Youth (<18),vi***********@rediffmail.com,+91-XXXXX-XX59,XXXX-XXXX-7567,V**** M****
717,P1716,F,85,Senior (65+),sh************@rediffmail.com,+91-XXXXX-XX81,XXXX-XXXX-8529,S**** M****
718,P1717,M,78,Senior (65+),ar**********@outlook.com,+91-XXXXX-XX61,XXXX-XXXX-1041,A**** P****
719,P1718,F,73,Senior (65+),ad**********@gmail.com,+91-XXXXX-XX25,XXXX-XXXX-8287,A**** J****
720,P1719,F,1,Youth (<18),sh***********@yahoo.com,+91-XXXXX-XX85,XXXX-XXXX-2918,S**** G****
721,P1720,M,51,Senior Adult (51-65),an************@yahoo.com,+91-XXXXX-XX33,XXXX-XXXX-7238,A**** A****
722,P1721,M,45,Middle Aged (36-50),ka************@hotmail.com,+91-XXXXX-XX85,XXXX-XXXX-2883,K**** K****
723,P1722,F,77,Senior (65+),sh************@outlook.com,+91-XXXXX-XX16,XXXX-XXXX-7662,S**** N****
724,P1723,M,4,Youth (<18),ka********@rediffmail.com,+91-XXXXX-XX93,XXXX-XXXX-5277,K**** I****
725,P1724,M,62,Senior Adult (51-65),my********@yahoo.com,+91-XXXXX-XX64,XXXX-XXXX-2595,M**** P****
726,P1725,M,65,Senior Adult (51-65),aa**********@yahoo.com,+91-XXXXX-XX86,XXXX-XXXX-9884,A**** S****
727,P1726,M,32,Young Adult (18-35),mu************@outlook.com,+91-XXXXX-XX17,XXXX-XXXX-1775,M**** R****
728,P1727,M,34,Young Adult (18-35),aa********@yahoo.com,+91-XXXXX-XX84,XXXX-XXXX-1759,A**** d****
729,P1728,F,72,Senior (65+),ir********@yahoo.com,+91-XXXXX-XX17,XXXX-XXXX-2056,I**** p****
730,P1729,F,39,Middle Aged (36-50),aa**********@rediffmail.com,+91-XXXXX-XX27,XXXX-XXXX-3098,A**** N****
731,P1730,M,26,Young Adult (18-35),my*********@yahoo.com,+91-XXXXX-XX81,XXXX-XXXX-9389,M**** P****
732,P1731,M,34,Young Adult (18-35),kr************@rediffmail.com,+91-XXXXX-XX47,XXXX-XXXX-4350,K**** M****
733,P1732,M,54,Senior Adult (51-65),ir*******@hotmail.com,+91-XXXXX-XX46,XXXX-XXXX-1699,I**** R****
734,P1733,F,3,Youth (<18),an*********@rediffmail.com,+91-XXXXX-XX88,XXXX-XXXX-7430,A**** N****
735,P1734,M,50,Middle Aged (36-50),aa***********@yahoo.com,+91-XXXXX-XX06,XXXX-XXXX-6821,A**** N****
736,P1735,F,12,Youth (<18),aa************@hotmail.com,+91-XXXXX-XX69,XXXX-XXXX-0368,A**** K****
737,P1736,F,65,Senior Adult (51-65),aa*********@gmail.com,+91-XXXXX-XX13,XXXX-XXXX-5593,A**** N****
738,P1737,F,54,Senior Adult (51-65),is***************@hotmail.com,+91-XXXXX-XX77,XXXX-XXXX-3745,I**** C****
739,P1738,M,5,Youth (<18),an************@yahoo.com,+91-XXXXX-XX91,XXXX-XXXX-4132,A**** P****
740,P1739,F,57,Senior Adult (51-65),sa*********@outlook.com,+91-XXXXX-XX13,XXXX-XXXX-7044,S**** P****
741,P1740,M,17,Youth (<18),sa*************@outlook.com,+91-XXXXX-XX10,XXXX-XXXX-0336,S**** C****
742,P1741,F,47,Middle Aged (36-50),an**********@rediffmail.com,+91-XXXXX-XX42,XXXX-XXXX-9305,A**** G****
743,P1742,M,23,Young Adult (18-35),ad**********@hotmail.com,+91-XXXXX-XX47,XXXX-XXXX-9984,A**** M****
744,P1743,F,79,Senior (65+),sa***********@rediffmail.com,+91-XXXXX-XX44,XXXX-XXXX-9609,S**** M****
745,P1744,M,85,Senior (65+),sa***********@outlook.com,+91-XXXXX-XX24,XXXX-XXXX-7707,S**** P****
746,P1745,F,14,Youth (<18),mu***************@gmail.com,+91-XXXXX-XX19,XXXX-XXXX-8517,M**** K****
747,P1746,M,66,Senior (65+),aa**********@outlook.com,+91-XXXXX-XX91,XXXX-XXXX-0287,A**** M****
748,P1747,M,75,Senior (65+),ka*********@gmail.com,+91-XXXXX-XX17,XXXX-XXXX-5118,K**** J****
749,P1748,M,51,Senior Adult (51-65),sa*********@hotmail.com,+91-XXXXX-XX59,XXXX-XXXX-2059,S**** S****
750,P1749,M,38,Middle Aged (36-50),sa***********@rediffmail.com,+91-XXXXX-XX02,XXXX-XXXX-9019,S**** A****
751,P1750,F,64,Senior Adult (51-65),an**********@outlook.com,+91-XXXXX-XX35,XXXX-XXXX-9898,A**** V****
752,P1751,F,38,Middle Aged (36-50),sa*******@hotmail.com,+91-XXXXX-XX19,XXXX-XXXX-3943,S**** R****
753,P1752,M,50,Middle Aged (36-50),ir*******@outlook.com,+91-XXXXX-XX56,XXXX-XXXX-8815,I**** S****
754,P1753,F,82,Senior (65+),di********@hotmail.com,+91-XXXXX-XX43,XXXX-XXXX-2944,D**** R****
755,P1754,M,30,Young Adult (18-35),ar*********@gmail.com,+91-XXXXX-XX30,XXXX-XXXX-0216,A**** G****
756,P1755,M,79,Senior (65+),re***********@hotmail.com,+91-XXXXX-XX03,XXXX-XXXX-8866,R**** V****
757,P1756,F,51,Senior Adult (51-65),ir*******@rediffmail.com,+91-XXXXX-XX73,XXXX-XXXX-0157,I**** N****
758,P1757,M,63,Senior Adult (51-65),an**********@rediffmail.com,+91-XXXXX-XX93,XXXX-XXXX-9957,A**** G****
759,P1758,M,52,Senior Adult (51-65),sh**************@rediffmail.com,+91-XXXXX-XX38,XXXX-XXXX-9889,S**** A****
760,P1759,F,38,Middle Aged (36-50),vi***********@rediffmail.com,+91-XXXXX-XX43,XXXX-XXXX-4995,V**** P****
761,P1760,M,88,Senior (65+),sa*********@outlook.com,+91-XXXXX-XX55,XXXX-XXXX-9134,S**** A****
762,P1761,M,79,Senior (65+),my*********@yahoo.com,+91-XXXXX-XX72,XXXX-XXXX-5349,M**** J****
763,P1762,M,30,Young Adult (18-35),sa*******@rediffmail.com,+91-XXXXX-XX57,XXXX-XXXX-1241,S**** N****
764,P1763,M,51,Senior Adult (51-65),sa********@gmail.com,+91-XXXXX-XX60,XXXX-XXXX-1506,S**** P****
765,P1764,F,81,Senior (65+),my*********@hotmail.com,+91-XXXXX-XX23,XXXX-XXXX-3472,M**** G****
766,P1765,F,5,Youth (<18),sa**********@yahoo.com,+91-XXXXX-XX88,XXXX-XXXX-7893,S**** G****
767,P1766,F,29,Young Adult (18-35),ir**********@gmail.com,+91-XXXXX-XX81,XXXX-XXXX-2434,I**** B****
768,P1767,M,4,Youth (<18),sa*******@rediffmail.com,+91-XXXXX-XX74,XXXX-XXXX-6753,S**** S****
769,P1768,M,10,Youth (<18),kr***********@gmail.com,+91-XXXXX-XX05,XXXX-XXXX-6304,K**** G****
770,P1769,F,56,Senior Adult (51-65),ad**********@yahoo.com,+91-XXXXX-XX00,XXXX-XXXX-6404,A**** G****
771,P1770,M,17,Youth (<18),my*********@yahoo.com,+91-XXXXX-XX20,XXXX-XXXX-3199,M**** M****
772,P1771,M,74,Senior (65+),ka*********@hotmail.com,+91-XXXXX-XX84,XXXX-XXXX-8358,K**** R****
773,P1772,M,17,Youth (<18),sa*************@hotmail.com,+91-XXXXX-XX96,XXXX-XXXX-3000,S**** C****
774,P1773,M,84,Senior (65+),sa***********@hotmail.com,+91-XXXXX-XX71,XXXX-XXXX-0416,S**** S****
775,P1774,F,88,Senior (65+),ad***********@yahoo.com,+91-XXXXX-XX42,XXXX-XXXX-2196,A**** G****
776,P1775,F,69,Senior (65+),ka*******@hotmail.com,+91-XXXXX-XX58,XXXX-XXXX-1497,K**** D****
777,P1776,F,34,Young Adult (18-35),an*************@rediffmail.com,+91-XXXXX-XX89,XXXX-XXXX-6076,A**** B****
778,P1777,M,6,Youth (<18),ar**********@hotmail.com,+91-XXXXX-XX97,XXXX-XXXX-9145,A**** S****
779,P1778,F,53,Senior Adult (51-65),kr************@gmail.com,+91-XXXXX-XX40,XXXX-XXXX-9789,K**** V****
780,P1779,F,66,Senior (65+),mu************@rediffmail.com,+91-XXXXX-XX89,XXXX-XXXX-0438,M**** N****
781,P1780,M,77,Senior (65+),re************@rediffmail.com,+91-XXXXX-XX33,XXXX-XXXX-6162,R**** N****
782,P1781,M,43,Middle Aged (36-50),ar*************@outlook.com,+91-XXXXX-XX41,XXXX-XXXX-2483,A**** U****
783,P1782,F,75,Senior (65+),sa********@outlook.com,+91-XXXXX-XX90,XXXX-XXXX-5622,S**** N****
784,P1783,F,23,Young Adult (18-35),an************@gmail.com,+91-XXXXX-XX18,XXXX-XXXX-9792,A**** K****
785,P1784,F,55,Senior Adult (51-65),ir**********@hotmail.com,+91-XXXXX-XX34,XXXX-XXXX-9648,I**** K****
786,P1785,F,80,Senior (65+),aa**************@yahoo.com,+91-XXXXX-XX20,XXXX-XXXX-2896,A**** K****
787,P1786,M,75,Senior (65+),kr************@hotmail.com,+91-XXXXX-XX25,XXXX-XXXX-9222,K**** V****
788,P1787,F,16,Youth (<18),re***********@gmail.com,+91-XXXXX-XX12,XXXX-XXXX-8138,R**** M****
789,P1788,F,8,Youth (<18),re************@rediffmail.com,+91-XXXXX-XX66,XXXX-XXXX-4268,R**** M****
790,P1789,M,4,Youth (<18),an**********@outlook.com,+91-XXXXX-XX21,XXXX-XXXX-3983,A**** G****
791,P1790,F,4,Youth (<18),sa***********@yahoo.com,+91-XXXXX-XX95,XXXX-XXXX-1548,S**** B****
792,P1791,M,56,Senior Adult (51-65),an***********@outlook.com,+91-XXXXX-XX66,XXXX-XXXX-0797,A**** J****
793,P1792,M,25,Young Adult (18-35),is****************@rediffmail.com,+91-XXXXX-XX63,XXXX-XXXX-1070,I**** C****
794,P1793,M,67,Senior (65+),an*********@hotmail.com,+91-XXXXX-XX40,XXXX-XXXX-0660,A**** J****
795,P1794,F,67,Senior (65+),kr************@hotmail.com,+91-XXXXX-XX95,XXXX-XXXX-8620,K**** J****
796,P1795,F,27,Young Adult (18-35),sa**************@hotmail.com,+91-XXXXX-XX63,XXXX-XXXX-1212,S**** C****
797,P1796,M,32,Young Adult (18-35),di**********@gmail.com,+91-XXXXX-XX66,XXXX-XXXX-2406,D**** A****
798,P1797,F,50,Middle Aged (36-50),an**********@yahoo.com,+91-XXXXX-XX47,XXXX-XXXX-4474,A**** J****
799,P1798,F,61,Senior Adult (51-65),aa***********@outlook.com,+91-XXXXX-XX10,XXXX-XXXX-9365,A**** M****
800,P1799,M,51,Senior Adult (51-65),mu************@outlook.com,+91-XXXXX-XX24,XXXX-XXXX-7401,M**** S****
801,P1800,M,19,Young Adult (18-35),re***********@yahoo.com,+91-XXXXX-XX15,XXXX-XXXX-5150,R**** J****
802,P1801,F,21,Young Adult (18-35),ar**********@rediffmail.com,+91-XXXXX-XX32,XXXX-XXXX-0797,A**** S****
803,P1802,M,5,Youth (<18),my********@rediffmail.com,+91-XXXXX-XX41,XXXX-XXXX-0381,M**** G****
804,P1803,F,82,Senior (65+),kr***********@outlook.com,+91-XXXXX-XX63,XXXX-XXXX-9225,K**** S****
805,P1804,F,42,Middle Aged (36-50),mu***************@outlook.com,+91-XXXXX-XX30,XXXX-XXXX-2441,M**** B****
806,P1805,F,61,Senior Adult (51-65),ka*********@yahoo.com,+91-XXXXX-XX65,XXXX-XXXX-1786,K**** P****
807,P1806,F,22,Young Adult (18-35),sa*******@rediffmail.com,+91-XXXXX-XX34,XXXX-XXXX-5469,S**** G****
808,P1807,M,21,Young Adult (18-35),aa*************@rediffmail.com,+91-XXXXX-XX17,XXXX-XXXX-1562,A**** K****
809,P1808,M,70,Senior (65+),ad***********@outlook.com,+91-XXXXX-XX93,XXXX-XXXX-1715,A**** J****
810,P1809,M,1,Youth (<18),di**********@gmail.com,+91-XXXXX-XX14,XXXX-XXXX-0766,D**** M****
811,P1810,M,5,Youth (<18),is**********@rediffmail.com,+91-XXXXX-XX36,XXXX-XXXX-5126,I**** N****
812,P1811,F,12,Youth (<18),mu****************@rediffmail.com,+91-XXXXX-XX52,XXXX-XXXX-8424,M**** B****
813,P1812,F,46,Middle Aged (36-50),mu************@yahoo.com,+91-XXXXX-XX81,XXXX-XXXX-0155,M**** P****
814,P1813,M,34,Young Adult (18-35),ka**********@hotmail.com,+91-XXXXX-XX54,XXXX-XXXX-4161,K**** J****
815,P1814,F,49,Middle Aged (36-50),re*************@outlook.com,+91-XXXXX-XX75,XXXX-XXXX-6424,R**** P****
816,P1815,F,78,Senior (65+),my**********@gmail.com,+91-XXXXX-XX85,XXXX-XXXX-4479,M**** A****
817,P1816,F,45,Middle Aged (36-50),sh***********@gmail.com,+91-XXXXX-XX60,XXXX-XXXX-9695,S**** J****
818,P1817,M,27,Young Adult (18-35),re***********@rediffmail.com,+91-XXXXX-XX34,XXXX-XXXX-8264,R**** P****
819,P1818,M,73,Senior (65+),ad*********@hotmail.com,+91-XXXXX-XX76,XXXX-XXXX-4577,A**** D****
820,P1819,M,26,Young Adult (18-35),vi***********@hotmail.com,+91-XXXXX-XX88,XXXX-XXXX-3682,V**** J****
821,P1820,F,47,Middle Aged (36-50),my************@gmail.com,+91-XXXXX-XX04,XXXX-XXXX-8653,M**** B****
822,P1821,M,86,Senior (65+),aa************@outlook.com,+91-XXXXX-XX27,XXXX-XXXX-6774,A**** P****
823,P1822,M,56,Senior Adult (51-65),ir*********@yahoo.com,+91-XXXXX-XX31,XXXX-XXXX-6663,I**** A****
824,P1823,M,63,Senior Adult (51-65),re**************@hotmail.com,+91-XXXXX-XX94,XXXX-XXXX-5932,R**** B****
825,P1824,M,48,Middle Aged (36-50),ir*********@rediffmail.com,+91-XXXXX-XX12,XXXX-XXXX-5327,I**** A****
826,P1825,M,61,Senior Adult (51-65),is**********@outlook.com,+91-XXXXX-XX43,XXXX-XXXX-7327,I**** I****
827,P1826,M,81,Senior (65+),an************@gmail.com,+91-XXXXX-XX92,XXXX-XXXX-6164,A**** A****
828,P1827,F,26,Young Adult (18-35),an*********@gmail.com,+91-XXXXX-XX71,XXXX-XXXX-7611,A**** K****
829,P1828,F,36,Middle Aged (36-50),re***************@outlook.com,+91-XXXXX-XX88,XXXX-XXXX-4151,R**** B****
830,P1829,M,1,Youth (<18),an***********@rediffmail.com,+91-XXXXX-XX09,XXXX-XXXX-4902,A**** R****
831,P1830,M,8,Youth (<18),my********@outlook.com,+91-XXXXX-XX65,XXXX-XXXX-7742,M**** J****
832,P1831,F,52,Senior Adult (51-65),di************@yahoo.com,+91-XXXXX-XX49,XXXX-XXXX-2904,D**** B****
833,P1832,F,79,Senior (65+),ka************@hotmail.com,+91-XXXXX-XX89,XXXX-XXXX-5672,K**** B****
834,P1833,M,47,Middle Aged (36-50),aa*********@yahoo.com,+91-XXXXX-XX54,XXXX-XXXX-4913,A**** D****
835,P1834,M,56,Senior Adult (51-65),ri********@rediffmail.com,+91-XXXXX-XX03,XXXX-XXXX-8148,R**** S****
836,P1835,M,86,Senior (65+),is***********@hotmail.com,+91-XXXXX-XX26,XXXX-XXXX-3372,I**** N****
837,P1836,M,14,Youth (<18),sa***************@outlook.com,+91-XXXXX-XX89,XXXX-XXXX-3997,S**** C****
838,P1837,F,28,Young Adult (18-35),an**********@hotmail.com,+91-XXXXX-XX35,XXXX-XXXX-1893,A**** G****
839,P1838,M,87,Senior (65+),is**************@outlook.com,+91-XXXXX-XX67,XXXX-XXXX-4694,I**** K****
840,P1839,M,78,Senior (65+),is**********@yahoo.com,+91-XXXXX-XX90,XXXX-XXXX-4884,I**** N****
841,P1840,M,88,Senior (65+),ad***********@gmail.com,+91-XXXXX-XX12,XXXX-XXXX-6417,A**** J****
842,P1841,M,2,Youth (<18),di*******@hotmail.com,+91-XXXXX-XX84,XXXX-XXXX-7149,D**** D****
843,P1842,F,26,Young Adult (18-35),ir**********@yahoo.com,+91-XXXXX-XX42,XXXX-XXXX-7964,I**** B****
844,P1843,F,14,Youth (<18),vi**********@rediffmail.com,+91-XXXXX-XX49,XXXX-XXXX-9660,V**** P****
845,P1844,F,59,Senior Adult (51-65),vi************@rediffmail.com,+91-XXXXX-XX41,XXXX-XXXX-5056,V**** P****
846,P1845,M,56,Senior Adult (51-65),aa***********@hotmail.com,+91-XXXXX-XX50,XXXX-XXXX-2579,A**** S****
847,P1846,M,7,Youth (<18),vi**********@rediffmail.com,+91-XXXXX-XX38,XXXX-XXXX-4857,V**** V****
848,P1847,F,3,Youth (<18),an************@rediffmail.com,+91-XXXXX-XX62,XXXX-XXXX-3817,A**** A****
849,P1848,M,23,Young Adult (18-35),ka**********@hotmail.com,+91-XXXXX-XX23,XXXX-XXXX-3257,K**** R****
850,P1849,M,18,Young Adult (18-35),an*********@outlook.com,+91-XXXXX-XX11,XXXX-XXXX-6708,A**** N****
851,P1850,F,38,Middle Aged (36-50),aa***********@outlook.com,+91-XXXXX-XX23,XXXX-XXXX-5119,A**** A****
852,P1851,F,15,Youth (<18),re************@gmail.com,+91-XXXXX-XX32,XXXX-XXXX-4772,R**** P****
853,P1852,F,64,Senior Adult (51-65),sa*******@gmail.com,+91-XXXXX-XX52,XXXX-XXXX-4096,S**** G****
854,P1853,F,89,Senior (65+),di**********@yahoo.com,+91-XXXXX-XX41,XXXX-XXXX-9592,D**** A****
855,P1854,M,28,Young Adult (18-35),ka*************@yahoo.com,+91-XXXXX-XX65,XXXX-XXXX-5155,K**** B****
856,P1855,M,74,Senior (65+),mu************@yahoo.com,+91-XXXXX-XX81,XXXX-XXXX-7160,M**** N****
857,P1856,F,39,Middle Aged (36-50),di*******@yahoo.com,+91-XXXXX-XX40,XXXX-XXXX-1289,D**** K****
858,P1857,M,57,Senior Adult (51-65),ir******@gmail.com,+91-XXXXX-XX90,XXXX-XXXX-3185,I**** K****
859,P1858,F,17,Youth (<18),my*********@hotmail.com,+91-XXXXX-XX59,XXXX-XXXX-4164,M**** G****
860,P1859,F,86,Senior (65+),sh**********@rediffmail.com,+91-XXXXX-XX93,XXXX-XXXX-2282,S**** K****
861,P1860,M,44,Middle Aged (36-50),sa*************@yahoo.com,+91-XXXXX-XX07,XXXX-XXXX-9500,S**** C****
862,P1861,F,25,Young Adult (18-35),an************@rediffmail.com,+91-XXXXX-XX48,XXXX-XXXX-2105,A**** M****
863,P1862,M,17,Youth (<18),di*********@rediffmail.com,+91-XXXXX-XX44,XXXX-XXXX-4774,D**** J****
864,P1863,M,13,Youth (<18),di**********@hotmail.com,+91-XXXXX-XX59,XXXX-XXXX-2231,D**** A****
865,P1864,M,84,Senior (65+),an*********@rediffmail.com,+91-XXXXX-XX48,XXXX-XXXX-9889,A**** S****
866,P1865,M,25,Young Adult (18-35),is**********@yahoo.com,+91-XXXXX-XX49,XXXX-XXXX-0203,I**** M****
867,P1866,F,68,Senior (65+),is***********@outlook.com,+91-XXXXX-XX53,XXXX-XXXX-7948,I**** G****
868,P1867,M,10,Youth (<18),ka*******@outlook.com,+91-XXXXX-XX59,XXXX-XXXX-8415,K**** D****
869,P1868,F,67,Senior (65+),my********@gmail.com,+91-XXXXX-XX81,XXXX-XXXX-4768,M**** P****
870,P1869,F,18,Young Adult (18-35),ir********@hotmail.com,+91-XXXXX-XX53,XXXX-XXXX-9298,I**** R****
871,P1870,F,86,Senior (65+),re***********@hotmail.com,+91-XXXXX-XX67,XXXX-XXXX-3289,R**** P****
872,P1871,F,34,Young Adult (18-35),an*************@yahoo.com,+91-XXXXX-XX54,XXXX-XXXX-2401,A**** K****
873,P1872,M,8,Youth (<18),kr************@hotmail.com,+91-XXXXX-XX55,XXXX-XXXX-2362,K**** J****
874,P1873,M,40,Middle Aged (36-50),sh************@rediffmail.com,+91-XXXXX-XX51,XXXX-XXXX-2372,S**** R****
875,P1874,F,83,Senior (65+),mu*************@outlook.com,+91-XXXXX-XX00,XXXX-XXXX-7418,M**** N****
876,P1875,F,42,Middle Aged (36-50),is*************@rediffmail.com,+91-XXXXX-XX55,XXXX-XXXX-9274,I**** A****
877,P1876,M,41,Middle Aged (36-50),ar**********@outlook.com,+91-XXXXX-XX90,XXXX-XXXX-7396,A**** G****
878,P1877,F,6,Youth (<18),an**********@gmail.com,+91-XXXXX-XX40,XXXX-XXXX-1919,A**** K****
879,P1878,M,52,Senior Adult (51-65),ka**********@yahoo.com,+91-XXXXX-XX19,XXXX-XXXX-8066,K**** S****
880,P1879,F,26,Young Adult (18-35),ar************@yahoo.com,+91-XXXXX-XX73,XXXX-XXXX-5534,A**** K****
881,P1880,M,64,Senior Adult (51-65),re***********@gmail.com,+91-XXXXX-XX12,XXXX-XXXX-2715,R**** K****
882,P1881,F,59,Senior Adult (51-65),sh************@hotmail.com,+91-XXXXX-XX50,XXXX-XXXX-6347,S**** G****
883,P1882,F,56,Senior Adult (51-65),kr***********@rediffmail.com,+91-XXXXX-XX26,XXXX-XXXX-8848,K**** G****
884,P1883,M,59,Senior Adult (51-65),ri*************@rediffmail.com,+91-XXXXX-XX86,XXXX-XXXX-5626,R**** C****
885,P1884,F,70,Senior (65+),an***************@outlook.com,+91-XXXXX-XX73,XXXX-XXXX-7333,A**** C****
886,P1885,F,33,Young Adult (18-35),ir************@yahoo.com,+91-XXXXX-XX07,XXXX-XXXX-8936,I**** C****
887,P1886,M,53,Senior Adult (51-65),di**********@hotmail.com,+91-XXXXX-XX42,XXXX-XXXX-3585,D**** P****
888,P1887,F,22,Young Adult (18-35),ir*******@yahoo.com,+91-XXXXX-XX06,XXXX-XXXX-5193,I**** G****
889,P1888,M,21,Young Adult (18-35),mu************@hotmail.com,+91-XXXXX-XX07,XXXX-XXXX-6120,M**** N****
890,P1889,M,70,Senior (65+),aa***************@yahoo.com,+91-XXXXX-XX81,XXXX-XXXX-6289,A**** U****
891,P1890,F,70,Senior (65+),re************@gmail.com,+91-XXXXX-XX75,XXXX-XXXX-2339,R**** S****
892,P1891,F,4,Youth (<18),sh***************@yahoo.com,+91-XXXXX-XX69,XXXX-XXXX-6672,S**** B****
893,P1892,F,75,Senior (65+),aa***********@gmail.com,+91-XXXXX-XX77,XXXX-XXXX-3351,A**** M****
894,P1893,F,62,Senior Adult (51-65),an*********@gmail.com,+91-XXXXX-XX51,XXXX-XXXX-8005,A**** N****
895,P1894,F,62,Senior Adult (51-65),kr***********@gmail.com,+91-XXXXX-XX18,XXXX-XXXX-1295,K**** N****
896,P1895,F,24,Young Adult (18-35),ri***********@rediffmail.com,+91-XXXXX-XX74,XXXX-XXXX-4152,R**** K****
897,P1896,F,55,Senior Adult (51-65),sa**********@yahoo.com,+91-XXXXX-XX45,XXXX-XXXX-7181,S**** K****
898,P1897,M,9,Youth (<18),kr***********@outlook.com,+91-XXXXX-XX28,XXXX-XXXX-1815,K**** M****
899,P1898,F,3,Youth (<18),sh***********@hotmail.com,+91-XXXXX-XX86,XXXX-XXXX-6666,S**** S****
900,P1899,M,31,Young Adult (18-35),sh***********@gmail.com,+91-XXXXX-XX37,XXXX-XXXX-0803,S**** G****
901,P1900,F,40,Middle Aged (36-50),ri*******@hotmail.com,+91-XXXXX-XX59,XXXX-XXXX-5806,R**** I****
902,P1901,F,36,Middle Aged (36-50),aa*********@hotmail.com,+91-XXXXX-XX15,XXXX-XXXX-1373,A**** P****
903,P1902,M,24,Young Adult (18-35),vi***********@hotmail.com,+91-XXXXX-XX11,XXXX-XXXX-6356,V**** P****
904,P1903,F,6,Youth (<18),aa********@yahoo.com,+91-XXXXX-XX42,XXXX-XXXX-6664,A**** N****
905,P1904,F,66,Senior (65+),sh************@rediffmail.com,+91-XXXXX-XX83,XXXX-XXXX-1271,S**** J****
906,P1905,M,84,Senior (65+),vi************@rediffmail.com,+91-XXXXX-XX23,XXXX-XXXX-6211,V**** P****
907,P1906,F,75,Senior (65+),sa*************@hotmail.com,+91-XXXXX-XX84,XXXX-XXXX-0902,S**** C****
908,P1907,F,4,Youth (<18),sa********@outlook.com,+91-XXXXX-XX98,XXXX-XXXX-1323,S**** S****
909,P1908,F,79,Senior (65+),aa***********@rediffmail.com,+91-XXXXX-XX16,XXXX-XXXX-8501,A**** S****
910,P1909,M,6,Youth (<18),an***************@rediffmail.com,+91-XXXXX-XX03,XXXX-XXXX-6090,A**** C****
911,P1910,F,51,Senior Adult (51-65),kr*************@hotmail.com,+91-XXXXX-XX44,XXXX-XXXX-4967,K**** S****
912,P1911,F,62,Senior Adult (51-65),sh************@rediffmail.com,+91-XXXXX-XX62,XXXX-XXXX-4264,S**** J****
913,P1912,F,57,Senior Adult (51-65),di***********@rediffmail.com,+91-XXXXX-XX52,XXXX-XXXX-3333,D**** K****
914,P1913,F,66,Senior (65+),an**********@hotmail.com,+91-XXXXX-XX18,XXXX-XXXX-1874,A**** N****
915,P1914,M,79,Senior (65+),di***********@gmail.com,+91-XXXXX-XX48,XXXX-XXXX-0369,D**** B****
916,P1915,M,75,Senior (65+),sa*******@outlook.com,+91-XXXXX-XX09,XXXX-XXXX-2759,S**** P****
917,P1916,F,8,Youth (<18),my*******@gmail.com,+91-XXXXX-XX95,XXXX-XXXX-5323,M**** D****
918,P1917,F,26,Young Adult (18-35),kr***********@gmail.com,+91-XXXXX-XX20,XXXX-XXXX-1822,K**** G****
919,P1918,M,51,Senior Adult (51-65),an**********@gmail.com,+91-XXXXX-XX08,XXXX-XXXX-1026,A**** G****
920,P1919,M,45,Middle Aged (36-50),aa********@rediffmail.com,+91-XXXXX-XX62,XXXX-XXXX-0795,A**** I****
921,P1920,F,44,Middle Aged (36-50),re*************@outlook.com,+91-XXXXX-XX40,XXXX-XXXX-4159,R**** A****
922,P1921,M,5,Youth (<18),is****************@hotmail.com,+91-XXXXX-XX61,XXXX-XXXX-5203,I**** C****
923,P1922,F,70,Senior (65+),ad***********@outlook.com,+91-XXXXX-XX72,XXXX-XXXX-2909,A**** G****
924,P1923,M,26,Young Adult (18-35),sa*******@rediffmail.com,+91-XXXXX-XX45,XXXX-XXXX-6652,S**** G****
925,P1924,M,68,Senior (65+),an*********@outlook.com,+91-XXXXX-XX70,XXXX-XXXX-0213,A**** R****
926,P1925,M,19,Young Adult (18-35),di********@outlook.com,+91-XXXXX-XX16,XXXX-XXXX-1297,D**** N****
927,P1926,M,84,Senior (65+),kr**********@outlook.com,+91-XXXXX-XX58,XXXX-XXXX-0633,K**** I****
928,P1927,F,20,Young Adult (18-35),sa*******@gmail.com,+91-XXXXX-XX99,XXXX-XXXX-4907,S**** R****
929,P1928,M,12,Youth (<18),sh*************@gmail.com,+91-XXXXX-XX73,XXXX-XXXX-3253,S**** A****
930,P1929,M,47,Middle Aged (36-50),aa**********@hotmail.com,+91-XXXXX-XX49,XXXX-XXXX-8044,A**** S****
931,P1930,F,1,Youth (<18),vi**********@gmail.com,+91-XXXXX-XX34,XXXX-XXXX-5959,V**** G****
932,P1931,M,14,Youth (<18),ar*********@hotmail.com,+91-XXXXX-XX09,XXXX-XXXX-5833,A**** V****
933,P1932,M,64,Senior Adult (51-65),ir*******@outlook.com,+91-XXXXX-XX08,XXXX-XXXX-2310,I**** G****
934,P1933,F,38,Middle Aged (36-50),ir******@yahoo.com,+91-XXXXX-XX56,XXXX-XXXX-3379,I**** K****
935,P1934,M,37,Middle Aged (36-50),sh************@rediffmail.com,+91-XXXXX-XX16,XXXX-XXXX-4238,S**** V****
936,P1935,F,11,Youth (<18),my***********@yahoo.com,+91-XXXXX-XX47,XXXX-XXXX-1928,M**** K****
937,P1936,F,77,Senior (65+),ri********@outlook.com,+91-XXXXX-XX23,XXXX-XXXX-3535,R**** V****
938,P1937,F,3,Youth (<18),an**********@outlook.com,+91-XXXXX-XX36,XXXX-XXXX-3379,A**** G****
939,P1938,F,33,Young Adult (18-35),re***********@outlook.com,+91-XXXXX-XX71,XXXX-XXXX-4176,R**** J****
940,P1939,M,6,Youth (<18),re************@outlook.com,+91-XXXXX-XX39,XXXX-XXXX-7824,R**** M****
941,P1940,F,50,Middle Aged (36-50),re************@outlook.com,+91-XXXXX-XX62,XXXX-XXXX-8436,R**** R****
942,P1941,M,10,Youth (<18),ri********@gmail.com,+91-XXXXX-XX02,XXXX-XXXX-7276,R**** N****
943,P1942,M,5,Youth (<18),ri*********@hotmail.com,+91-XXXXX-XX10,XXXX-XXXX-4292,R**** P****
944,P1943,M,23,Young Adult (18-35),sh***********@gmail.com,+91-XXXXX-XX50,XXXX-XXXX-6562,S**** N****
945,P1944,M,10,Youth (<18),ri************@yahoo.com,+91-XXXXX-XX37,XXXX-XXXX-6808,R**** U****
946,P1945,M,44,Middle Aged (36-50),ri********@rediffmail.com,+91-XXXXX-XX27,XXXX-XXXX-0800,R**** V****
947,P1946,M,2,Youth (<18),ad***********@yahoo.com,+91-XXXXX-XX06,XXXX-XXXX-6608,A**** M****
948,P1947,M,13,Youth (<18),mu*************@gmail.com,+91-XXXXX-XX80,XXXX-XXXX-7051,M**** S****
949,P1948,M,40,Middle Aged (36-50),is**********@hotmail.com,+91-XXXXX-XX78,XXXX-XXXX-5862,I**** V****
950,P1949,M,2,Youth (<18),sa**********@hotmail.com,+91-XXXXX-XX33,XXXX-XXXX-7986,S**** G****
951,P1950,M,84,Senior (65+),ar*********@gmail.com,+91-XXXXX-XX80,XXXX-XXXX-5703,A**** M****
952,P1951,F,65,Senior Adult (51-65),vi*************@outlook.com,+91-XXXXX-XX85,XXXX-XXXX-6576,V**** B****
953,P1952,F,63,Senior Adult (51-65),my******@yahoo.com,+91-XXXXX-XX96,XXXX-XXXX-0900,M**** D****
954,P1953,F,73,Senior (65+),ka*********@outlook.com,+91-XXXXX-XX90,XXXX-XXXX-5146,K**** I****
955,P1954,M,17,Youth (<18),an***********@outlook.com,+91-XXXXX-XX81,XXXX-XXXX-2011,A**** A****
956,P1955,F,9,Youth (<18),aa*******@rediffmail.com,+91-XXXXX-XX59,XXXX-XXXX-6007,A**** D****
957,P1956,F,75,Senior (65+),aa*********@rediffmail.com,+91-XXXXX-XX95,XXXX-XXXX-4043,A**** I****
958,P1957,F,15,Youth (<18),is**********@rediffmail.com,+91-XXXXX-XX45,XXXX-XXXX-5195,I**** V****
959,P1958,M,24,Young Adult (18-35),ar*********@rediffmail.com,+91-XXXXX-XX87,XXXX-XXXX-9657,A**** G****
960,P1959,M,38,Middle Aged (36-50),sa******@outlook.com,+91-XXXXX-XX01,XXXX-XXXX-2557,S**** K****
961,P1960,M,35,Young Adult (18-35),ka**********@hotmail.com,+91-XXXXX-XX16,XXXX-XXXX-2361,K**** M****
962,P1961,M,49,Middle Aged (36-50),mu***********@hotmail.com,+91-XXXXX-XX00,XXXX-XXXX-7155,M**** I****
963,P1962,F,69,Senior (65+),kr***********@hotmail.com,+91-XXXXX-XX49,XXXX-XXXX-0817,K**** S****
964,P1963,F,62,Senior Adult (51-65),sa*********@outlook.com,+91-XXXXX-XX85,XXXX-XXXX-0413,S**** P****
965,P1964,F,60,Senior Adult (51-65),sh***********@gmail.com,+91-XXXXX-XX80,XXXX-XXXX-5653,S**** V****
966,P1965,F,50,Middle Aged (36-50),aa************@hotmail.com,+91-XXXXX-XX52,XXXX-XXXX-0476,A**** B****
967,P1966,M,78,Senior (65+),ri********@gmail.com,+91-XXXXX-XX06,XXXX-XXXX-1748,R**** S****
968,P1967,M,75,Senior (65+),an*********@yahoo.com,+91-XXXXX-XX91,XXXX-XXXX-8739,A**** I****
969,P1968,M,9,Youth (<18),sh************@gmail.com,+91-XXXXX-XX07,XXXX-XXXX-9680,S**** P****
970,P1969,F,34,Young Adult (18-35),sh****************@gmail.com,+91-XXXXX-XX52,XXXX-XXXX-1213,S**** C****
971,P1970,M,76,Senior (65+),vi**********@yahoo.com,+91-XXXXX-XX53,XXXX-XXXX-7371,V**** V****
972,P1971,M,35,Young Adult (18-35),vi***********@yahoo.com,+91-XXXXX-XX20,XXXX-XXXX-8581,V**** G****
973,P1972,F,1,Youth (<18),ad***********@gmail.com,+91-XXXXX-XX25,XXXX-XXXX-6832,A**** J****
974,P1973,F,40,Middle Aged (36-50),ka***********@yahoo.com,+91-XXXXX-XX80,XXXX-XXXX-1296,K**** M****
975,P1974,M,64,Senior Adult (51-65),ka***********@gmail.com,+91-XXXXX-XX98,XXXX-XXXX-0184,K**** M****
976,P1975,M,22,Young Adult (18-35),ri********@gmail.com,+91-XXXXX-XX08,XXXX-XXXX-7312,R**** P****
977,P1976,M,60,Senior Adult (51-65),re**********@hotmail.com,+91-XXXXX-XX86,XXXX-XXXX-2365,R**** K****
978,P1977,M,64,Senior Adult (51-65),sh************@outlook.com,+91-XXXXX-XX12,XXXX-XXXX-7932,S**** J****
979,P1978,M,72,Senior (65+),vi***********@hotmail.com,+91-XXXXX-XX92,XXXX-XXXX-9061,V**** S****
980,P1979,M,11,Youth (<18),ka*********@yahoo.com,+91-XXXXX-XX95,XXXX-XXXX-5478,K**** G****
981,P1980,F,14,Youth (<18),ar*********@hotmail.com,+91-XXXXX-XX12,XXXX-XXXX-4444,A**** G****
982,P1981,F,60,Senior Adult (51-65),di********@yahoo.com,+91-XXXXX-XX18,XXXX-XXXX-6449,D**** G****
983,P1982,F,30,Young Adult (18-35),aa********@outlook.com,+91-XXXXX-XX13,XXXX-XXXX-4978,A**** D****
984,P1983,M,35,Young Adult (18-35),mu***********@outlook.com,+91-XXXXX-XX37,XXXX-XXXX-7789,M**** K****
985,P1984,F,85,Senior (65+),is***********@hotmail.com,+91-XXXXX-XX50,XXXX-XXXX-6512,I**** S****
986,P1985,M,37,Middle Aged (36-50),aa*************@gmail.com,+91-XXXXX-XX70,XXXX-XXXX-9485,A**** U****
987,P1986,M,5,Youth (<18),di*******@gmail.com,+91-XXXXX-XX94,XXXX-XXXX-1994,D**** K****
988,P1987,F,83,Senior (65+),sa**********@gmail.com,+91-XXXXX-XX41,XXXX-XXXX-1034,S**** P****
989,P1988,M,78,Senior (65+),ka********@hotmail.com,+91-XXXXX-XX43,XXXX-XXXX-6960,K**** I****
990,P1989,M,26,Young Adult (18-35),re****************@outlook.com,+91-XXXXX-XX52,XXXX-XXXX-9679,R**** C****
991,P1990,F,62,Senior Adult (51-65),ar***********@yahoo.com,+91-XXXXX-XX53,XXXX-XXXX-4343,A**** A****
992,P1991,F,4,Youth (<18),aa************@rediffmail.com,+91-XXXXX-XX19,XXXX-XXXX-2239,A**** S****
993,P1992,F,89,Senior (65+),di********@hotmail.com,+91-XXXXX-XX36,XXXX-XXXX-8041,D**** S****
994,P1993,M,42,Middle Aged (36-50),mu*************@rediffmail.com,+91-XXXXX-XX35,XXXX-XXXX-8131,M**** N****
995,P1994,F,89,Senior (65+),di***************@gmail.com,+91-XXXXX-XX29,XXXX-XXXX-2480,D**** U****
996,P1995,F,18,Young Adult (18-35),ar**********@gmail.com,+91-XXXXX-XX02,XXXX-XXXX-9473,A**** V****
997,P1996,M,40,Middle Aged (36-50),ir******@gmail.com,+91-XXXXX-XX87,XXXX-XXXX-8768,I**** N****
998,P1997,F,72,Senior (65+),aa**********@rediffmail.com,+91-XXXXX-XX62,XXXX-XXXX-2872,A**** R****
999,P1998,F,39,Middle Aged (36-50),sh**************@gmail.com,+91-XXXXX-XX51,XXXX-XXXX-5730,S**** K****
1000,P1999,F,14,Youth (<18),an***************@outlook.com,+91-XXXXX-XX44,XXXX-XXXX-0576,A**** U****
