date_key,full_date,year,month,month_name,day,day_name,is_weekend
20250417,2025-04-17,2025,4,April,17,Thursday,False
20250418,2025-04-18,2025,4,April,18,Friday,False
20250419,2025-04-19,2025,4,April,19,Saturday,True
20250420,2025-04-20,2025,4,April,20,Sunday,True
20250421,2025-04-21,2025,4,April,21,Monday,False
20250422,2025-04-22,2025,4,April,22,Tuesday,False
20250423,2025-04-23,2025,4,April,23,Wednesday,False
20250424,2025-04-24,2025,4,April,24,Thursday,False
20250425,2025-04-25,2025,4,April,25,Friday,False
20250426,2025-04-26,2025,4,April,26,Saturday,True
20250427,2025-04-27,2025,4,April,27,Sunday,True
20250428,2025-04-28,2025,4,April,28,Monday,False
20250429,2025-04-29,2025,4,April,29,Tuesday,False
20250430,2025-04-30,2025,4,April,30,Wednesday,False
20250501,2025-05-01,2025,5,May,1,Thursday,False
20250502,2025-05-02,2025,5,May,2,Friday,False
20250503,2025-05-03,2025,5,May,3,Saturday,True
20250504,2025-05-04,2025,5,May,4,Sunday,True
20250505,2025-05-05,2025,5,May,5,Monday,False
20250506,2025-05-06,2025,5,May,6,Tuesday,False
20250507,2025-05-07,2025,5,May,7,Wednesday,False
20250508,2025-05-08,2025,5,May,8,Thursday,False
20250509,2025-05-09,2025,5,May,9,Friday,False
20250510,2025-05-10,2025,5,May,10,Saturday,True
20250511,2025-05-11,2025,5,May,11,Sunday,True
20250512,2025-05-12,2025,5,May,12,Monday,False
20250513,2025-05-13,2025,5,May,13,Tuesday,False
20250514,2025-05-14,2025,5,May,14,Wednesday,False
20250515,2025-05-15,2025,5,May,15,Thursday,False
20250516,2025-05-16,2025,5,May,16,Friday,False
20250517,2025-05-17,2025,5,May,17,Saturday,True
20250518,2025-05-18,2025,5,May,18,Sunday,True
20250519,2025-05-19,2025,5,May,19,Monday,False
20250520,2025-05-20,2025,5,May,20,Tuesday,False
20250521,2025-05-21,2025,5,May,21,Wednesday,False
20250522,2025-05-22,2025,5,May,22,Thursday,False
20250523,2025-05-23,2025,5,May,23,Friday,False
20250524,2025-05-24,2025,5,May,24,Saturday,True
20250525,2025-05-25,2025,5,May,25,Sunday,True
20250526,2025-05-26,2025,5,May,26,Monday,False
20250527,2025-05-27,2025,5,May,27,Tuesday,False
20250528,2025-05-28,2025,5,May,28,Wednesday,False
20250529,2025-05-29,2025,5,May,29,Thursday,False
20250531,2025-05-31,2025,5,May,31,Saturday,True
20250601,2025-06-01,2025,6,June,1,Sunday,True
20250602,2025-06-02,2025,6,June,2,Monday,False
20250603,2025-06-03,2025,6,June,3,Tuesday,False
20250604,2025-06-04,2025,6,June,4,Wednesday,False
20250605,2025-06-05,2025,6,June,5,Thursday,False
20250606,2025-06-06,2025,6,June,6,Friday,False
20250607,2025-06-07,2025,6,June,7,Saturday,True
20250608,2025-06-08,2025,6,June,8,Sunday,True
20250609,2025-06-09,2025,6,June,9,Monday,False
20250610,2025-06-10,2025,6,June,10,Tuesday,False
20250611,2025-06-11,2025,6,June,11,Wednesday,False
20250612,2025-06-12,2025,6,June,12,Thursday,False
20250613,2025-06-13,2025,6,June,13,Friday,False
20250614,2025-06-14,2025,6,June,14,Saturday,True
20250615,2025-06-15,2025,6,June,15,Sunday,True
20250616,2025-06-16,2025,6,June,16,Monday,False
20250617,2025-06-17,2025,6,June,17,Tuesday,False
20250619,2025-06-19,2025,6,June,19,Thursday,False
20250620,2025-06-20,2025,6,June,20,Friday,False
20250621,2025-06-21,2025,6,June,21,Saturday,True
20250622,2025-06-22,2025,6,June,22,Sunday,True
20250623,2025-06-23,2025,6,June,23,Monday,False
20250624,2025-06-24,2025,6,June,24,Tuesday,False
20250625,2025-06-25,2025,6,June,25,Wednesday,False
20250626,2025-06-26,2025,6,June,26,Thursday,False
20250627,2025-06-27,2025,6,June,27,Friday,False
20250628,2025-06-28,2025,6,June,28,Saturday,True
20250629,2025-06-29,2025,6,June,29,Sunday,True
20250630,2025-06-30,2025,6,June,30,Monday,False
20250701,2025-07-01,2025,7,July,1,Tuesday,False
20250702,2025-07-02,2025,7,July,2,Wednesday,False
20250703,2025-07-03,2025,7,July,3,Thursday,False
20250704,2025-07-04,2025,7,July,4,Friday,False
20250705,2025-07-05,2025,7,July,5,Saturday,True
20250706,2025-07-06,2025,7,July,6,Sunday,True
20250707,2025-07-07,2025,7,July,7,Monday,False
20250708,2025-07-08,2025,7,July,8,Tuesday,False
20250709,2025-07-09,2025,7,July,9,Wednesday,False
20250710,2025-07-10,2025,7,July,10,Thursday,False
20250711,2025-07-11,2025,7,July,11,Friday,False
20250712,2025-07-12,2025,7,July,12,Saturday,True
20250713,2025-07-13,2025,7,July,13,Sunday,True
20250714,2025-07-14,2025,7,July,14,Monday,False
20250715,2025-07-15,2025,7,July,15,Tuesday,False
20250716,2025-07-16,2025,7,July,16,Wednesday,False
20250718,2025-07-18,2025,7,July,18,Friday,False
20250719,2025-07-19,2025,7,July,19,Saturday,True
20250720,2025-07-20,2025,7,July,20,Sunday,True
20250722,2025-07-22,2025,7,July,22,Tuesday,False
20250723,2025-07-23,2025,7,July,23,Wednesday,False
20250725,2025-07-25,2025,7,July,25,Friday,False
20250726,2025-07-26,2025,7,July,26,Saturday,True
20250727,2025-07-27,2025,7,July,27,Sunday,True
20250728,2025-07-28,2025,7,July,28,Monday,False
20250729,2025-07-29,2025,7,July,29,Tuesday,False
20250730,2025-07-30,2025,7,July,30,Wednesday,False
20250731,2025-07-31,2025,7,July,31,Thursday,False
20250801,2025-08-01,2025,8,August,1,Friday,False
20250802,2025-08-02,2025,8,August,2,Saturday,True
20250803,2025-08-03,2025,8,August,3,Sunday,True
20250804,2025-08-04,2025,8,August,4,Monday,False
20250805,2025-08-05,2025,8,August,5,Tuesday,False
20250806,2025-08-06,2025,8,August,6,Wednesday,False
20250807,2025-08-07,2025,8,August,7,Thursday,False
20250808,2025-08-08,2025,8,August,8,Friday,False
20250809,2025-08-09,2025,8,August,9,Saturday,True
20250810,2025-08-10,2025,8,August,10,Sunday,True
20250811,2025-08-11,2025,8,August,11,Monday,False
20250812,2025-08-12,2025,8,August,12,Tuesday,False
20250813,2025-08-13,2025,8,August,13,Wednesday,False
20250814,2025-08-14,2025,8,August,14,Thursday,False
20250815,2025-08-15,2025,8,August,15,Friday,False
20250816,2025-08-16,2025,8,August,16,Saturday,True
20250817,2025-08-17,2025,8,August,17,Sunday,True
20250818,2025-08-18,2025,8,August,18,Monday,False
20250819,2025-08-19,2025,8,August,19,Tuesday,False
20250820,2025-08-20,2025,8,August,20,Wednesday,False
20250821,2025-08-21,2025,8,August,21,Thursday,False
20250822,2025-08-22,2025,8,August,22,Friday,False
20250823,2025-08-23,2025,8,August,23,Saturday,True
20250824,2025-08-24,2025,8,August,24,Sunday,True
20250825,2025-08-25,2025,8,August,25,Monday,False
20250826,2025-08-26,2025,8,August,26,Tuesday,False
20250827,2025-08-27,2025,8,August,27,Wednesday,False
20250828,2025-08-28,2025,8,August,28,Thursday,False
20250829,2025-08-29,2025,8,August,29,Friday,False
20250830,2025-08-30,2025,8,August,30,Saturday,True
20250831,2025-08-31,2025,8,August,31,Sunday,True
20250901,2025-09-01,2025,9,September,1,Monday,False
20250902,2025-09-02,2025,9,September,2,Tuesday,False
20250903,2025-09-03,2025,9,September,3,Wednesday,False
20250904,2025-09-04,2025,9,September,4,Thursday,False
20250905,2025-09-05,2025,9,September,5,Friday,False
20250906,2025-09-06,2025,9,September,6,Saturday,True
20250907,2025-09-07,2025,9,September,7,Sunday,True
20250909,2025-09-09,2025,9,September,9,Tuesday,False
20250911,2025-09-11,2025,9,September,11,Thursday,False
20250912,2025-09-12,2025,9,September,12,Friday,False
20250914,2025-09-14,2025,9,September,14,Sunday,True
20250915,2025-09-15,2025,9,September,15,Monday,False
20250917,2025-09-17,2025,9,September,17,Wednesday,False
20250918,2025-09-18,2025,9,September,18,Thursday,False
20250919,2025-09-19,2025,9,September,19,Friday,False
20250921,2025-09-21,2025,9,September,21,Sunday,True
20250922,2025-09-22,2025,9,September,22,Monday,False
20250923,2025-09-23,2025,9,September,23,Tuesday,False
20250924,2025-09-24,2025,9,September,24,Wednesday,False
20250925,2025-09-25,2025,9,September,25,Thursday,False
20250926,2025-09-26,2025,9,September,26,Friday,False
20250927,2025-09-27,2025,9,September,27,Saturday,True
20250928,2025-09-28,2025,9,September,28,Sunday,True
20250929,2025-09-29,2025,9,September,29,Monday,False
20250930,2025-09-30,2025,9,September,30,Tuesday,False
20251001,2025-10-01,2025,10,October,1,Wednesday,False
20251002,2025-10-02,2025,10,October,2,Thursday,False
20251003,2025-10-03,2025,10,October,3,Friday,False
20251004,2025-10-04,2025,10,October,4,Saturday,True
20251005,2025-10-05,2025,10,October,5,Sunday,True
20251006,2025-10-06,2025,10,October,6,Monday,False
20251007,2025-10-07,2025,10,October,7,Tuesday,False
20251008,2025-10-08,2025,10,October,8,Wednesday,False
20251009,2025-10-09,2025,10,October,9,Thursday,False
20251010,2025-10-10,2025,10,October,10,Friday,False
20251011,2025-10-11,2025,10,October,11,Saturday,True
20251012,2025-10-12,2025,10,October,12,Sunday,True
20251013,2025-10-13,2025,10,October,13,Monday,False
20251014,2025-10-14,2025,10,October,14,Tuesday,False
20251015,2025-10-15,2025,10,October,15,Wednesday,False
20251016,2025-10-16,2025,10,October,16,Thursday,False
20251017,2025-10-17,2025,10,October,17,Friday,False
20251018,2025-10-18,2025,10,October,18,Saturday,True
20251019,2025-10-19,2025,10,October,19,Sunday,True
20251020,2025-10-20,2025,10,October,20,Monday,False
20251021,2025-10-21,2025,10,October,21,Tuesday,False
20251022,2025-10-22,2025,10,October,22,Wednesday,False
20251023,2025-10-23,2025,10,October,23,Thursday,False
20251024,2025-10-24,2025,10,October,24,Friday,False
20251025,2025-10-25,2025,10,October,25,Saturday,True
20251026,2025-10-26,2025,10,October,26,Sunday,True
20251028,2025-10-28,2025,10,October,28,Tuesday,False
20251030,2025-10-30,2025,10,October,30,Thursday,False
20251031,2025-10-31,2025,10,October,31,Friday,False
20251101,2025-11-01,2025,11,November,1,Saturday,True
20251102,2025-11-02,2025,11,November,2,Sunday,True
20251103,2025-11-03,2025,11,November,3,Monday,False
20251104,2025-11-04,2025,11,November,4,Tuesday,False
20251105,2025-11-05,2025,11,November,5,Wednesday,False
20251106,2025-11-06,2025,11,November,6,Thursday,False
20251107,2025-11-07,2025,11,November,7,Friday,False
20251108,2025-11-08,2025,11,November,8,Saturday,True
20251109,2025-11-09,2025,11,November,9,Sunday,True
20251110,2025-11-10,2025,11,November,10,Monday,False
20251111,2025-11-11,2025,11,November,11,Tuesday,False
20251112,2025-11-12,2025,11,November,12,Wednesday,False
20251113,2025-11-13,2025,11,November,13,Thursday,False
20251114,2025-11-14,2025,11,November,14,Friday,False
20251115,2025-11-15,2025,11,November,15,Saturday,True
20251116,2025-11-16,2025,11,November,16,Sunday,True
20251117,2025-11-17,2025,11,November,17,Monday,False
20251118,2025-11-18,2025,11,November,18,Tuesday,False
20251119,2025-11-19,2025,11,November,19,Wednesday,False
20251120,2025-11-20,2025,11,November,20,Thursday,False
20251121,2025-11-21,2025,11,November,21,Friday,False
20251122,2025-11-22,2025,11,November,22,Saturday,True
20251123,2025-11-23,2025,11,November,23,Sunday,True
20251124,2025-11-24,2025,11,November,24,Monday,False
20251125,2025-11-25,2025,11,November,25,Tuesday,False
20251126,2025-11-26,2025,11,November,26,Wednesday,False
20251127,2025-11-27,2025,11,November,27,Thursday,False
20251128,2025-11-28,2025,11,November,28,Friday,False
20251129,2025-11-29,2025,11,November,29,Saturday,True
20251130,2025-11-30,2025,11,November,30,Sunday,True
20251201,2025-12-01,2025,12,December,1,Monday,False
20251202,2025-12-02,2025,12,December,2,Tuesday,False
20251203,2025-12-03,2025,12,December,3,Wednesday,False
20251204,2025-12-04,2025,12,December,4,Thursday,False
20251205,2025-12-05,2025,12,December,5,Friday,False
20251206,2025-12-06,2025,12,December,6,Saturday,True
20251207,2025-12-07,2025,12,December,7,Sunday,True
20251208,2025-12-08,2025,12,December,8,Monday,False
20251209,2025-12-09,2025,12,December,9,Tuesday,False
20251210,2025-12-10,2025,12,December,10,Wednesday,False
20251211,2025-12-11,2025,12,December,11,Thursday,False
20251212,2025-12-12,2025,12,December,12,Friday,False
20251213,2025-12-13,2025,12,December,13,Saturday,True
20251214,2025-12-14,2025,12,December,14,Sunday,True
20251215,2025-12-15,2025,12,December,15,Monday,False
20251216,2025-12-16,2025,12,December,16,Tuesday,False
20251217,2025-12-17,2025,12,December,17,Wednesday,False
20251219,2025-12-19,2025,12,December,19,Friday,False
20251220,2025-12-20,2025,12,December,20,Saturday,True
20251221,2025-12-21,2025,12,December,21,Sunday,True
20251222,2025-12-22,2025,12,December,22,Monday,False
20251223,2025-12-23,2025,12,December,23,Tuesday,False
20251224,2025-12-24,2025,12,December,24,Wednesday,False
20251225,2025-12-25,2025,12,December,25,Thursday,False
20251226,2025-12-26,2025,12,December,26,Friday,False
20251227,2025-12-27,2025,12,December,27,Saturday,True
20251228,2025-12-28,2025,12,December,28,Sunday,True
20251229,2025-12-29,2025,12,December,29,Monday,False
20251230,2025-12-30,2025,12,December,30,Tuesday,False
20251231,2025-12-31,2025,12,December,31,Wednesday,False
20260101,2026-01-01,2026,1,January,1,Thursday,False
20260102,2026-01-02,2026,1,January,2,Friday,False
20260103,2026-01-03,2026,1,January,3,Saturday,True
20260104,2026-01-04,2026,1,January,4,Sunday,True
20260105,2026-01-05,2026,1,January,5,Monday,False
20260106,2026-01-06,2026,1,January,6,Tuesday,False
20260107,2026-01-07,2026,1,January,7,Wednesday,False
20260108,2026-01-08,2026,1,January,8,Thursday,False
20260109,2026-01-09,2026,1,January,9,Friday,False
20260111,2026-01-11,2026,1,January,11,Sunday,True
20260113,2026-01-13,2026,1,January,13,Tuesday,False
20260114,2026-01-14,2026,1,January,14,Wednesday,False
20260115,2026-01-15,2026,1,January,15,Thursday,False
20260116,2026-01-16,2026,1,January,16,Friday,False
20260117,2026-01-17,2026,1,January,17,Saturday,True
20260118,2026-01-18,2026,1,January,18,Sunday,True
20260119,2026-01-19,2026,1,January,19,Monday,False
20260120,2026-01-20,2026,1,January,20,Tuesday,False
20260121,2026-01-21,2026,1,January,21,Wednesday,False
20260122,2026-01-22,2026,1,January,22,Thursday,False
20260123,2026-01-23,2026,1,January,23,Friday,False
20260124,2026-01-24,2026,1,January,24,Saturday,True
20260126,2026-01-26,2026,1,January,26,Monday,False
20260127,2026-01-27,2026,1,January,27,Tuesday,False
20260128,2026-01-28,2026,1,January,28,Wednesday,False
20260129,2026-01-29,2026,1,January,29,Thursday,False
20260130,2026-01-30,2026,1,January,30,Friday,False
20260131,2026-01-31,2026,1,January,31,Saturday,True
20260201,2026-02-01,2026,2,February,1,Sunday,True
20260202,2026-02-02,2026,2,February,2,Monday,False
20260203,2026-02-03,2026,2,February,3,Tuesday,False
20260204,2026-02-04,2026,2,February,4,Wednesday,False
20260205,2026-02-05,2026,2,February,5,Thursday,False
20260206,2026-02-06,2026,2,February,6,Friday,False
20260207,2026-02-07,2026,2,February,7,Saturday,True
20260208,2026-02-08,2026,2,February,8,Sunday,True
20260209,2026-02-09,2026,2,February,9,Monday,False
20260210,2026-02-10,2026,2,February,10,Tuesday,False
20260211,2026-02-11,2026,2,February,11,Wednesday,False
20260212,2026-02-12,2026,2,February,12,Thursday,False
20260213,2026-02-13,2026,2,February,13,Friday,False
20260214,2026-02-14,2026,2,February,14,Saturday,True
20260215,2026-02-15,2026,2,February,15,Sunday,True
20260216,2026-02-16,2026,2,February,16,Monday,False
20260217,2026-02-17,2026,2,February,17,Tuesday,False
20260219,2026-02-19,2026,2,February,19,Thursday,False
20260221,2026-02-21,2026,2,February,21,Saturday,True
20260222,2026-02-22,2026,2,February,22,Sunday,True
20260223,2026-02-23,2026,2,February,23,Monday,False
20260224,2026-02-24,2026,2,February,24,Tuesday,False
20260227,2026-02-27,2026,2,February,27,Friday,False
20260228,2026-02-28,2026,2,February,28,Saturday,True
20260304,2026-03-04,2026,3,March,4,Wednesday,False
20260305,2026-03-05,2026,3,March,5,Thursday,False
20260306,2026-03-06,2026,3,March,6,Friday,False
20260307,2026-03-07,2026,3,March,7,Saturday,True
20260308,2026-03-08,2026,3,March,8,Sunday,True
20260309,2026-03-09,2026,3,March,9,Monday,False
20260310,2026-03-10,2026,3,March,10,Tuesday,False
20260311,2026-03-11,2026,3,March,11,Wednesday,False
20260312,2026-03-12,2026,3,March,12,Thursday,False
20260313,2026-03-13,2026,3,March,13,Friday,False
20260314,2026-03-14,2026,3,March,14,Saturday,True
20260315,2026-03-15,2026,3,March,15,Sunday,True
20260317,2026-03-17,2026,3,March,17,Tuesday,False
20260318,2026-03-18,2026,3,March,18,Wednesday,False
20260319,2026-03-19,2026,3,March,19,Thursday,False
20260320,2026-03-20,2026,3,March,20,Friday,False
20260321,2026-03-21,2026,3,March,21,Saturday,True
20260322,2026-03-22,2026,3,March,22,Sunday,True
20260323,2026-03-23,2026,3,March,23,Monday,False
20260324,2026-03-24,2026,3,March,24,Tuesday,False
20260325,2026-03-25,2026,3,March,25,Wednesday,False
20260326,2026-03-26,2026,3,March,26,Thursday,False
20260327,2026-03-27,2026,3,March,27,Friday,False
20260328,2026-03-28,2026,3,March,28,Saturday,True
20260329,2026-03-29,2026,3,March,29,Sunday,True
20260330,2026-03-30,2026,3,March,30,Monday,False
20260331,2026-03-31,2026,3,March,31,Tuesday,False
20260401,2026-04-01,2026,4,April,1,Wednesday,False
20260402,2026-04-02,2026,4,April,2,Thursday,False
20260403,2026-04-03,2026,4,April,3,Friday,False
20260404,2026-04-04,2026,4,April,4,Saturday,True
20260405,2026-04-05,2026,4,April,5,Sunday,True
20260406,2026-04-06,2026,4,April,6,Monday,False
20260407,2026-04-07,2026,4,April,7,Tuesday,False
20260408,2026-04-08,2026,4,April,8,Wednesday,False
20260409,2026-04-09,2026,4,April,9,Thursday,False
20260410,2026-04-10,2026,4,April,10,Friday,False
20260411,2026-04-11,2026,4,April,11,Saturday,True
20260412,2026-04-12,2026,4,April,12,Sunday,True
20260413,2026-04-13,2026,4,April,13,Monday,False
20260414,2026-04-14,2026,4,April,14,Tuesday,False
20260415,2026-04-15,2026,4,April,15,Wednesday,False
20260416,2026-04-16,2026,4,April,16,Thursday,False
20260417,2026-04-17,2026,4,April,17,Friday,False
20260418,2026-04-18,2026,4,April,18,Saturday,True
20260419,2026-04-19,2026,4,April,19,Sunday,True
20260420,2026-04-20,2026,4,April,20,Monday,False
