payment_id,booking_id,route_key,airline_key,payment_method,amount,is_amount_imputed
PAY1000,B1116,8,2,NETBANKING,9883.49,False
PAY1001,B1738,2,3,NETBANKING,8457.96,False
PAY1002,B1873,4,2,UPI,6495.37,False
PAY1003,B1914,15,4,NETBANKING,5079.38,False
PAY1004,B1967,14,1,CARD,12518.31,False
PAY1005,B1998,23,2,CARD,7319.71,False
PAY1006,B1544,29,1,CARD,8020.26,False
PAY1007,B1043,12,2,UPI,8291.6,False
PAY1008,B1508,24,1,CARD,7277.14,False
PAY1009,B1987,4,2,CARD,4585.24,False
PAY1010,B1164,21,2,UPI,2684.77,False
PAY1011,B1367,5,4,CARD,2379.52,False
PAY1012,B1856,19,4,CARD,11604.48,False
PAY1013,B1291,29,3,NETBANKING,4129.39,False
PAY1014,B1848,7,3,UPI,1779.42,False
PAY1015,B1855,26,2,CARD,12165.24,False
PAY1016,B1916,20,1,CARD,3156.86,False
PAY1017,B1897,24,2,CARD,9752.05,False
PAY1018,B1798,29,4,CARD,8027.12,True
PAY1019,B1875,23,2,NETBANKING,8027.12,True
PAY1020,B1736,9,3,NETBANKING,6802.73,False
PAY1021,B1285,23,4,NETBANKING,1207.32,False
PAY1022,B1203,15,4,NETBANKING,12774.63,False
PAY1023,B1683,6,1,UPI,8188.97,False
PAY1024,B1523,23,3,CARD,8027.12,True
PAY1025,B1818,12,1,NETBANKING,4317.72,False
PAY1026,B1120,28,3,CARD,8027.12,True
PAY1027,B1944,12,3,UPI,3644.17,False
PAY1028,B1755,4,1,CARD,4760.39,False
PAY1029,B1663,18,1,CARD,8481.4,False
PAY1030,B1663,18,1,NETBANKING,12656.53,False
PAY1031,B1187,13,4,NETBANKING,6625.76,False
PAY1032,B1906,9,1,UPI,11037.65,False
PAY1033,B1012,8,1,CARD,8027.12,True
PAY1034,B1602,13,2,NETBANKING,4028.21,False
PAY1035,B1199,23,3,NETBANKING,12300.69,False
PAY1036,B1585,6,2,NETBANKING,11603.63,False
PAY1037,B1767,10,1,UPI,5997.12,False
PAY1038,B1455,1,1,CARD,14853.28,False
PAY1039,B1447,3,3,NETBANKING,4676.01,False
PAY1040,B1787,24,1,CARD,4567.25,False
PAY1041,B1839,23,3,UPI,11811.63,False
PAY1042,B1840,23,3,CARD,7085.2,False
PAY1043,B1070,3,3,NETBANKING,5631.13,False
PAY1044,B1589,28,4,CARD,3501.28,False
PAY1045,B1795,6,4,CARD,11714.65,False
PAY1046,B1129,9,1,UPI,12008.51,False
PAY1047,B1888,28,2,UPI,8931.9,False
PAY1048,B1042,12,4,CARD,14402.39,False
PAY1049,B1519,12,3,CARD,5454.29,False
PAY1050,B1012,8,1,CARD,4074.67,False
PAY1051,B1724,20,2,UPI,10484.53,False
PAY1052,B1622,16,3,UPI,11617.72,False
PAY1053,B1987,4,2,CARD,4148.68,False
PAY1054,B1802,21,1,UPI,2072.55,False
PAY1055,B1534,12,4,NETBANKING,12347.23,False
PAY1056,B1301,23,1,UPI,14671.03,False
PAY1057,B1765,14,3,UPI,10025.41,False
PAY1058,B1526,24,3,UPI,4890.14,False
PAY1059,B1641,15,4,NETBANKING,14953.42,False
PAY1060,B1572,2,4,NETBANKING,8027.12,True
PAY1061,B1114,4,2,NETBANKING,8187.33,False
PAY1062,B1459,17,3,CARD,12554.5,False
PAY1063,B1831,23,2,CARD,12421.49,False
PAY1064,B1504,24,3,NETBANKING,14087.19,False
PAY1065,B1307,5,4,CARD,12772.93,False
PAY1066,B1931,10,3,CARD,10011.51,False
PAY1067,B1962,27,3,CARD,9530.25,False
PAY1068,B1324,25,1,NETBANKING,7543.0,False
PAY1069,B1578,17,1,UPI,8027.12,True
PAY1070,B1760,2,4,NETBANKING,12133.03,False
PAY1071,B1174,13,2,NETBANKING,8027.12,True
PAY1072,B1850,13,2,CARD,7542.02,False
PAY1073,B1513,4,4,CARD,9031.14,False
PAY1074,B1171,14,4,UPI,7227.28,False
PAY1075,B1996,2,4,UPI,10358.84,False
PAY1076,B1959,2,1,UPI,9818.89,False
PAY1077,B1501,28,3,UPI,8027.12,True
PAY1078,B1976,14,1,NETBANKING,8576.26,False
PAY1079,B1333,6,4,UPI,2238.82,False
PAY1080,B1283,6,1,NETBANKING,1369.37,False
PAY1081,B1474,5,3,CARD,12076.76,False
PAY1082,B1053,19,4,UPI,4621.1,False
PAY1083,B1457,27,2,CARD,5769.17,False
PAY1084,B1578,17,1,CARD,1897.18,False
PAY1085,B1419,29,3,NETBANKING,3513.0,False
PAY1086,B1613,6,3,UPI,11718.47,False
PAY1087,B1631,29,4,NETBANKING,7909.43,False
PAY1088,B1702,15,4,CARD,13329.36,False
PAY1089,B1408,12,3,UPI,6561.39,False
PAY1090,B1981,5,1,CARD,4761.81,False
PAY1091,B1303,29,1,CARD,5866.4,False
PAY1092,B1934,21,4,UPI,10978.81,False
PAY1093,B1558,11,1,UPI,8770.08,False
PAY1094,B1221,12,1,UPI,13658.68,False
PAY1095,B1532,24,4,NETBANKING,9430.36,False
PAY1096,B1157,21,3,NETBANKING,7902.25,False
PAY1097,B1347,14,2,CARD,12000.54,False
PAY1098,B1158,8,2,UPI,14265.47,False
PAY1099,B1888,28,2,CARD,5981.84,False
PAY1100,B1883,12,1,CARD,4498.27,False
PAY1101,B1921,5,3,CARD,9627.04,False
PAY1102,B1234,18,4,CARD,7984.22,False
PAY1103,B1661,21,4,CARD,14848.6,False
PAY1104,B1404,23,2,UPI,7473.06,False
PAY1105,B1256,30,2,NETBANKING,2040.64,False
PAY1106,B1676,2,1,UPI,14683.17,False
PAY1107,B1588,10,3,UPI,12810.22,False
PAY1108,B1596,15,3,UPI,3495.5,False
PAY1109,B1557,23,2,NETBANKING,13664.47,False
PAY1110,B1904,2,4,NETBANKING,5769.34,False
PAY1111,B1912,17,2,NETBANKING,6279.57,False
PAY1112,B1046,14,4,UPI,13689.48,False
PAY1113,B1212,1,2,NETBANKING,8421.62,False
PAY1114,B1478,3,3,CARD,2928.68,False
PAY1115,B1486,16,1,NETBANKING,6166.79,False
PAY1116,B1570,5,4,UPI,11109.36,False
PAY1117,B1565,6,1,UPI,3438.58,False
PAY1118,B1341,17,2,CARD,9263.24,False
PAY1119,B1523,23,3,NETBANKING,10733.84,False
PAY1120,B1703,4,2,NETBANKING,5813.95,False
PAY1121,B1502,20,1,CARD,10714.33,False
PAY1122,B1005,12,1,UPI,13378.9,False
PAY1123,B1820,21,2,UPI,7609.63,False
PAY1124,B1143,18,2,NETBANKING,6360.73,False
PAY1125,B1857,23,1,NETBANKING,4516.22,False
PAY1126,B1260,12,1,NETBANKING,9458.88,False
PAY1127,B1584,21,4,NETBANKING,13317.93,False
PAY1128,B1685,12,3,NETBANKING,5545.26,False
PAY1129,B1231,19,4,UPI,6547.3,False
PAY1130,B1269,7,2,UPI,6692.76,False
PAY1131,B1939,23,3,UPI,8851.37,False
PAY1132,B1446,15,4,UPI,4197.73,False
PAY1133,B1873,4,2,CARD,12510.96,False
PAY1134,B1221,12,1,UPI,5138.43,False
PAY1135,B1051,15,2,CARD,10875.08,False
PAY1136,B1115,13,1,UPI,8185.02,False
PAY1137,B1537,8,4,NETBANKING,9202.57,False
PAY1138,B1564,16,1,NETBANKING,3514.52,False
PAY1139,B1876,25,2,NETBANKING,11290.32,False
PAY1140,B1540,18,1,CARD,3640.69,False
PAY1141,B1018,1,2,UPI,2588.63,False
PAY1142,B1814,13,4,UPI,8653.51,False
PAY1143,B1391,14,3,CARD,10930.16,False
PAY1144,B1790,1,2,CARD,1700.5,False
PAY1145,B1628,23,2,CARD,1971.53,False
PAY1146,B1617,12,1,CARD,12237.51,False
PAY1147,B1418,16,3,CARD,12326.46,False
PAY1148,B1990,24,3,NETBANKING,4434.27,False
PAY1149,B1308,13,4,UPI,9613.19,False
PAY1150,B1738,2,3,CARD,7204.52,False
PAY1151,B1863,5,4,NETBANKING,9857.74,False
PAY1152,B1185,2,3,CARD,13080.31,False
PAY1153,B1260,12,1,NETBANKING,2117.99,False
PAY1154,B1527,10,1,CARD,11891.78,False
PAY1155,B1272,26,1,UPI,7902.41,False
PAY1156,B1159,4,4,CARD,8897.78,False
PAY1157,B1869,7,4,CARD,10155.04,False
PAY1158,B1761,6,1,UPI,13916.72,False
PAY1159,B1223,16,2,UPI,1794.08,False
PAY1160,B1255,7,4,CARD,1412.67,False
PAY1161,B1179,4,3,UPI,3495.66,False
PAY1162,B1019,6,2,UPI,14810.27,False
PAY1163,B1623,18,1,NETBANKING,11011.07,False
PAY1164,B1631,29,4,UPI,9604.98,False
PAY1165,B1705,7,4,UPI,1658.55,False
PAY1166,B1467,6,4,CARD,13307.54,False
PAY1167,B1622,16,3,CARD,12378.6,False
PAY1168,B1209,6,1,NETBANKING,10307.2,False
PAY1169,B1512,4,4,CARD,5747.83,False
PAY1170,B1057,17,3,UPI,1987.07,False
PAY1171,B1092,6,4,UPI,9120.54,False
PAY1172,B1220,2,2,UPI,11075.72,False
PAY1173,B1722,20,1,CARD,8027.12,True
PAY1174,B1939,23,3,UPI,9872.75,False
PAY1175,B1231,19,4,UPI,5009.12,False
PAY1176,B1773,28,1,NETBANKING,11699.42,False
PAY1177,B1363,5,1,NETBANKING,8554.62,False
PAY1178,B1614,28,1,NETBANKING,2806.52,False
PAY1179,B1561,10,4,CARD,8371.27,False
PAY1180,B1373,21,3,UPI,6540.32,False
PAY1181,B1621,27,2,UPI,3524.98,False
PAY1182,B1455,1,1,UPI,12781.22,False
PAY1183,B1087,19,1,NETBANKING,1154.4,False
PAY1184,B1019,6,2,UPI,8027.12,True
PAY1185,B1013,16,3,UPI,1176.33,False
PAY1186,B1132,14,4,UPI,8027.12,True
PAY1187,B1936,15,3,UPI,5159.35,False
PAY1188,B1807,12,2,UPI,1759.8,False
PAY1189,B1033,14,4,CARD,9352.83,False
PAY1190,B1891,26,4,UPI,2216.08,False
PAY1191,B1207,2,1,CARD,10823.99,False
PAY1192,B1812,28,1,UPI,1736.99,False
PAY1193,B1198,7,3,CARD,1830.32,False
PAY1194,B1591,24,1,UPI,5274.56,False
PAY1195,B1582,25,4,UPI,13552.0,False
PAY1196,B1154,11,2,UPI,9979.51,False
PAY1197,B1589,28,4,UPI,11781.84,False
PAY1198,B1077,11,4,NETBANKING,2981.73,False
PAY1199,B1171,14,4,UPI,12677.76,False
PAY1200,B1288,2,2,CARD,1114.05,False
PAY1201,B1544,29,1,NETBANKING,3982.8,False
PAY1202,B1811,2,3,NETBANKING,9625.29,False
PAY1203,B1787,24,1,UPI,6253.45,False
PAY1204,B1878,4,3,CARD,14778.71,False
PAY1205,B1419,29,3,CARD,1424.75,False
PAY1206,B1006,8,1,NETBANKING,14980.37,False
PAY1207,B1159,4,4,CARD,8027.12,True
PAY1208,B1239,22,1,UPI,8821.9,False
PAY1209,B1962,27,3,UPI,1833.17,False
PAY1210,B1422,19,1,UPI,4826.6,False
PAY1211,B1988,4,2,UPI,13945.28,False
PAY1212,B1535,30,4,UPI,5959.44,False
PAY1213,B1725,28,1,NETBANKING,8027.12,True
PAY1214,B1069,2,4,UPI,14992.95,False
PAY1215,B1879,2,1,UPI,4682.98,False
PAY1216,B1215,6,1,NETBANKING,9065.13,False
PAY1217,B1103,25,1,NETBANKING,10750.13,False
PAY1218,B1726,28,1,NETBANKING,3304.78,False
PAY1219,B1053,19,4,CARD,3081.42,False
PAY1220,B1805,6,3,CARD,8027.12,True
PAY1221,B1329,14,4,UPI,6401.38,False
PAY1222,B1847,26,1,UPI,10999.02,False
PAY1223,B1202,7,4,UPI,1973.12,False
PAY1224,B1287,14,3,CARD,14610.33,False
PAY1225,B1044,4,2,UPI,1199.88,False
PAY1226,B1828,19,3,UPI,9418.44,False
PAY1227,B1197,14,4,CARD,8876.86,False
PAY1228,B1215,6,1,NETBANKING,2886.02,False
PAY1229,B1480,15,3,CARD,3112.82,False
PAY1230,B1308,13,4,UPI,12097.48,False
PAY1231,B1895,4,1,CARD,13425.87,False
PAY1232,B1434,2,1,NETBANKING,4962.24,False
PAY1233,B1331,14,1,NETBANKING,7131.5,False
PAY1234,B1695,23,2,NETBANKING,5969.93,False
PAY1235,B1026,2,1,NETBANKING,2015.66,False
PAY1236,B1165,2,1,NETBANKING,10424.86,False
PAY1237,B1317,24,3,NETBANKING,12552.7,False
PAY1238,B1273,8,1,UPI,5268.31,False
PAY1239,B1382,6,4,UPI,14862.46,False
PAY1240,B1364,4,1,CARD,2061.92,False
PAY1241,B1102,4,3,UPI,10265.07,False
PAY1242,B1959,2,1,NETBANKING,7275.19,False
PAY1243,B1502,20,1,UPI,7252.43,False
PAY1244,B1844,6,2,CARD,8027.12,True
PAY1245,B1372,8,3,NETBANKING,4621.54,False
PAY1246,B1615,12,2,UPI,11017.88,False
PAY1247,B1925,15,4,UPI,11102.07,False
PAY1248,B1244,13,4,CARD,4953.56,False
PAY1249,B1816,13,4,NETBANKING,8027.12,True
PAY1250,B1168,13,4,CARD,5435.83,False
PAY1251,B1627,3,4,NETBANKING,11151.3,False
PAY1252,B1652,26,2,NETBANKING,2694.0,False
PAY1253,B1417,13,1,UPI,3361.82,False
PAY1254,B1355,17,2,CARD,5421.14,False
PAY1255,B1477,12,3,CARD,9314.23,False
PAY1256,B1124,18,2,CARD,8027.12,True
PAY1257,B1536,24,1,NETBANKING,6548.99,False
PAY1258,B1705,7,4,CARD,2089.75,False
PAY1259,B1895,4,1,NETBANKING,6230.89,False
PAY1260,B1611,10,4,CARD,10642.75,False
PAY1261,B1401,19,4,CARD,10393.94,False
PAY1262,B1516,23,3,UPI,3242.75,False
PAY1263,B1530,16,4,CARD,1108.98,False
PAY1264,B1681,21,3,UPI,11541.74,False
PAY1265,B1785,28,2,UPI,2489.15,False
PAY1266,B1253,23,2,NETBANKING,2152.89,False
PAY1267,B1120,28,3,CARD,1037.82,False
PAY1268,B1031,4,1,CARD,7056.42,False
PAY1269,B1660,24,3,CARD,8027.12,True
PAY1270,B1777,12,2,UPI,9927.3,False
PAY1271,B1036,14,3,CARD,5144.89,False
PAY1272,B1688,2,1,NETBANKING,10945.95,False
PAY1273,B1341,17,2,NETBANKING,8027.12,True
PAY1274,B1012,8,1,CARD,12647.86,False
PAY1275,B1182,23,1,UPI,9005.88,False
PAY1276,B1656,17,4,NETBANKING,9174.46,False
PAY1277,B1264,2,3,NETBANKING,3936.86,False
PAY1278,B1087,19,1,UPI,2037.52,False
PAY1279,B1939,23,3,NETBANKING,7506.15,False
PAY1280,B1461,2,4,UPI,9618.57,False
PAY1281,B1045,16,3,NETBANKING,2330.65,False
PAY1282,B1391,14,3,UPI,14307.48,False
PAY1283,B1118,6,4,NETBANKING,8027.12,True
PAY1284,B1932,13,1,CARD,8636.39,False
PAY1285,B1530,16,4,NETBANKING,14300.97,False
PAY1286,B1446,15,4,NETBANKING,3512.23,False
PAY1287,B1731,13,2,CARD,1355.89,False
PAY1288,B1941,6,4,CARD,1551.73,False
PAY1289,B1744,27,4,CARD,9225.17,False
PAY1290,B1605,8,3,CARD,8027.12,True
PAY1291,B1966,1,4,UPI,14419.64,False
PAY1292,B1762,8,4,UPI,2987.06,False
PAY1293,B1761,6,1,NETBANKING,5266.12,False
PAY1294,B1793,13,3,NETBANKING,12515.25,False
PAY1295,B1743,12,2,NETBANKING,4062.36,False
PAY1296,B1045,16,3,UPI,4401.56,False
PAY1297,B1885,6,4,NETBANKING,9992.33,False
PAY1298,B1507,8,3,NETBANKING,4865.21,False
PAY1299,B1557,23,2,UPI,4044.27,False
PAY1300,B1970,4,2,NETBANKING,4558.49,False
PAY1301,B1525,20,1,UPI,7869.06,False
PAY1302,B1596,15,3,UPI,14525.4,False
PAY1303,B1830,26,2,CARD,12651.33,False
PAY1304,B1839,23,3,CARD,4984.54,False
PAY1305,B1002,1,3,UPI,6087.22,False
PAY1306,B1027,22,4,UPI,7503.17,False
PAY1307,B1380,14,2,CARD,14705.02,False
PAY1308,B1156,1,3,NETBANKING,3413.47,False
PAY1309,B1854,2,3,NETBANKING,6004.76,False
PAY1310,B1913,20,1,NETBANKING,11211.97,False
PAY1311,B1930,27,4,UPI,8027.12,True
PAY1312,B1510,10,1,CARD,3179.45,False
PAY1313,B1332,22,4,NETBANKING,4183.32,False
PAY1314,B1843,10,3,CARD,4159.73,False
PAY1315,B1686,7,4,CARD,1293.05,False
PAY1316,B1113,15,3,UPI,9457.62,False
PAY1317,B1388,14,2,NETBANKING,10389.84,False
PAY1318,B1486,16,1,CARD,9435.36,False
PAY1319,B1842,12,2,UPI,1998.52,False
PAY1320,B1249,14,2,UPI,1969.22,False
PAY1321,B1570,5,4,UPI,3945.41,False
PAY1322,B1714,3,2,NETBANKING,5064.12,False
PAY1323,B1314,2,1,NETBANKING,8027.12,True
PAY1324,B1238,12,3,UPI,3231.46,False
PAY1325,B1233,16,2,NETBANKING,1617.29,False
PAY1326,B1302,5,4,NETBANKING,6515.83,False
PAY1327,B1606,2,2,CARD,6829.49,False
PAY1328,B1990,24,3,UPI,8027.12,True
PAY1329,B1652,26,2,UPI,12576.65,False
PAY1330,B1333,6,4,NETBANKING,2372.08,False
PAY1331,B1112,12,2,UPI,10855.19,False
PAY1332,B1620,12,1,UPI,5731.24,False
PAY1333,B1361,2,1,UPI,5339.72,False
PAY1334,B1856,19,4,NETBANKING,14055.6,False
PAY1335,B1800,22,3,NETBANKING,4478.56,False
PAY1336,B1096,27,4,NETBANKING,9995.45,False
PAY1337,B1957,12,2,CARD,4851.79,False
PAY1338,B1846,26,4,UPI,8100.01,False
PAY1339,B1015,2,4,CARD,12008.1,False
PAY1340,B1555,7,3,NETBANKING,13344.12,False
PAY1341,B1953,25,1,CARD,12741.76,False
PAY1342,B1375,8,3,UPI,9150.53,False
PAY1343,B1741,10,1,UPI,4483.43,False
PAY1344,B1389,14,2,NETBANKING,8027.12,True
PAY1345,B1619,3,4,NETBANKING,10938.67,False
PAY1346,B1216,8,2,CARD,1149.69,False
PAY1347,B1398,9,2,NETBANKING,7148.95,False
PAY1348,B1259,18,3,CARD,12805.67,False
PAY1349,B1823,7,2,UPI,7854.23,False
PAY1350,B1319,18,2,UPI,5359.26,False
PAY1351,B1195,20,2,UPI,13205.17,False
PAY1352,B1477,12,3,UPI,3182.33,False
PAY1353,B1417,13,1,UPI,3890.23,False
PAY1354,B1474,5,3,CARD,10623.21,False
PAY1355,B1606,2,2,UPI,5934.1,False
PAY1356,B1567,13,3,CARD,10982.24,False
PAY1357,B1543,4,3,UPI,3207.85,False
PAY1358,B1230,8,2,CARD,4531.77,False
PAY1359,B1883,12,1,CARD,3193.06,False
PAY1360,B1520,17,1,CARD,14340.74,False
PAY1361,B1702,15,4,NETBANKING,8027.12,True
PAY1362,B1872,6,1,CARD,5721.08,False
PAY1363,B1199,23,3,CARD,1198.83,False
PAY1364,B1845,14,1,UPI,3147.85,False
PAY1365,B1672,6,1,CARD,6895.9,False
PAY1366,B1598,16,4,CARD,1959.04,False
PAY1367,B1020,13,3,NETBANKING,8150.35,False
PAY1368,B1310,2,2,UPI,7370.22,False
PAY1369,B1587,8,3,NETBANKING,11740.35,False
PAY1370,B1952,11,1,NETBANKING,10237.24,False
PAY1371,B1897,24,2,NETBANKING,7243.26,False
PAY1372,B1652,26,2,CARD,4145.25,False
PAY1373,B1637,20,2,NETBANKING,11176.09,False
PAY1374,B1762,8,4,NETBANKING,10910.07,False
PAY1375,B1899,13,3,UPI,3146.15,False
PAY1376,B1595,10,2,UPI,13806.53,False
PAY1377,B1433,20,3,UPI,1901.67,False
PAY1378,B1370,11,3,UPI,1770.53,False
PAY1379,B1559,4,4,NETBANKING,3622.91,False
PAY1380,B1890,14,2,UPI,13732.45,False
PAY1381,B1077,11,4,CARD,8279.97,False
PAY1382,B1541,5,3,NETBANKING,12031.17,False
PAY1383,B1284,8,3,UPI,4189.8,False
PAY1384,B1647,6,3,NETBANKING,7863.11,False
PAY1385,B1139,10,2,UPI,6016.05,False
PAY1386,B1552,12,4,NETBANKING,12589.6,False
PAY1387,B1997,23,2,UPI,8027.12,True
PAY1388,B1281,18,3,CARD,4413.8,False
PAY1389,B1561,10,4,UPI,3136.04,False
PAY1390,B1257,18,1,NETBANKING,13028.65,False
PAY1391,B1822,22,2,NETBANKING,7545.61,False
PAY1392,B1359,24,1,CARD,8027.12,True
PAY1393,B1439,20,3,NETBANKING,7292.76,False
PAY1394,B1269,7,2,CARD,14606.94,False
PAY1395,B1133,13,2,NETBANKING,12903.74,False
PAY1396,B1745,27,4,NETBANKING,10889.16,False
PAY1397,B1639,25,2,CARD,5066.71,False
PAY1398,B1103,25,1,NETBANKING,3312.42,False
PAY1399,B1765,14,3,NETBANKING,13900.07,False
PAY1400,B1094,2,4,CARD,6923.06,False
PAY1401,B1848,7,3,UPI,4902.58,False
PAY1402,B1728,21,1,CARD,7592.89,False
PAY1403,B1572,2,4,NETBANKING,13849.86,False
PAY1404,B1479,2,4,UPI,6418.94,False
PAY1405,B1779,22,2,UPI,8876.97,False
PAY1406,B1240,22,4,UPI,12241.53,False
PAY1407,B1012,8,1,CARD,6979.86,False
PAY1408,B1146,9,4,UPI,8027.12,True
PAY1409,B1939,23,3,UPI,14923.36,False
PAY1410,B1751,13,4,UPI,14391.99,False
PAY1411,B1600,6,4,NETBANKING,12808.71,False
PAY1412,B1094,2,4,CARD,10637.23,False
PAY1413,B1826,16,2,CARD,5128.12,False
PAY1414,B1292,2,2,NETBANKING,13787.78,False
PAY1415,B1024,23,1,UPI,4857.79,False
PAY1416,B1271,3,2,NETBANKING,12211.33,False
PAY1417,B1504,24,3,NETBANKING,13855.61,False
PAY1418,B1165,2,1,UPI,9442.05,False
PAY1419,B1938,14,4,UPI,12242.79,False
PAY1420,B1761,6,1,CARD,12083.73,False
PAY1421,B1086,2,3,UPI,3704.21,False
PAY1422,B1653,24,1,NETBANKING,10350.94,False
PAY1423,B1645,30,4,NETBANKING,2308.55,False
PAY1424,B1984,24,2,UPI,8109.9,False
PAY1425,B1790,1,2,CARD,3271.3,False
PAY1426,B1637,20,2,NETBANKING,6828.89,False
PAY1427,B1827,15,1,UPI,12661.75,False
PAY1428,B1490,2,1,CARD,8027.12,True
PAY1429,B1907,14,2,CARD,5451.44,False
PAY1430,B1140,2,3,NETBANKING,8447.38,False
PAY1431,B1867,2,4,NETBANKING,8158.17,False
PAY1432,B1102,4,3,CARD,14361.62,False
PAY1433,B1225,14,1,CARD,8027.12,True
PAY1434,B1901,11,4,CARD,10787.49,False
PAY1435,B1574,12,1,UPI,13905.05,False
PAY1436,B1293,2,4,NETBANKING,6227.3,False
PAY1437,B1895,4,1,CARD,13629.71,False
PAY1438,B1305,13,3,NETBANKING,13844.39,False
PAY1439,B1253,23,2,NETBANKING,14029.28,False
PAY1440,B1179,4,3,NETBANKING,4786.25,False
PAY1441,B1039,15,3,CARD,6604.98,False
PAY1442,B1775,2,1,UPI,13185.54,False
PAY1443,B1700,3,3,CARD,6028.27,False
PAY1444,B1519,12,3,NETBANKING,9403.54,False
PAY1445,B1615,12,2,CARD,2652.76,False
PAY1446,B1736,9,3,CARD,1787.85,False
PAY1447,B1545,30,1,NETBANKING,6767.92,False
PAY1448,B1235,22,2,NETBANKING,8027.12,True
PAY1449,B1462,19,2,CARD,6497.79,False
PAY1450,B1227,27,1,CARD,8027.12,True
PAY1451,B1699,25,1,CARD,8211.18,False
PAY1452,B1824,9,1,CARD,10599.9,False
PAY1453,B1482,6,3,UPI,10093.45,False
PAY1454,B1429,12,1,CARD,6939.44,False
PAY1455,B1021,9,2,UPI,6949.93,False
PAY1456,B1342,11,4,NETBANKING,8027.12,True
PAY1457,B1039,15,3,UPI,8185.34,False
PAY1458,B1172,8,4,NETBANKING,9220.51,False
PAY1459,B1438,26,1,UPI,7670.85,False
PAY1460,B1178,8,2,NETBANKING,8027.12,True
PAY1461,B1597,14,2,CARD,11103.08,False
PAY1462,B1132,14,4,UPI,2045.26,False
PAY1463,B1350,23,4,UPI,13802.17,False
PAY1464,B1524,3,2,NETBANKING,1289.01,False
PAY1465,B1539,17,4,NETBANKING,14472.9,False
PAY1466,B1505,12,3,UPI,7472.98,False
PAY1467,B1083,15,3,NETBANKING,6777.38,False
PAY1468,B1992,7,2,CARD,4590.22,False
PAY1469,B1463,7,3,UPI,1141.0,False
PAY1470,B1829,6,2,CARD,4847.06,False
PAY1471,B1860,4,4,UPI,2531.6,False
PAY1472,B1342,11,4,CARD,10237.49,False
PAY1473,B1279,6,2,UPI,5467.05,False
PAY1474,B1865,22,3,NETBANKING,11740.51,False
PAY1475,B1262,28,3,UPI,3896.83,False
PAY1476,B1165,2,1,CARD,13603.29,False
PAY1477,B1292,2,2,UPI,8321.74,False
PAY1478,B1508,24,1,CARD,2603.09,False
PAY1479,B1579,2,2,CARD,6611.83,False
PAY1480,B1225,14,1,CARD,3894.65,False
PAY1481,B1169,10,1,NETBANKING,3795.6,False
PAY1482,B1597,14,2,UPI,8089.18,False
PAY1483,B1644,28,3,CARD,10406.49,False
PAY1484,B1447,3,3,NETBANKING,13762.65,False
PAY1485,B1689,2,3,CARD,8030.27,False
PAY1486,B1854,2,3,UPI,14521.74,False
PAY1487,B1501,28,3,NETBANKING,14182.89,False
PAY1488,B1763,23,4,CARD,8027.12,True
PAY1489,B1526,24,3,CARD,7999.68,False
PAY1490,B1734,1,1,CARD,2972.66,False
PAY1491,B1378,13,4,UPI,4050.66,False
PAY1492,B1200,4,4,NETBANKING,10067.38,False
PAY1493,B1618,12,1,NETBANKING,6904.57,False
PAY1494,B1249,14,2,NETBANKING,3055.22,False
PAY1495,B1948,29,3,CARD,7705.92,False
PAY1496,B1408,12,3,NETBANKING,1244.03,False
PAY1497,B1600,6,4,CARD,11274.54,False
PAY1498,B1124,18,2,UPI,2030.14,False
PAY1499,B1112,12,2,NETBANKING,9807.59,False
PAY1500,B1980,14,3,CARD,12102.14,False
PAY1501,B1136,23,4,NETBANKING,2857.01,False
PAY1502,B1758,8,4,NETBANKING,8260.94,False
PAY1503,B1495,14,4,UPI,11906.95,False
PAY1504,B1677,5,4,NETBANKING,4648.87,False
PAY1505,B1149,4,3,UPI,3280.83,False
PAY1506,B1874,4,2,NETBANKING,5715.47,False
PAY1507,B1342,11,4,NETBANKING,8765.79,False
PAY1508,B1944,12,3,NETBANKING,9053.91,False
PAY1509,B1579,2,2,NETBANKING,2832.27,False
PAY1510,B1732,13,1,NETBANKING,7405.96,False
PAY1511,B1782,2,1,NETBANKING,4755.95,False
PAY1512,B1320,14,2,UPI,12788.34,False
PAY1513,B1821,23,2,UPI,5390.05,False
PAY1514,B1925,15,4,CARD,12741.86,False
PAY1515,B1860,4,4,NETBANKING,6999.9,False
PAY1516,B1531,4,2,UPI,11172.2,False
PAY1517,B1288,2,2,NETBANKING,8140.84,False
PAY1518,B1488,22,3,NETBANKING,9707.48,False
PAY1519,B1491,4,4,UPI,6534.99,False
PAY1520,B1611,10,4,NETBANKING,11754.89,False
PAY1521,B1251,6,4,UPI,6952.65,False
PAY1522,B1981,5,1,UPI,7404.46,False
PAY1523,B1076,13,4,CARD,8247.5,False
PAY1524,B1646,23,4,CARD,12645.54,False
PAY1525,B1391,14,3,CARD,10231.31,False
PAY1526,B1411,2,2,CARD,5888.25,False
PAY1527,B1172,8,4,NETBANKING,10384.47,False
PAY1528,B1874,4,2,NETBANKING,9993.97,False
PAY1529,B1200,4,4,CARD,14034.27,False
PAY1530,B1216,8,2,UPI,12779.83,False
PAY1531,B1375,8,3,UPI,10064.26,False
PAY1532,B1719,22,2,UPI,5781.1,False
PAY1533,B1585,6,2,UPI,11914.07,False
PAY1534,B1010,2,1,NETBANKING,8027.12,True
PAY1535,B1798,29,4,UPI,14793.78,False
PAY1536,B1767,10,1,UPI,4465.09,False
PAY1537,B1011,17,1,CARD,2115.18,False
PAY1538,B1891,26,4,UPI,1978.49,False
PAY1539,B1990,24,3,NETBANKING,9960.43,False
PAY1540,B1589,28,4,UPI,14149.64,False
PAY1541,B1434,2,1,UPI,1027.05,False
PAY1542,B1683,6,1,NETBANKING,11160.79,False
PAY1543,B1607,7,1,CARD,10198.91,False
PAY1544,B1817,4,2,NETBANKING,11252.26,False
PAY1545,B1372,8,3,CARD,5975.68,False
PAY1546,B1272,26,1,UPI,12486.95,False
PAY1547,B1930,27,4,CARD,1625.9,False
PAY1548,B1896,25,1,CARD,8027.12,True
PAY1549,B1924,20,3,CARD,4739.01,False
PAY1550,B1690,6,3,UPI,7675.73,False
PAY1551,B1575,12,1,CARD,12516.91,False
PAY1552,B1508,24,1,CARD,4799.03,False
PAY1553,B1131,3,2,UPI,3592.91,False
PAY1554,B1854,2,3,NETBANKING,10538.38,False
PAY1555,B1923,13,4,NETBANKING,8467.53,False
PAY1556,B1783,9,2,NETBANKING,8201.65,False
PAY1557,B1318,24,3,UPI,4594.77,False
PAY1558,B1843,10,3,UPI,1488.32,False
PAY1559,B1948,29,3,NETBANKING,6743.77,False
PAY1560,B1852,27,2,CARD,2491.83,False
PAY1561,B1620,12,1,NETBANKING,13683.85,False
PAY1562,B1784,17,4,UPI,1577.5,False
PAY1563,B1167,2,3,CARD,7043.11,False
PAY1564,B1396,23,1,CARD,1731.44,False
PAY1565,B1179,4,3,UPI,2337.61,False
PAY1566,B1057,17,3,CARD,10224.13,False
PAY1567,B1479,2,4,NETBANKING,10059.56,False
PAY1568,B1932,13,1,UPI,8027.12,True
PAY1569,B1590,12,4,UPI,1015.84,False
PAY1570,B1459,17,3,UPI,2103.45,False
PAY1571,B1060,19,2,UPI,11681.98,False
PAY1572,B1368,4,4,CARD,9184.07,False
PAY1573,B1120,28,3,UPI,1533.66,False
PAY1574,B1718,6,4,UPI,7833.36,False
PAY1575,B1545,30,1,CARD,10968.41,False
PAY1576,B1581,13,2,UPI,8027.12,True
PAY1577,B1016,2,4,CARD,14076.51,False
PAY1578,B1495,14,4,CARD,5584.17,False
PAY1579,B1496,5,2,UPI,2901.65,False
PAY1580,B1504,24,3,NETBANKING,4316.96,False
PAY1581,B1531,4,2,UPI,8027.12,True
PAY1582,B1968,4,2,NETBANKING,14600.78,False
PAY1583,B1314,2,1,CARD,7529.51,False
PAY1584,B1068,1,4,NETBANKING,5274.94,False
PAY1585,B1726,28,1,UPI,7008.67,False
PAY1586,B1160,22,1,UPI,5267.38,False
PAY1587,B1613,6,3,NETBANKING,4590.83,False
PAY1588,B1887,4,2,UPI,9312.51,False
PAY1589,B1717,7,3,NETBANKING,1220.3,False
PAY1590,B1144,1,1,CARD,8027.12,True
PAY1591,B1568,17,4,NETBANKING,8027.12,True
PAY1592,B1594,13,1,NETBANKING,1448.88,False
PAY1593,B1992,7,2,NETBANKING,2164.83,False
PAY1594,B1384,3,1,NETBANKING,5107.55,False
PAY1595,B1268,22,1,CARD,13289.27,False
PAY1596,B1922,8,1,CARD,11708.41,False
PAY1597,B1453,11,2,CARD,1310.19,False
PAY1598,B1698,2,1,NETBANKING,8023.98,False
PAY1599,B1517,11,2,CARD,8027.12,True
PAY1600,B1864,5,4,UPI,10081.04,False
PAY1601,B1349,29,4,CARD,11101.75,False
PAY1602,B1109,14,4,NETBANKING,13080.08,False
PAY1603,B1482,6,3,UPI,7655.83,False
PAY1604,B1406,20,2,NETBANKING,14922.3,False
PAY1605,B1649,12,2,UPI,14719.81,False
PAY1606,B1050,8,1,NETBANKING,13350.33,False
PAY1607,B1402,25,4,NETBANKING,9048.17,False
PAY1608,B1562,2,2,UPI,6572.09,False
PAY1609,B1475,23,4,CARD,6101.41,False
PAY1610,B1086,2,3,UPI,1169.75,False
PAY1611,B1067,23,3,UPI,4488.44,False
PAY1612,B1595,10,2,UPI,11063.32,False
PAY1613,B1978,1,3,UPI,9450.85,False
PAY1614,B1041,24,4,UPI,13829.91,False
PAY1615,B1730,26,1,NETBANKING,8027.12,True
PAY1616,B1056,23,4,NETBANKING,3173.87,False
PAY1617,B1737,21,4,CARD,12049.41,False
PAY1618,B1195,20,2,CARD,6019.11,False
PAY1619,B1759,23,1,UPI,2656.83,False
PAY1620,B1677,5,4,CARD,14950.31,False
PAY1621,B1061,16,2,CARD,12021.5,False
PAY1622,B1262,28,3,UPI,6722.37,False
PAY1623,B1111,15,4,NETBANKING,8027.12,True
PAY1624,B1764,4,3,NETBANKING,10528.45,False
PAY1625,B1710,12,4,CARD,12059.65,False
PAY1626,B1177,2,3,NETBANKING,12412.89,False
PAY1627,B1947,19,1,NETBANKING,2186.2,False
PAY1628,B1025,12,3,CARD,9721.62,False
PAY1629,B1409,20,4,UPI,1095.0,False
PAY1630,B1757,30,1,CARD,1608.39,False
PAY1631,B1530,16,4,CARD,13655.72,False
PAY1632,B1776,6,4,CARD,8385.89,False
PAY1633,B1316,23,3,UPI,11302.63,False
PAY1634,B1531,4,2,UPI,12739.01,False
PAY1635,B1105,18,3,UPI,14294.21,False
PAY1636,B1748,2,4,UPI,13170.94,False
PAY1637,B1817,4,2,CARD,7766.36,False
PAY1638,B1463,7,3,NETBANKING,5703.58,False
PAY1639,B1245,28,2,CARD,3162.91,False
PAY1640,B1080,14,3,UPI,6604.5,False
PAY1641,B1661,21,4,NETBANKING,6130.91,False
PAY1642,B1908,12,3,CARD,8834.05,False
PAY1643,B1395,9,4,NETBANKING,10317.13,False
PAY1644,B1521,14,1,UPI,8027.12,True
PAY1645,B1832,8,3,NETBANKING,11197.41,False
PAY1646,B1735,11,3,NETBANKING,10012.48,False
PAY1647,B1925,15,4,UPI,5691.29,False
PAY1648,B1263,7,2,NETBANKING,1483.05,False
PAY1649,B1660,24,3,CARD,5033.75,False
PAY1650,B1789,13,2,NETBANKING,11758.27,False
PAY1651,B1273,8,1,CARD,3873.81,False
PAY1652,B1705,7,4,NETBANKING,10970.63,False
PAY1653,B1943,12,3,NETBANKING,9116.92,False
PAY1654,B1171,14,4,UPI,3406.0,False
PAY1655,B1264,2,3,UPI,4662.75,False
PAY1656,B1962,27,3,CARD,7948.25,False
PAY1657,B1821,23,2,UPI,8027.12,True
PAY1658,B1025,12,3,UPI,11899.89,False
PAY1659,B1468,21,1,UPI,11281.66,False
PAY1660,B1861,12,1,UPI,9044.04,False
PAY1661,B1475,23,4,UPI,12511.85,False
PAY1662,B1355,17,2,CARD,8877.37,False
PAY1663,B1025,12,3,CARD,14501.45,False
PAY1664,B1033,14,4,UPI,8027.12,True
PAY1665,B1263,7,2,UPI,10997.85,False
PAY1666,B1137,7,1,CARD,6179.22,False
PAY1667,B1815,16,4,NETBANKING,4905.53,False
PAY1668,B1694,21,3,CARD,3525.42,False
PAY1669,B1874,4,2,NETBANKING,8735.05,False
PAY1670,B1753,8,3,UPI,4016.57,False
PAY1671,B1565,6,1,UPI,3804.91,False
PAY1672,B1461,2,4,CARD,14867.45,False
PAY1673,B1167,2,3,UPI,12224.46,False
PAY1674,B1630,1,1,NETBANKING,11475.88,False
PAY1675,B1654,3,1,NETBANKING,12116.85,False
PAY1676,B1080,14,3,CARD,14564.92,False
PAY1677,B1756,4,3,NETBANKING,8027.12,True
PAY1678,B1913,20,1,CARD,4083.41,False
PAY1679,B1863,5,4,CARD,13070.93,False
PAY1680,B1869,7,4,NETBANKING,11398.23,False
PAY1681,B1406,20,2,NETBANKING,6800.32,False
PAY1682,B1573,12,1,NETBANKING,7629.97,False
PAY1683,B1045,16,3,NETBANKING,8027.12,True
PAY1684,B1598,16,4,NETBANKING,14019.19,False
PAY1685,B1610,12,2,NETBANKING,5809.44,False
PAY1686,B1806,24,1,NETBANKING,14488.78,False
PAY1687,B1910,2,4,UPI,13743.8,False
PAY1688,B1052,23,4,CARD,9827.3,False
PAY1689,B1983,4,4,CARD,9117.5,False
PAY1690,B1703,4,2,NETBANKING,6181.25,False
PAY1691,B1958,14,1,CARD,1256.74,False
PAY1692,B1475,23,4,NETBANKING,2786.72,False
PAY1693,B1591,24,1,UPI,11559.24,False
PAY1694,B1015,2,4,CARD,7601.56,False
PAY1695,B1359,24,1,CARD,3097.73,False
PAY1696,B1486,16,1,UPI,4695.45,False
PAY1697,B1837,13,3,UPI,14269.72,False
PAY1698,B1705,7,4,UPI,6139.86,False
PAY1699,B1501,28,3,CARD,13707.55,False
PAY1700,B1140,2,3,CARD,8027.12,True
PAY1701,B1619,3,4,UPI,8605.08,False
PAY1702,B1814,13,4,UPI,1286.68,False
PAY1703,B1776,6,4,UPI,8306.25,False
PAY1704,B1446,15,4,UPI,8027.12,True
PAY1705,B1289,4,3,UPI,8027.12,True
PAY1706,B1208,23,3,NETBANKING,9105.12,False
PAY1707,B1474,5,3,UPI,10060.35,False
PAY1708,B1412,13,2,NETBANKING,10616.41,False
PAY1709,B1676,2,1,CARD,11869.65,False
PAY1710,B1426,3,2,CARD,8027.12,True
PAY1711,B1853,6,4,NETBANKING,8948.88,False
PAY1712,B1370,11,3,UPI,14742.11,False
PAY1713,B1831,23,2,CARD,13574.02,False
PAY1714,B1663,18,1,UPI,14337.32,False
PAY1715,B1966,1,4,UPI,6405.91,False
PAY1716,B1289,4,3,NETBANKING,12016.99,False
PAY1717,B1431,30,4,CARD,9678.57,False
PAY1718,B1267,6,1,CARD,2158.29,False
PAY1719,B1150,4,4,NETBANKING,12535.73,False
PAY1720,B1718,6,4,UPI,10479.42,False
PAY1721,B1254,12,2,UPI,8027.12,True
PAY1722,B1352,12,4,CARD,2116.34,False
PAY1723,B1376,18,1,NETBANKING,12718.31,False
PAY1724,B1652,26,2,NETBANKING,2104.63,False
PAY1725,B1854,2,3,UPI,2278.95,False
PAY1726,B1357,23,2,UPI,6983.72,False
PAY1727,B1607,7,1,NETBANKING,2887.17,False
PAY1728,B1940,25,4,CARD,13791.37,False
PAY1729,B1369,20,2,UPI,7583.98,False
PAY1730,B1226,7,1,NETBANKING,8968.11,False
PAY1731,B1704,30,2,NETBANKING,13993.49,False
PAY1732,B1302,5,4,NETBANKING,8423.69,False
PAY1733,B1825,14,2,CARD,5950.28,False
PAY1734,B1388,14,2,UPI,12160.17,False
PAY1735,B1376,18,1,UPI,7199.9,False
PAY1736,B1972,2,4,UPI,5458.57,False
PAY1737,B1117,8,3,CARD,11125.21,False
PAY1738,B1004,13,4,UPI,12222.48,False
PAY1739,B1443,2,1,UPI,8027.12,True
PAY1740,B1351,2,1,UPI,14687.44,False
PAY1741,B1754,15,3,UPI,12013.34,False
PAY1742,B1532,24,4,CARD,8027.12,True
PAY1743,B1663,18,1,NETBANKING,13004.79,False
PAY1744,B1639,25,2,NETBANKING,1002.59,False
PAY1745,B1123,6,2,UPI,6074.04,False
PAY1746,B1657,18,1,UPI,11326.44,False
PAY1747,B1276,14,2,UPI,9396.07,False
PAY1748,B1821,23,2,CARD,8027.12,True
PAY1749,B1393,4,4,UPI,5252.26,False
PAY1750,B1663,18,1,CARD,5715.1,False
PAY1751,B1359,24,1,UPI,8949.59,False
PAY1752,B1622,16,3,UPI,12642.38,False
PAY1753,B1468,21,1,NETBANKING,14054.88,False
PAY1754,B1984,24,2,UPI,11501.29,False
PAY1755,B1627,3,4,CARD,12801.31,False
PAY1756,B1699,25,1,NETBANKING,8027.12,True
PAY1757,B1056,23,4,CARD,8027.12,True
PAY1758,B1250,26,2,NETBANKING,6497.92,False
PAY1759,B1895,4,1,CARD,9624.54,False
PAY1760,B1918,1,4,NETBANKING,2739.31,False
PAY1761,B1149,4,3,CARD,9112.92,False
PAY1762,B1451,30,1,CARD,10311.86,False
PAY1763,B1161,10,4,UPI,7144.72,False
PAY1764,B1119,23,3,NETBANKING,14344.34,False
PAY1765,B1581,13,2,NETBANKING,9514.99,False
PAY1766,B1923,13,4,UPI,8027.12,True
PAY1767,B1350,23,4,CARD,7709.03,False
PAY1768,B1098,28,2,CARD,10455.66,False
PAY1769,B1166,12,3,NETBANKING,5530.81,False
PAY1770,B1809,19,4,CARD,2114.98,False
PAY1771,B1662,23,2,NETBANKING,9168.1,False
PAY1772,B1837,13,3,NETBANKING,14270.18,False
PAY1773,B1975,17,4,CARD,7791.01,False
PAY1774,B1513,4,4,CARD,13685.53,False
PAY1775,B1663,18,1,CARD,12690.33,False
PAY1776,B1400,16,3,UPI,3063.78,False
PAY1777,B1364,4,1,NETBANKING,10914.38,False
PAY1778,B1576,3,3,CARD,8027.12,True
PAY1779,B1325,2,3,UPI,4503.45,False
PAY1780,B1580,12,3,CARD,10617.14,False
PAY1781,B1632,12,4,NETBANKING,11397.25,False
PAY1782,B1620,12,1,UPI,3518.55,False
PAY1783,B1827,15,1,NETBANKING,13802.23,False
PAY1784,B1246,22,2,CARD,11516.06,False
PAY1785,B1433,20,3,CARD,14067.26,False
PAY1786,B1092,6,4,CARD,5439.03,False
PAY1787,B1267,6,1,UPI,14150.69,False
PAY1788,B1614,28,1,UPI,6159.25,False
PAY1789,B1942,10,1,UPI,1755.58,False
PAY1790,B1962,27,3,UPI,11681.57,False
PAY1791,B1623,18,1,CARD,10849.11,False
PAY1792,B1320,14,2,CARD,9370.75,False
PAY1793,B1922,8,1,CARD,7858.51,False
PAY1794,B1815,16,4,UPI,1450.31,False
PAY1795,B1855,26,2,UPI,9744.36,False
PAY1796,B1061,16,2,CARD,6835.68,False
PAY1797,B1299,6,3,CARD,8842.93,False
PAY1798,B1402,25,4,UPI,7010.5,False
PAY1799,B1954,5,3,NETBANKING,14524.79,False
PAY1800,B1647,6,3,CARD,9457.52,False
PAY1801,B1566,12,3,CARD,11489.31,False
PAY1802,B1619,3,4,CARD,14108.86,False
PAY1803,B1302,5,4,UPI,9282.39,False
PAY1804,B1769,9,3,CARD,1168.88,False
PAY1805,B1252,12,4,CARD,1480.08,False
PAY1806,B1733,24,3,CARD,10832.74,False
PAY1807,B1477,12,3,CARD,4907.19,False
PAY1808,B1368,4,4,CARD,9111.32,False
PAY1809,B1678,4,2,NETBANKING,3831.88,False
PAY1810,B1940,25,4,NETBANKING,4783.48,False
PAY1811,B1159,4,4,CARD,8064.97,False
PAY1812,B1960,19,2,CARD,14657.97,False
PAY1813,B1165,2,1,CARD,9627.79,False
PAY1814,B1204,10,1,CARD,14106.07,False
PAY1815,B1266,15,4,UPI,14431.32,False
PAY1816,B1137,7,1,UPI,3913.54,False
PAY1817,B1367,5,4,UPI,8027.12,True
PAY1818,B1442,26,1,NETBANKING,11779.89,False
PAY1819,B1857,23,1,CARD,13134.7,False
PAY1820,B1759,23,1,UPI,8269.17,False
PAY1821,B1566,12,3,CARD,14905.16,False
PAY1822,B1915,4,1,CARD,1162.01,False
PAY1823,B1720,25,1,NETBANKING,5194.3,False
PAY1824,B1016,2,4,NETBANKING,9724.26,False
PAY1825,B1067,23,3,UPI,7570.06,False
PAY1826,B1132,14,4,UPI,2632.44,False
PAY1827,B1699,25,1,NETBANKING,6149.02,False
PAY1828,B1918,1,4,NETBANKING,1356.26,False
PAY1829,B1429,12,1,CARD,9998.44,False
PAY1830,B1307,5,4,CARD,13498.4,False
PAY1831,B1649,12,2,UPI,13388.24,False
PAY1832,B1173,8,1,UPI,8027.12,True
PAY1833,B1411,2,2,NETBANKING,7520.78,False
PAY1834,B1096,27,4,UPI,8168.44,False
PAY1835,B1682,12,4,CARD,2916.86,False
PAY1836,B1153,29,4,NETBANKING,5774.24,False
PAY1837,B1694,21,3,CARD,3628.19,False
PAY1838,B1241,28,4,NETBANKING,8027.12,True
PAY1839,B1303,29,1,NETBANKING,13806.55,False
PAY1840,B1284,8,3,CARD,8516.93,False
PAY1841,B1026,2,1,UPI,11188.7,False
PAY1842,B1401,19,4,UPI,2700.51,False
PAY1843,B1359,24,1,UPI,9519.49,False
PAY1844,B1059,23,4,UPI,10839.07,False
PAY1845,B1201,23,4,CARD,7338.75,False
PAY1846,B1761,6,1,NETBANKING,4405.82,False
PAY1847,B1873,4,2,CARD,13283.24,False
PAY1848,B1580,12,3,UPI,11400.72,False
PAY1849,B1969,6,2,UPI,13598.0,False
PAY1850,B1369,20,2,CARD,8027.12,True
PAY1851,B1532,24,4,NETBANKING,14865.24,False
PAY1852,B1151,2,3,CARD,8027.12,True
PAY1853,B1101,11,1,CARD,2214.47,False
PAY1854,B1898,29,1,CARD,5718.04,False
PAY1855,B1999,23,4,NETBANKING,2806.06,False
PAY1856,B1606,2,2,CARD,8323.82,False
PAY1857,B1445,16,2,CARD,9862.4,False
PAY1858,B1872,6,1,UPI,9096.04,False
PAY1859,B1228,23,3,CARD,4629.36,False
PAY1860,B1124,18,2,UPI,13723.54,False
PAY1861,B1769,9,3,UPI,1296.41,False
PAY1862,B1833,7,2,UPI,5872.19,False
PAY1863,B1998,23,2,NETBANKING,11065.89,False
PAY1864,B1880,12,4,UPI,11737.0,False
PAY1865,B1937,9,2,CARD,6825.66,False
PAY1866,B1235,22,2,CARD,1236.74,False
PAY1867,B1161,10,4,UPI,9652.61,False
PAY1868,B1553,2,3,UPI,1883.33,False
PAY1869,B1787,24,1,CARD,2509.98,False
PAY1870,B1352,12,4,UPI,10103.51,False
PAY1871,B1067,23,3,NETBANKING,5374.84,False
PAY1872,B1172,8,4,UPI,5872.42,False
PAY1873,B1842,12,2,NETBANKING,7815.3,False
PAY1874,B1636,17,3,NETBANKING,14700.1,False
PAY1875,B1681,21,3,NETBANKING,14516.19,False
PAY1876,B1558,11,1,UPI,6827.65,False
PAY1877,B1260,12,1,NETBANKING,4716.99,False
PAY1878,B1216,8,2,NETBANKING,5236.29,False
PAY1879,B1816,13,4,UPI,4762.94,False
PAY1880,B1123,6,2,NETBANKING,8451.44,False
PAY1881,B1804,7,1,UPI,9496.04,False
PAY1882,B1161,10,4,CARD,7842.91,False
PAY1883,B1200,4,4,NETBANKING,6711.92,False
PAY1884,B1453,11,2,UPI,3957.99,False
PAY1885,B1401,19,4,CARD,7755.08,False
PAY1886,B1461,2,4,NETBANKING,5775.44,False
PAY1887,B1274,22,4,NETBANKING,8582.34,False
PAY1888,B1205,7,4,UPI,10452.65,False
PAY1889,B1039,15,3,CARD,9866.37,False
PAY1890,B1272,26,1,UPI,8027.12,True
PAY1891,B1699,25,1,NETBANKING,8784.73,False
PAY1892,B1866,7,4,NETBANKING,4987.99,False
PAY1893,B1092,6,4,NETBANKING,1339.36,False
PAY1894,B1041,24,4,NETBANKING,9750.27,False
PAY1895,B1464,10,1,CARD,4535.96,False
PAY1896,B1378,13,4,CARD,10365.35,False
PAY1897,B1106,10,4,UPI,8027.12,True
PAY1898,B1327,4,3,UPI,13822.99,False
PAY1899,B1064,5,4,UPI,14413.72,False
PAY1900,B1364,4,1,NETBANKING,1147.36,False
PAY1901,B1820,21,2,UPI,14865.24,False
PAY1902,B1483,2,3,CARD,10562.26,False
PAY1903,B1646,23,4,UPI,10009.34,False
PAY1904,B1900,14,3,UPI,1212.98,False
PAY1905,B1023,6,2,CARD,13057.27,False
PAY1906,B1539,17,4,CARD,3036.88,False
PAY1907,B1061,16,2,NETBANKING,12722.62,False
PAY1908,B1490,2,1,CARD,1217.88,False
PAY1909,B1272,26,1,CARD,10043.5,False
PAY1910,B1228,23,3,UPI,7087.22,False
PAY1911,B1019,6,2,CARD,3810.73,False
PAY1912,B1002,1,3,NETBANKING,2505.86,False
PAY1913,B1420,23,3,UPI,7161.79,False
PAY1914,B1729,18,1,NETBANKING,2726.28,False
PAY1915,B1910,2,4,CARD,7810.25,False
PAY1916,B1306,9,3,NETBANKING,9753.04,False
PAY1917,B1431,30,4,NETBANKING,12583.38,False
PAY1918,B1135,11,2,CARD,10501.09,False
PAY1919,B1908,12,3,CARD,1912.8,False
PAY1920,B1943,12,3,UPI,5304.06,False
PAY1921,B1514,9,3,UPI,8027.12,True
PAY1922,B1192,12,1,UPI,8027.12,True
PAY1923,B1584,21,4,CARD,13148.95,False
PAY1924,B1414,28,3,NETBANKING,6182.07,False
PAY1925,B1872,6,1,NETBANKING,8027.12,True
PAY1926,B1117,8,3,UPI,13517.5,False
PAY1927,B1665,2,3,UPI,13434.66,False
PAY1928,B1208,23,3,CARD,12966.45,False
PAY1929,B1951,17,4,NETBANKING,12831.14,False
PAY1930,B1033,14,4,UPI,7723.56,False
PAY1931,B1648,17,2,CARD,3484.04,False
PAY1932,B1317,24,3,UPI,7684.83,False
PAY1933,B1119,23,3,CARD,7924.37,False
PAY1934,B1626,4,2,NETBANKING,7859.04,False
PAY1935,B1524,3,2,CARD,8542.82,False
PAY1936,B1580,12,3,UPI,4607.2,False
PAY1937,B1936,15,3,UPI,6127.38,False
PAY1938,B1844,6,2,NETBANKING,7078.61,False
PAY1939,B1768,26,1,NETBANKING,2835.7,False
PAY1940,B1088,26,3,UPI,7375.1,False
PAY1941,B1511,6,2,UPI,12346.57,False
PAY1942,B1046,14,4,UPI,12592.83,False
PAY1943,B1771,24,2,NETBANKING,6761.89,False
PAY1944,B1739,6,2,UPI,8263.32,False
PAY1945,B1958,14,1,NETBANKING,1471.1,False
PAY1946,B1691,8,3,UPI,10442.06,False
PAY1947,B1521,14,1,CARD,6664.48,False
PAY1948,B1283,6,1,CARD,7236.69,False
PAY1949,B1376,18,1,UPI,8027.12,True
PAY1950,B1637,20,2,CARD,7465.68,False
PAY1951,B1133,13,2,NETBANKING,1296.69,False
PAY1952,B1666,10,4,CARD,4184.87,False
PAY1953,B1247,6,3,CARD,7658.69,False
PAY1954,B1651,23,3,NETBANKING,6941.55,False
PAY1955,B1317,24,3,CARD,13045.18,False
PAY1956,B1435,12,3,CARD,8589.93,False
PAY1957,B1175,6,2,UPI,10654.9,False
PAY1958,B1834,14,4,NETBANKING,7570.53,False
PAY1959,B1685,12,3,NETBANKING,7155.18,False
PAY1960,B1992,7,2,UPI,7248.01,False
PAY1961,B1585,6,2,UPI,8027.12,True
PAY1962,B1350,23,4,CARD,8540.17,False
PAY1963,B1142,8,2,CARD,4506.21,False
PAY1964,B1966,1,4,CARD,13474.77,False
PAY1965,B1803,12,3,UPI,5663.2,False
PAY1966,B1397,7,4,NETBANKING,3065.33,False
PAY1967,B1623,18,1,CARD,2351.71,False
PAY1968,B1717,7,3,UPI,1187.92,False
PAY1969,B1642,11,1,NETBANKING,6919.99,False
PAY1970,B1368,4,4,UPI,3626.55,False
PAY1971,B1500,14,4,CARD,1303.07,False
PAY1972,B1621,27,2,UPI,8280.27,False
PAY1973,B1369,20,2,UPI,10519.7,False
PAY1974,B1578,17,1,UPI,2200.51,False
PAY1975,B1381,9,3,UPI,7452.89,False
PAY1976,B1085,18,4,NETBANKING,11410.8,False
PAY1977,B1786,10,2,CARD,14801.3,False
PAY1978,B1738,2,3,NETBANKING,10340.66,False
PAY1979,B1459,17,3,UPI,4427.75,False
PAY1980,B1949,15,2,UPI,11031.75,False
PAY1981,B1324,25,1,CARD,8027.12,True
PAY1982,B1521,14,1,CARD,3965.19,False
PAY1983,B1488,22,3,NETBANKING,12915.55,False
PAY1984,B1928,6,3,NETBANKING,6983.66,False
PAY1985,B1396,23,1,CARD,14467.69,False
PAY1986,B1895,4,1,NETBANKING,11120.61,False
PAY1987,B1354,4,3,UPI,10023.88,False
PAY1988,B1946,2,4,UPI,11196.94,False
PAY1989,B1287,14,3,CARD,7693.36,False
PAY1990,B1458,15,4,NETBANKING,8073.17,False
PAY1991,B1623,18,1,UPI,12916.9,False
PAY1992,B1997,23,2,CARD,8027.12,True
PAY1993,B1535,30,4,NETBANKING,13561.41,False
PAY1994,B1290,6,4,UPI,13471.57,False
PAY1995,B1850,13,2,NETBANKING,14670.86,False
PAY1996,B1837,13,3,NETBANKING,10803.01,False
PAY1997,B1167,2,3,NETBANKING,8032.22,False
PAY1998,B1949,15,2,CARD,3328.36,False
PAY1999,B1620,12,1,UPI,10875.33,False
