booking_id,passenger_key,flight_id,route_key,airline_key,booking_date_key,booking_date,status,is_confirmed,is_cancelled,is_pending,is_status_imputed,seat_number,passport_masked
B1000,592,AI192,3,1,20250614,2025-06-14 11:37:36.951,CANCELLED,0,1,0,False,3D,P1****87
B1001,804,6F026,2,2,20251102,2025-11-02 11:37:36.951,CANCELLED,0,1,0,False,18A,L3****12
B1002,84,SJ010,1,3,20250825,2025-08-25 11:37:36.951,CANCELLED,0,1,0,False,30C,G8****59
B1003,365,AI069,10,1,20251230,2025-12-30 11:37:36.951,CONFIRMED,1,0,0,False,33A,M0****76
B1004,886,UK003,13,4,20251002,2025-10-02 11:37:36.951,PENDING,0,0,1,False,25C,N5****31
B1005,549,AI048,12,1,20250831,2025-08-31 11:37:36.951,CONFIRMED,1,0,0,False,13D,B0****69
B1006,342,AI140,8,1,20250629,2025-06-29 11:37:36.951,CANCELLED,0,1,0,False,17F,W9****20
B1007,839,UK167,9,4,20260312,2026-03-12 11:37:36.951,CONFIRMED,1,0,0,False,22E,C3****17
B1008,407,AI245,2,1,20250907,2025-09-07 11:37:36.951,PENDING,0,0,1,False,34F,J9****82
B1009,425,SJ158,4,3,20250428,2025-04-28 11:37:36.951,CANCELLED,0,1,0,False,33C,Y3****45
B1010,744,AI155,2,1,20251124,2025-11-24 11:37:36.951,CONFIRMED,1,0,0,False,15B,N0****28
B1011,93,AI179,17,1,20251025,2025-10-25 11:37:36.951,CONFIRMED,1,0,0,False,22C,E1****66
B1012,848,AI137,8,1,20250815,2025-08-15 11:37:36.951,PENDING,0,0,1,False,28B,F9****66
B1013,614,SJ001,16,3,20250720,2025-07-20 11:37:36.951,CONFIRMED,1,0,0,False,26E,A5****77
B1014,412,SJ172,12,3,20250915,2025-09-15 11:37:36.951,PENDING,0,0,1,False,21E,P3****52
B1015,432,UK094,2,4,20251021,2025-10-21 11:37:36.951,PENDING,0,0,1,True,6F,D1****67
B1016,678,UK027,2,4,20260113,2026-01-13 11:37:36.951,CANCELLED,0,1,0,False,6A,A7****55
B1017,159,UK067,2,4,20260404,2026-04-04 11:37:36.951,CONFIRMED,1,0,0,False,13B,L1****90
B1018,14,6F196,1,2,20260325,2026-03-25 11:37:36.951,CANCELLED,0,1,0,False,19B,T1****81
B1019,373,6F164,6,2,20250731,2025-07-31 11:37:36.951,CANCELLED,0,1,0,False,19A,Y4****93
B1020,225,SJ112,13,3,20251206,2025-12-06 11:37:36.951,CONFIRMED,1,0,0,False,27B,F7****46
B1021,505,6F190,9,2,20251207,2025-12-07 11:37:36.951,CANCELLED,0,1,0,False,4E,L3****01
B1022,73,AI080,5,1,20260325,2026-03-25 11:37:36.951,CONFIRMED,1,0,0,False,16F,D7****55
B1023,249,6F213,6,2,20260203,2026-02-03 11:37:36.951,PENDING,0,0,1,False,24B,P1****70
B1024,511,AI115,23,1,20250621,2025-06-21 11:37:36.951,PENDING,0,0,1,False,30F,M1****27
B1025,603,SJ049,12,3,20260318,2026-03-18 11:37:36.951,PENDING,0,0,1,False,1B,L7****92
B1026,216,AI058,2,1,20250627,2025-06-27 11:37:36.951,CONFIRMED,1,0,0,False,32C,C7****38
B1027,973,UK036,22,4,20250725,2025-07-25 11:37:36.951,CONFIRMED,1,0,0,False,22A,F6****95
B1028,602,SJ239,2,3,20250525,2025-05-25 11:37:36.951,CANCELLED,0,1,0,False,26E,V3****48
B1029,541,6F025,6,2,20250606,2025-06-06 11:37:36.951,CANCELLED,0,1,0,False,19C,B7****70
B1030,947,6F236,8,2,20260318,2026-03-18 11:37:36.951,CANCELLED,0,1,0,False,21E,X1****93
B1031,817,AI060,4,1,20251116,2025-11-16 11:37:36.951,CANCELLED,0,1,0,False,1E,J4****64
B1032,939,UK021,14,4,20250903,2025-09-03 11:37:36.951,CANCELLED,0,1,0,False,18E,H7****01
B1033,988,UK026,14,4,20250506,2025-05-06 11:37:36.951,PENDING,0,0,1,True,19A,V4****38
B1034,220,SJ179,4,3,20251231,2025-12-31 11:37:36.951,CONFIRMED,1,0,0,False,22F,W5****61
B1035,840,6F251,7,2,20250821,2025-08-21 11:37:36.951,PENDING,0,0,1,False,11D,A1****46
B1036,727,SJ149,14,3,20251124,2025-11-24 11:37:36.951,PENDING,0,0,1,False,5B,F5****81
B1037,221,AI188,20,1,20260320,2026-03-20 11:37:36.951,PENDING,0,0,1,False,33E,H1****51
B1038,389,SJ093,6,3,20260101,2026-01-01 11:37:36.951,PENDING,0,0,1,False,12D,D7****15
B1039,554,SJ205,15,3,20250821,2025-08-21 11:37:36.951,CONFIRMED,1,0,0,False,11E,J0****25
B1040,647,6F099,11,2,20250808,2025-08-08 11:37:36.951,CONFIRMED,1,0,0,False,26B,Z5****18
B1041,42,UK176,24,4,20250528,2025-05-28 11:37:36.951,CONFIRMED,1,0,0,False,25C,Y7****87
B1042,676,UK200,12,4,20251202,2025-12-02 11:37:36.951,CANCELLED,0,1,0,False,24F,B0****50
B1043,873,6F195,12,2,20251122,2025-11-22 11:37:36.951,CANCELLED,0,1,0,False,8E,A5****98
B1044,283,6F174,4,2,20260412,2026-04-12 11:37:36.951,PENDING,0,0,1,False,16C,T8****05
B1045,58,SJ214,16,3,20260319,2026-03-19 11:37:36.951,PENDING,0,0,1,True,18C,B1****62
B1046,814,UK059,14,4,20251014,2025-10-14 11:37:36.951,CONFIRMED,1,0,0,False,2C,V5****60
B1047,834,6F151,20,2,20251229,2025-12-29 11:37:36.951,PENDING,0,0,1,False,7C,C2****51
B1048,537,SJ236,3,3,20250919,2025-09-19 11:37:36.951,PENDING,0,0,1,False,18C,D2****30
B1049,73,SJ153,18,3,20250728,2025-07-28 11:37:36.951,PENDING,0,0,1,True,3C,W9****16
B1050,885,AI220,8,1,20260115,2026-01-15 11:37:36.951,PENDING,0,0,1,False,7D,L4****90
B1051,923,6F028,15,2,20250705,2025-07-05 11:37:36.951,CANCELLED,0,1,0,False,16A,M6****98
B1052,129,UK209,23,4,20251230,2025-12-30 11:37:36.951,CANCELLED,0,1,0,False,33B,F9****22
B1053,599,UK216,19,4,20260401,2026-04-01 11:37:36.951,PENDING,0,0,1,False,28B,V4****30
B1054,842,AI132,6,1,20260411,2026-04-11 11:37:36.951,CANCELLED,0,1,0,False,19C,V4****69
B1055,426,6F012,20,2,20251014,2025-10-14 11:37:36.951,CANCELLED,0,1,0,False,13F,D6****16
B1056,948,UK173,23,4,20260324,2026-03-24 11:37:36.951,CANCELLED,0,1,0,False,15B,E9****20
B1057,665,SJ047,17,3,20250820,2025-08-20 11:37:36.951,CANCELLED,0,1,0,False,14F,C6****90
B1058,694,SJ043,11,3,20251207,2025-12-07 11:37:36.951,PENDING,0,0,1,False,8C,A6****22
B1059,125,UK140,23,4,20260103,2026-01-03 11:37:36.951,CONFIRMED,1,0,0,False,23B,N8****36
B1060,67,6F086,19,2,20251230,2025-12-30 11:37:36.951,CONFIRMED,1,0,0,False,11A,T4****67
B1061,6,6F114,16,2,20260405,2026-04-05 11:37:36.951,CANCELLED,0,1,0,False,19C,R8****42
B1062,637,UK153,20,4,20250612,2025-06-12 11:37:36.951,CANCELLED,0,1,0,False,15D,A7****54
B1063,314,6F149,25,2,20250519,2025-05-19 11:37:36.951,CANCELLED,0,1,0,False,9A,J7****37
B1064,326,UK145,5,4,20250914,2025-09-14 11:37:36.951,CONFIRMED,1,0,0,False,24E,T6****14
B1065,565,UK010,19,4,20260306,2026-03-06 11:37:36.951,CANCELLED,0,1,0,False,7B,D4****19
B1066,578,SJ003,21,3,20251105,2025-11-05 11:37:36.951,PENDING,0,0,1,False,1B,H8****78
B1067,826,SJ160,23,3,20250723,2025-07-23 11:37:36.951,PENDING,0,0,1,False,7F,W6****32
B1068,506,UK224,1,4,20251122,2025-11-22 11:37:36.951,PENDING,0,0,1,False,23A,P4****99
B1069,82,UK152,2,4,20250802,2025-08-02 11:37:36.951,CONFIRMED,1,0,0,False,16E,Y3****57
B1070,599,SJ034,3,3,20250922,2025-09-22 11:37:36.951,CANCELLED,0,1,0,False,15D,H6****92
B1071,2,UK215,8,4,20251221,2025-12-21 11:37:36.951,CANCELLED,0,1,0,False,15F,R6****72
B1072,204,UK089,5,4,20250810,2025-08-10 11:37:36.951,CANCELLED,0,1,0,False,18F,M1****61
B1073,662,6F180,23,2,20251204,2025-12-04 11:37:36.951,CONFIRMED,1,0,0,False,16A,C5****49
B1074,805,6F188,4,2,20250925,2025-09-25 11:37:36.951,CONFIRMED,1,0,0,False,7A,J8****65
B1075,404,UK131,8,4,20260103,2026-01-03 11:37:36.951,CONFIRMED,1,0,0,False,2F,J0****82
B1076,103,UK055,13,4,20250504,2025-05-04 11:37:36.951,CONFIRMED,1,0,0,False,12B,X0****30
B1077,536,UK181,11,4,20250503,2025-05-03 11:37:36.951,PENDING,0,0,1,False,3A,E4****92
B1078,368,6F077,12,2,20250921,2025-09-21 11:37:36.951,CONFIRMED,1,0,0,False,1B,Z4****76
B1079,212,SJ085,27,3,20250603,2025-06-03 11:37:36.951,CONFIRMED,1,0,0,False,10D,W2****31
B1080,577,SJ023,14,3,20250605,2025-06-05 11:37:36.951,CONFIRMED,1,0,0,False,22D,H2****99
B1081,961,SJ202,20,3,20251113,2025-11-13 11:37:36.951,CANCELLED,0,1,0,False,29C,Y8****29
B1082,209,SJ150,5,3,20250909,2025-09-09 11:37:36.951,CANCELLED,0,1,0,False,30A,Y3****68
B1083,763,SJ116,15,3,20250512,2025-05-12 11:37:36.951,CANCELLED,0,1,0,False,9A,E0****76
B1084,897,6F270,14,2,20250614,2025-06-14 11:37:36.951,PENDING,0,0,1,False,16E,H2****81
B1085,117,UK150,18,4,20260324,2026-03-24 11:37:36.951,PENDING,0,0,1,False,12A,V8****82
B1086,628,SJ237,2,3,20260216,2026-02-16 11:37:36.951,CONFIRMED,1,0,0,False,5D,G2****97
B1087,749,AI221,19,1,20250508,2025-05-08 11:37:36.951,CANCELLED,0,1,0,False,2F,L7****00
B1088,478,SJ081,26,3,20260325,2026-03-25 11:37:36.951,PENDING,0,0,1,False,31A,A1****13
B1089,105,UK189,27,4,20250903,2025-09-03 11:37:36.951,CANCELLED,0,1,0,False,25F,W5****55
B1090,495,SJ068,6,3,20250516,2025-05-16 11:37:36.951,PENDING,0,0,1,False,31C,V4****82
B1091,771,6F043,5,2,20250818,2025-08-18 11:37:36.951,PENDING,0,0,1,False,25D,C2****05
B1092,46,UK187,6,4,20260318,2026-03-18 11:37:36.951,CONFIRMED,1,0,0,False,16D,P7****04
B1093,823,UK074,8,4,20250511,2025-05-11 11:37:36.951,CONFIRMED,1,0,0,False,25E,L1****26
B1094,331,UK004,2,4,20260107,2026-01-07 11:37:36.951,PENDING,0,0,1,False,24C,P2****50
B1095,216,6F194,2,2,20250730,2025-07-30 11:37:36.951,CONFIRMED,1,0,0,False,14B,X6****06
B1096,982,UK068,27,4,20260103,2026-01-03 11:37:36.951,PENDING,0,0,1,False,12B,Y8****98
B1097,960,6F017,28,2,20250826,2025-08-26 11:37:36.951,PENDING,0,0,1,True,34F,J0****18
B1098,492,6F245,28,2,20251015,2025-10-15 11:37:36.951,PENDING,0,0,1,True,13D,Z4****38
B1099,813,6F254,23,2,20251207,2025-12-07 11:37:36.951,CONFIRMED,1,0,0,False,26E,Z1****12
B1100,922,UK077,17,4,20260305,2026-03-05 11:37:36.951,CONFIRMED,1,0,0,False,16D,F8****20
B1101,845,AI029,11,1,20250719,2025-07-19 11:37:36.951,CONFIRMED,1,0,0,False,3D,V6****17
B1102,449,SJ196,4,3,20251006,2025-10-06 11:37:36.951,PENDING,0,0,1,True,15F,N2****26
B1103,536,AI242,25,1,20250808,2025-08-08 11:37:36.951,CANCELLED,0,1,0,False,20D,W2****76
B1104,511,AI242,25,1,20250912,2025-09-12 11:37:36.951,CANCELLED,0,1,0,False,16E,V9****15
B1105,458,SJ044,18,3,20250911,2025-09-11 11:37:36.951,CONFIRMED,1,0,0,False,19F,J5****50
B1106,547,UK063,10,4,20250901,2025-09-01 11:37:36.951,CONFIRMED,1,0,0,False,21F,H3****84
B1107,536,AI056,9,1,20250519,2025-05-19 11:37:36.951,CONFIRMED,1,0,0,False,30F,H2****78
B1108,540,UK207,21,4,20251011,2025-10-11 11:37:36.951,CANCELLED,0,1,0,False,14B,B9****37
B1109,484,UK166,14,4,20251203,2025-12-03 11:37:36.951,CANCELLED,0,1,0,False,33D,L3****19
B1110,976,6F261,12,2,20251217,2025-12-17 11:37:36.951,PENDING,0,0,1,False,12B,D7****00
B1111,1000,UK134,15,4,20251225,2025-12-25 11:37:36.951,CANCELLED,0,1,0,False,34A,A9****82
B1112,16,6F152,12,2,20251002,2025-10-02 11:37:36.951,PENDING,0,0,1,False,27A,N5****91
B1113,571,SJ089,15,3,20251123,2025-11-23 11:37:36.951,CONFIRMED,1,0,0,False,5A,M9****49
B1114,977,6F123,4,2,20250926,2025-09-26 11:37:36.951,CANCELLED,0,1,0,False,2E,W4****75
B1115,243,AI025,13,1,20250823,2025-08-23 11:37:36.951,CONFIRMED,1,0,0,False,10A,P3****98
B1116,950,6F030,8,2,20251205,2025-12-05 11:37:36.951,CONFIRMED,1,0,0,False,19B,J5****40
B1117,207,SJ222,8,3,20250902,2025-09-02 11:37:36.951,CONFIRMED,1,0,0,False,28F,B5****66
B1118,912,UK109,6,4,20260403,2026-04-03 11:37:36.951,CONFIRMED,1,0,0,False,34B,D1****30
B1119,271,SJ117,23,3,20251125,2025-11-25 11:37:36.951,CANCELLED,0,1,0,False,21F,N9****71
B1120,761,SJ142,28,3,20250812,2025-08-12 11:37:36.951,CONFIRMED,1,0,0,False,12D,F3****68
B1121,994,SJ142,28,3,20250601,2025-06-01 11:37:36.951,PENDING,0,0,1,False,17C,Z7****38
B1122,779,AI030,20,1,20250502,2025-05-02 11:37:36.951,CANCELLED,0,1,0,False,20B,H4****35
B1123,705,6F097,6,2,20250923,2025-09-23 11:37:36.951,CONFIRMED,1,0,0,False,8A,W8****35
B1124,847,6F129,18,2,20250523,2025-05-23 11:37:36.951,CANCELLED,0,1,0,False,5C,M7****59
B1125,730,6F181,16,2,20260115,2026-01-15 11:37:36.951,PENDING,0,0,1,False,27E,F0****69
B1126,115,AI072,25,1,20251020,2025-10-20 11:37:36.951,CONFIRMED,1,0,0,False,10E,K8****84
B1127,580,SJ154,29,3,20250629,2025-06-29 11:37:36.951,PENDING,0,0,1,False,2E,N9****14
B1128,299,AI031,9,1,20260408,2026-04-08 11:37:36.951,CONFIRMED,1,0,0,False,10D,Y3****34
B1129,837,AI031,9,1,20250918,2025-09-18 11:37:36.951,PENDING,0,0,1,False,26F,W0****72
B1130,483,6F158,1,2,20251226,2025-12-26 11:37:36.951,CONFIRMED,1,0,0,False,34E,P0****83
B1131,397,6F184,3,2,20250616,2025-06-16 11:37:36.951,CANCELLED,0,1,0,False,1C,Y5****04
B1132,394,UK141,14,4,20250620,2025-06-20 11:37:36.951,CONFIRMED,1,0,0,False,10D,D2****08
B1133,75,6F168,13,2,20251229,2025-12-29 11:37:36.951,CANCELLED,0,1,0,False,23D,E6****96
B1134,978,6F051,6,2,20250728,2025-07-28 11:37:36.951,CONFIRMED,1,0,0,False,34C,G0****23
B1135,482,6F047,11,2,20251202,2025-12-02 11:37:36.951,CONFIRMED,1,0,0,False,20E,D4****23
B1136,103,UK156,23,4,20251026,2025-10-26 11:37:36.951,PENDING,0,0,1,False,28E,B0****08
B1137,297,AI094,7,1,20250901,2025-09-01 11:37:36.951,PENDING,0,0,1,False,13E,C0****11
B1138,178,AI038,14,1,20250714,2025-07-14 11:37:36.951,PENDING,0,0,1,False,6C,A0****94
B1139,215,6F255,10,2,20260119,2026-01-19 11:37:36.951,CONFIRMED,1,0,0,False,29F,L0****39
B1140,967,SJ025,2,3,20260123,2026-01-23 11:37:36.951,CONFIRMED,1,0,0,False,29D,E0****07
B1141,315,SJ185,2,3,20251028,2025-10-28 11:37:36.951,CONFIRMED,1,0,0,False,9C,F0****29
B1142,39,6F259,8,2,20260121,2026-01-21 11:37:36.951,CANCELLED,0,1,0,False,5C,C7****99
B1143,259,6F073,18,2,20260407,2026-04-07 11:37:36.951,CANCELLED,0,1,0,False,15A,V8****37
B1144,716,AI091,1,1,20250926,2025-09-26 11:37:36.951,CONFIRMED,1,0,0,False,6D,M2****78
B1145,7,6F191,30,2,20250823,2025-08-23 11:37:36.951,PENDING,0,0,1,False,15D,F1****61
B1146,49,UK228,9,4,20250830,2025-08-30 11:37:36.951,PENDING,0,0,1,False,25A,V5****95
B1147,538,6F146,14,2,20260325,2026-03-25 11:37:36.951,PENDING,0,0,1,False,11E,R1****90
B1148,161,6F068,29,2,20251013,2025-10-13 11:37:36.951,CONFIRMED,1,0,0,False,19A,E6****64
B1149,869,SJ218,4,3,20260108,2026-01-08 11:37:36.951,PENDING,0,0,1,False,30F,G4****12
B1150,176,UK083,4,4,20250925,2025-09-25 11:37:36.951,CONFIRMED,1,0,0,False,12A,V2****17
B1151,591,SJ007,2,3,20260118,2026-01-18 11:37:36.951,CANCELLED,0,1,0,False,29B,V6****79
B1152,2,AI077,20,1,20250814,2025-08-14 11:37:36.951,PENDING,0,0,1,False,27A,H8****85
B1153,895,UK017,29,4,20251220,2025-12-20 11:37:36.951,CANCELLED,0,1,0,False,8D,X7****66
B1154,455,6F229,11,2,20260217,2026-02-17 11:37:36.951,PENDING,0,0,1,False,24A,B6****20
B1155,928,6F074,17,2,20251008,2025-10-08 11:37:36.951,CONFIRMED,1,0,0,False,6D,E1****52
B1156,644,SJ088,1,3,20260325,2026-03-25 11:37:36.951,CONFIRMED,1,0,0,False,5E,L8****92
B1157,276,SJ167,21,3,20250628,2025-06-28 11:37:36.951,CONFIRMED,1,0,0,False,18B,X2****90
B1158,498,6F234,8,2,20250720,2025-07-20 11:37:36.951,CONFIRMED,1,0,0,False,22A,Y8****20
B1159,629,UK071,4,4,20251210,2025-12-10 11:37:36.951,PENDING,0,0,1,False,22F,W6****24
B1160,676,AI178,22,1,20251121,2025-11-21 11:37:36.951,CANCELLED,0,1,0,False,29A,C4****70
B1161,800,UK104,10,4,20251114,2025-11-14 11:37:36.951,CONFIRMED,1,0,0,False,12A,H8****38
B1162,28,AI146,30,1,20250422,2025-04-22 11:37:36.951,PENDING,0,0,1,True,32D,N1****98
B1163,333,SJ235,8,3,20251110,2025-11-10 11:37:36.951,CANCELLED,0,1,0,False,13D,X6****58
B1164,1,6F209,21,2,20250424,2025-04-24 11:37:36.951,CONFIRMED,1,0,0,False,24A,Z8****23
B1165,188,AI129,2,1,20250820,2025-08-20 11:37:36.951,CANCELLED,0,1,0,False,2F,M6****90
B1166,56,SJ141,12,3,20260123,2026-01-23 11:37:36.951,CONFIRMED,1,0,0,False,34D,J8****42
B1167,547,SJ018,2,3,20260202,2026-02-02 11:37:36.951,CANCELLED,0,1,0,False,9F,N3****23
B1168,112,UK120,13,4,20251014,2025-10-14 11:37:36.951,CANCELLED,0,1,0,False,11C,N3****56
B1169,798,AI078,10,1,20251115,2025-11-15 11:37:36.951,CONFIRMED,1,0,0,False,11E,L2****56
B1170,310,AI079,22,1,20250914,2025-09-14 11:37:36.951,PENDING,0,0,1,False,15E,X3****51
B1171,36,UK087,14,4,20250919,2025-09-19 11:37:36.951,CANCELLED,0,1,0,False,21A,N5****46
B1172,439,UK133,8,4,20260117,2026-01-17 11:37:36.951,CONFIRMED,1,0,0,False,8F,T4****49
B1173,729,AI222,8,1,20250601,2025-06-01 11:37:36.951,CANCELLED,0,1,0,False,22E,D7****38
B1174,592,6F049,13,2,20260412,2026-04-12 11:37:36.951,CANCELLED,0,1,0,False,19D,B1****15
B1175,826,6F105,6,2,20260129,2026-01-29 11:37:36.951,PENDING,0,0,1,False,27D,L3****93
B1176,595,SJ226,17,3,20250417,2025-04-17 11:37:36.951,CANCELLED,0,1,0,False,7C,P7****42
B1177,577,SJ227,2,3,20250729,2025-07-29 11:37:36.951,CANCELLED,0,1,0,False,34D,M2****19
B1178,325,6F034,8,2,20260205,2026-02-05 11:37:36.951,CONFIRMED,1,0,0,False,34E,E7****38
B1179,640,SJ078,4,3,20251003,2025-10-03 11:37:36.951,CONFIRMED,1,0,0,False,33D,F2****05
B1180,307,AI240,11,1,20260410,2026-04-10 11:37:36.951,PENDING,0,0,1,False,22F,R4****58
B1181,534,SJ002,10,3,20260329,2026-03-29 11:37:36.951,CANCELLED,0,1,0,False,12E,Z5****94
B1182,728,AI044,23,1,20250811,2025-08-11 11:37:36.951,CANCELLED,0,1,0,False,3A,Y1****20
B1183,619,UK076,21,4,20250622,2025-06-22 11:37:36.951,CANCELLED,0,1,0,False,8C,K5****32
B1184,109,6F232,23,2,20250801,2025-08-01 11:37:36.951,PENDING,0,0,1,False,28E,G0****83
B1185,372,SJ228,2,3,20250816,2025-08-16 11:37:36.951,CANCELLED,0,1,0,False,25E,D4****96
B1186,357,SJ074,18,3,20260404,2026-04-04 11:37:36.951,CONFIRMED,1,0,0,False,1B,T3****62
B1187,181,UK229,13,4,20250804,2025-08-04 11:37:36.951,PENDING,0,0,1,False,7F,F5****32
B1188,356,AI208,6,1,20260404,2026-04-04 11:37:36.951,CONFIRMED,1,0,0,False,6A,C2****49
B1189,676,AI019,2,1,20251123,2025-11-23 11:37:36.951,CONFIRMED,1,0,0,False,14F,A1****72
B1190,68,6F029,26,2,20250523,2025-05-23 11:37:36.951,PENDING,0,0,1,False,12B,A8****17
B1191,292,6F018,7,2,20250427,2025-04-27 11:37:36.951,CONFIRMED,1,0,0,False,25B,R5****72
B1192,692,AI059,12,1,20250623,2025-06-23 11:37:36.951,CANCELLED,0,1,0,False,7D,E9****83
B1193,181,AI159,24,1,20250522,2025-05-22 11:37:36.951,PENDING,0,0,1,False,13D,F7****73
B1194,466,6F091,25,2,20250711,2025-07-11 11:37:36.951,CONFIRMED,1,0,0,False,14F,Z9****22
B1195,434,6F084,20,2,20250720,2025-07-20 11:37:36.951,CANCELLED,0,1,0,False,10B,D6****38
B1196,464,UK170,26,4,20260115,2026-01-15 11:37:36.951,CANCELLED,0,1,0,False,20C,Z5****58
B1197,681,UK212,14,4,20250519,2025-05-19 11:37:36.951,CONFIRMED,1,0,0,False,2E,T7****43
B1198,914,SJ022,7,3,20250616,2025-06-16 11:37:36.951,PENDING,0,0,1,True,29A,J9****79
B1199,534,SJ075,23,3,20251213,2025-12-13 11:37:36.951,PENDING,0,0,1,False,30E,F7****39
B1200,66,UK177,4,4,20250917,2025-09-17 11:37:36.951,CONFIRMED,1,0,0,False,16B,D3****88
B1201,21,UK206,23,4,20260201,2026-02-01 11:37:36.951,CANCELLED,0,1,0,False,3A,D2****32
B1202,612,UK079,7,4,20250429,2025-04-29 11:37:36.951,CANCELLED,0,1,0,False,29C,W7****89
B1203,384,UK040,15,4,20250621,2025-06-21 11:37:36.951,CONFIRMED,1,0,0,False,3B,M8****60
B1204,812,AI034,10,1,20250725,2025-07-25 11:37:36.951,CONFIRMED,1,0,0,False,30A,K3****51
B1205,615,UK034,7,4,20251018,2025-10-18 11:37:36.951,CONFIRMED,1,0,0,False,23F,F3****92
B1206,559,AI088,11,1,20250702,2025-07-02 11:37:36.951,CONFIRMED,1,0,0,False,13A,K3****09
B1207,39,AI128,2,1,20250611,2025-06-11 11:37:36.951,PENDING,0,0,1,False,26A,C3****12
B1208,285,SJ052,23,3,20250722,2025-07-22 11:37:36.951,PENDING,0,0,1,True,9A,E1****67
B1209,822,AI233,6,1,20251215,2025-12-15 11:37:36.951,PENDING,0,0,1,False,3A,C1****22
B1210,602,AI012,2,1,20260120,2026-01-20 11:37:36.951,PENDING,0,0,1,False,3C,E5****93
B1211,597,AI084,5,1,20250707,2025-07-07 11:37:36.951,CONFIRMED,1,0,0,False,34A,N5****74
B1212,785,6F126,1,2,20250708,2025-07-08 11:37:36.951,PENDING,0,0,1,False,34B,K2****86
B1213,336,SJ061,23,3,20250616,2025-06-16 11:37:36.951,CONFIRMED,1,0,0,False,2E,X5****62
B1214,188,UK194,28,4,20250814,2025-08-14 11:37:36.951,PENDING,0,0,1,True,23B,M5****99
B1215,671,AI135,6,1,20250808,2025-08-08 11:37:36.951,CANCELLED,0,1,0,False,28C,A1****43
B1216,243,6F238,8,2,20251209,2025-12-09 11:37:36.951,CONFIRMED,1,0,0,False,10A,M6****41
B1217,73,6F092,23,2,20260319,2026-03-19 11:37:36.951,CANCELLED,0,1,0,False,32C,B6****73
B1218,479,AI213,15,1,20251113,2025-11-13 11:37:36.951,PENDING,0,0,1,False,2D,Y9****69
B1219,974,UK193,13,4,20260215,2026-02-15 11:37:36.951,CANCELLED,0,1,0,False,1B,E4****42
B1220,561,6F178,2,2,20260404,2026-04-04 11:37:36.951,PENDING,0,0,1,False,29C,H0****67
B1221,101,AI158,12,1,20260306,2026-03-06 11:37:36.951,CONFIRMED,1,0,0,False,19D,K9****55
B1222,514,UK208,18,4,20260330,2026-03-30 11:37:36.951,PENDING,0,0,1,False,8A,J7****60
B1223,756,6F056,16,2,20260409,2026-04-09 11:37:36.951,PENDING,0,0,1,True,15A,D8****68
B1224,176,UK185,9,4,20251026,2025-10-26 11:37:36.951,CONFIRMED,1,0,0,False,1E,J1****08
B1225,238,AI163,14,1,20260113,2026-01-13 11:37:36.951,PENDING,0,0,1,False,4D,M7****15
B1226,910,AI112,7,1,20250823,2025-08-23 11:37:36.951,CONFIRMED,1,0,0,False,15C,V0****07
B1227,59,AI227,27,1,20251023,2025-10-23 11:37:36.951,CANCELLED,0,1,0,False,12A,K5****36
B1228,865,SJ083,23,3,20260417,2026-04-17 11:37:36.951,CONFIRMED,1,0,0,False,29D,A9****85
B1229,99,UK073,25,4,20260207,2026-02-07 11:37:36.951,CONFIRMED,1,0,0,False,13F,J7****05
B1230,954,6F169,8,2,20250429,2025-04-29 11:37:36.951,PENDING,0,0,1,False,6C,N2****62
B1231,871,UK154,19,4,20260406,2026-04-06 11:37:36.951,CANCELLED,0,1,0,False,27D,H2****46
B1232,954,SJ169,16,3,20251006,2025-10-06 11:37:36.951,CONFIRMED,1,0,0,False,32F,L9****79
B1233,495,6F187,16,2,20250513,2025-05-13 11:37:36.951,CANCELLED,0,1,0,False,5F,J0****88
B1234,947,UK210,18,4,20251121,2025-11-21 11:37:36.951,CANCELLED,0,1,0,False,33A,A5****04
B1235,980,6F250,22,2,20251223,2025-12-23 11:37:36.951,PENDING,0,0,1,False,13D,Y7****31
B1236,514,AI062,11,1,20250705,2025-07-05 11:37:36.951,CONFIRMED,1,0,0,False,25A,D6****16
B1237,755,AI047,1,1,20251116,2025-11-16 11:37:36.951,PENDING,0,0,1,True,15B,T4****43
B1238,297,SJ186,12,3,20251020,2025-10-20 11:37:36.951,PENDING,0,0,1,True,8E,F3****99
B1239,211,AI217,22,1,20251117,2025-11-17 11:37:36.951,CANCELLED,0,1,0,False,30A,A1****03
B1240,123,UK100,22,4,20251231,2025-12-31 11:37:36.951,CONFIRMED,1,0,0,False,17A,W2****20
B1241,229,UK116,28,4,20251216,2025-12-16 11:37:36.951,CONFIRMED,1,0,0,False,10A,M9****97
B1242,594,6F036,22,2,20251201,2025-12-01 11:37:36.951,CANCELLED,0,1,0,False,26C,A8****01
B1243,656,AI175,5,1,20260122,2026-01-22 11:37:36.951,CANCELLED,0,1,0,False,29E,E2****83
B1244,388,UK051,13,4,20250818,2025-08-18 11:37:36.951,CONFIRMED,1,0,0,False,27D,A8****80
B1245,140,6F201,28,2,20260417,2026-04-17 11:37:36.951,PENDING,0,0,1,True,26A,C2****49
B1246,541,6F230,22,2,20260409,2026-04-09 11:37:36.951,CONFIRMED,1,0,0,False,33B,V7****68
B1247,391,SJ138,6,3,20250813,2025-08-13 11:37:36.951,CANCELLED,0,1,0,False,15F,N9****95
B1248,270,AI246,26,1,20260304,2026-03-04 11:37:36.951,PENDING,0,0,1,False,16B,C9****07
B1249,759,6F179,14,2,20250606,2025-06-06 11:37:36.951,CANCELLED,0,1,0,False,26B,W8****17
B1250,12,6F031,26,2,20260128,2026-01-28 11:37:36.951,CANCELLED,0,1,0,False,16F,B9****68
B1251,867,UK015,6,4,20250830,2025-08-30 11:37:36.951,PENDING,0,0,1,False,29A,P0****21
B1252,389,UK001,12,4,20250421,2025-04-21 11:37:36.951,CANCELLED,0,1,0,False,27C,L1****93
B1253,337,6F133,23,2,20260227,2026-02-27 11:37:36.951,CANCELLED,0,1,0,False,15E,V9****88
B1254,506,6F143,12,2,20250722,2025-07-22 11:37:36.951,CANCELLED,0,1,0,False,5D,E4****79
B1255,106,UK165,7,4,20250922,2025-09-22 11:37:36.951,CANCELLED,0,1,0,False,23F,C1****93
B1256,32,6F083,30,2,20250810,2025-08-10 11:37:36.951,CANCELLED,0,1,0,False,22B,G6****60
B1257,74,AI082,18,1,20250819,2025-08-19 11:37:36.951,CANCELLED,0,1,0,False,11C,J5****50
B1258,171,AI164,7,1,20251028,2025-10-28 11:37:36.951,CANCELLED,0,1,0,False,21F,K7****16
B1259,849,SJ155,18,3,20260119,2026-01-19 11:37:36.951,CANCELLED,0,1,0,False,31F,K4****17
B1260,69,AI189,12,1,20260104,2026-01-04 11:37:36.951,CANCELLED,0,1,0,False,1D,V2****80
B1261,813,SJ057,2,3,20251221,2025-12-21 11:37:36.951,CONFIRMED,1,0,0,False,34A,W2****46
B1262,362,SJ198,28,3,20250507,2025-05-07 11:37:36.951,CONFIRMED,1,0,0,False,16F,Y2****69
B1263,649,6F122,7,2,20260103,2026-01-03 11:37:36.951,CANCELLED,0,1,0,False,6C,Y8****94
B1264,433,SJ097,2,3,20260415,2026-04-15 11:37:36.951,CONFIRMED,1,0,0,False,12A,J5****29
B1265,929,UK203,29,4,20250806,2025-08-06 11:37:36.951,PENDING,0,0,1,False,28F,H6****71
B1266,996,UK093,15,4,20260116,2026-01-16 11:37:36.951,CONFIRMED,1,0,0,False,27F,Y8****53
B1267,100,AI205,6,1,20250521,2025-05-21 11:37:36.951,CANCELLED,0,1,0,False,32A,V9****06
B1268,658,AI102,22,1,20260116,2026-01-16 11:37:36.951,PENDING,0,0,1,True,12A,Y9****94
B1269,9,6F046,7,2,20250906,2025-09-06 11:37:36.951,CONFIRMED,1,0,0,False,4C,N4****76
B1270,574,SJ017,9,3,20250602,2025-06-02 11:37:36.951,PENDING,0,0,1,True,22E,F0****77
B1271,697,6F156,3,2,20251020,2025-10-20 11:37:36.951,PENDING,0,0,1,False,28B,R4****90
B1272,29,AI068,26,1,20250718,2025-07-18 11:37:36.951,PENDING,0,0,1,False,19A,M4****65
B1273,893,AI150,8,1,20250605,2025-06-05 11:37:36.951,PENDING,0,0,1,True,28B,Z5****00
B1274,114,UK008,22,4,20251015,2025-10-15 11:37:36.951,PENDING,0,0,1,False,20D,F2****77
B1275,462,6F166,2,2,20250711,2025-07-11 11:37:36.951,PENDING,0,0,1,False,18F,L9****12
B1276,921,6F177,14,2,20250715,2025-07-15 11:37:36.951,CONFIRMED,1,0,0,False,1A,M8****00
B1277,143,AI196,19,1,20260119,2026-01-19 11:37:36.951,PENDING,0,0,1,False,12E,V6****31
B1278,390,SJ191,6,3,20250809,2025-08-09 11:37:36.951,CONFIRMED,1,0,0,False,5B,A4****26
B1279,632,6F019,6,2,20250510,2025-05-10 11:37:36.951,PENDING,0,0,1,True,28C,B3****53
B1280,682,AI226,29,1,20260412,2026-04-12 11:37:36.951,CONFIRMED,1,0,0,False,33B,W0****54
B1281,157,SJ207,18,3,20260121,2026-01-21 11:37:36.951,CANCELLED,0,1,0,False,4A,D8****54
B1282,335,AI009,18,1,20251230,2025-12-30 11:37:36.951,CANCELLED,0,1,0,False,8B,K5****31
B1283,861,AI103,6,1,20250508,2025-05-08 11:37:36.951,PENDING,0,0,1,True,29D,R4****17
B1284,260,SJ127,8,3,20260222,2026-02-22 11:37:36.951,CANCELLED,0,1,0,False,25F,K2****88
B1285,82,UK188,23,4,20260326,2026-03-26 11:37:36.951,CANCELLED,0,1,0,False,25B,C7****19
B1286,754,6F010,7,2,20250925,2025-09-25 11:37:36.951,PENDING,0,0,1,True,33B,L3****58
B1287,441,SJ098,14,3,20251213,2025-12-13 11:37:36.951,CANCELLED,0,1,0,False,5F,H5****18
B1288,945,6F058,2,2,20251211,2025-12-11 11:37:36.951,PENDING,0,0,1,False,18C,T8****52
B1289,172,SJ030,4,3,20260323,2026-03-23 11:37:36.951,PENDING,0,0,1,False,24F,M4****38
B1290,231,UK175,6,4,20250726,2025-07-26 11:37:36.951,CANCELLED,0,1,0,False,16F,Y9****05
B1291,720,SJ108,29,3,20260401,2026-04-01 11:37:36.951,PENDING,0,0,1,False,28E,W7****69
B1292,75,6F075,2,2,20250803,2025-08-03 11:37:36.951,CONFIRMED,1,0,0,False,7C,Y0****27
B1293,270,UK222,2,4,20250831,2025-08-31 11:37:36.951,CONFIRMED,1,0,0,False,25F,E4****98
B1294,899,6F250,22,2,20250713,2025-07-13 11:37:36.951,CANCELLED,0,1,0,False,34B,J2****72
B1295,626,AI096,12,1,20251229,2025-12-29 11:37:36.951,CANCELLED,0,1,0,False,14B,D2****62
B1296,62,AI216,2,1,20251223,2025-12-23 11:37:36.951,CANCELLED,0,1,0,False,1B,X8****01
B1297,874,6F193,16,2,20260123,2026-01-23 11:37:36.951,PENDING,0,0,1,False,8A,A0****66
B1298,320,SJ194,12,3,20260102,2026-01-02 11:37:36.951,PENDING,0,0,1,False,6C,Z9****08
B1299,102,SJ020,6,3,20250911,2025-09-11 11:37:36.951,CONFIRMED,1,0,0,False,16F,N1****45
B1300,429,6F070,13,2,20250614,2025-06-14 11:37:36.951,PENDING,0,0,1,False,21C,V0****23
B1301,874,AI051,23,1,20250903,2025-09-03 11:37:36.951,CONFIRMED,1,0,0,False,12A,L1****76
B1302,722,UK219,5,4,20251227,2025-12-27 11:37:36.951,PENDING,0,0,1,False,3D,J5****50
B1303,954,AI235,29,1,20251213,2025-12-13 11:37:36.951,CONFIRMED,1,0,0,False,20A,N6****65
B1304,255,6F022,23,2,20251213,2025-12-13 11:37:36.951,PENDING,0,0,1,True,18E,H4****16
B1305,532,SJ114,13,3,20250928,2025-09-28 11:37:36.951,PENDING,0,0,1,False,13C,V9****66
B1306,570,SJ076,9,3,20251201,2025-12-01 11:37:36.951,CONFIRMED,1,0,0,False,30A,W9****69
B1307,112,UK227,5,4,20260126,2026-01-26 11:37:36.951,PENDING,0,0,1,False,32E,P8****78
B1308,985,UK135,13,4,20250722,2025-07-22 11:37:36.951,CANCELLED,0,1,0,False,30D,A5****71
B1309,313,AI234,16,1,20250506,2025-05-06 11:37:36.951,CONFIRMED,1,0,0,False,30F,Y3****65
B1310,998,6F113,2,2,20250820,2025-08-20 11:37:36.951,PENDING,0,0,1,False,5D,A4****52
B1311,461,SJ206,18,3,20251116,2025-11-16 11:37:36.951,PENDING,0,0,1,False,9D,V5****41
B1312,708,AI015,25,1,20260329,2026-03-29 11:37:36.951,PENDING,0,0,1,True,6E,Y2****24
B1313,887,6F260,12,2,20250516,2025-05-16 11:37:36.951,CANCELLED,0,1,0,False,33E,P4****75
B1314,462,AI061,2,1,20250428,2025-04-28 11:37:36.951,CONFIRMED,1,0,0,False,19C,B4****85
B1315,865,6F237,14,2,20260326,2026-03-26 11:37:36.951,PENDING,0,0,1,False,9C,B5****92
B1316,92,SJ099,23,3,20260106,2026-01-06 11:37:36.951,PENDING,0,0,1,False,27C,A9****35
B1317,52,SJ146,24,3,20260224,2026-02-24 11:37:36.951,CANCELLED,0,1,0,False,21F,F3****82
B1318,805,SJ146,24,3,20250523,2025-05-23 11:37:36.951,CANCELLED,0,1,0,False,29B,B1****24
B1319,520,6F071,18,2,20250504,2025-05-04 11:37:36.951,CONFIRMED,1,0,0,False,4C,P1****71
B1320,812,6F272,14,2,20250813,2025-08-13 11:37:36.951,PENDING,0,0,1,False,6C,D9****71
B1321,98,SJ029,13,3,20260212,2026-02-12 11:37:36.951,PENDING,0,0,1,False,13A,C0****92
B1322,236,UK084,11,4,20250727,2025-07-27 11:37:36.951,CONFIRMED,1,0,0,False,6E,C6****74
B1323,901,SJ048,23,3,20260206,2026-02-06 11:37:36.951,CONFIRMED,1,0,0,False,14D,L4****76
B1324,374,AI108,25,1,20260204,2026-02-04 11:37:36.951,CANCELLED,0,1,0,False,33B,Y4****19
B1325,581,SJ134,2,3,20250811,2025-08-11 11:37:36.951,CANCELLED,0,1,0,False,3B,K8****45
B1326,927,UK146,16,4,20251031,2025-10-31 11:37:36.951,CONFIRMED,1,0,0,False,14F,W9****74
B1327,557,SJ036,4,3,20250924,2025-09-24 11:37:36.951,CONFIRMED,1,0,0,False,26C,J8****80
B1328,649,6F202,24,2,20251101,2025-11-01 11:37:36.951,PENDING,0,0,1,False,33B,P7****44
B1329,234,UK041,14,4,20260213,2026-02-13 11:37:36.951,CONFIRMED,1,0,0,False,22C,L3****80
B1330,32,6F078,2,2,20251206,2025-12-06 11:37:36.951,CONFIRMED,1,0,0,False,23A,R4****95
B1331,289,AI097,14,1,20250703,2025-07-03 11:37:36.951,PENDING,0,0,1,False,22C,F3****08
B1332,638,UK159,22,4,20260115,2026-01-15 11:37:36.951,CONFIRMED,1,0,0,False,7D,T4****11
B1333,579,UK044,6,4,20250906,2025-09-06 11:37:36.951,CANCELLED,0,1,0,False,12B,Y0****60
B1334,542,6F176,12,2,20250927,2025-09-27 11:37:36.951,CANCELLED,0,1,0,False,6F,Y5****20
B1335,114,SJ221,19,3,20260211,2026-02-11 11:37:36.951,PENDING,0,0,1,False,4A,R5****26
B1336,204,6F112,13,2,20250703,2025-07-03 11:37:36.951,CONFIRMED,1,0,0,False,22A,L3****79
B1337,29,6F246,13,2,20251020,2025-10-20 11:37:36.951,PENDING,0,0,1,True,4C,B7****79
B1338,643,6F014,9,2,20260221,2026-02-21 11:37:36.951,CANCELLED,0,1,0,False,14C,A3****49
B1339,474,AI237,2,1,20250917,2025-09-17 11:37:36.951,CANCELLED,0,1,0,False,28A,X1****03
B1340,697,6F003,17,2,20251214,2025-12-14 11:37:36.951,CANCELLED,0,1,0,False,12E,C8****59
B1341,253,6F249,17,2,20250704,2025-07-04 11:37:36.951,CONFIRMED,1,0,0,False,5A,H5****56
B1342,798,UK149,11,4,20250429,2025-04-29 11:37:36.951,CONFIRMED,1,0,0,False,4A,T9****96
B1343,905,SJ163,4,3,20260308,2026-03-08 11:37:36.951,CONFIRMED,1,0,0,False,9F,R7****84
B1344,922,SJ243,30,3,20260328,2026-03-28 11:37:36.951,CONFIRMED,1,0,0,False,1D,G9****30
B1345,386,UK113,12,4,20250606,2025-06-06 11:37:36.951,CANCELLED,0,1,0,False,1A,N2****25
B1346,62,AI071,16,1,20250607,2025-06-07 11:37:36.951,PENDING,0,0,1,False,30E,N5****41
B1347,515,6F271,14,2,20260207,2026-02-07 11:37:36.951,PENDING,0,0,1,False,22A,X0****34
B1348,430,SJ015,2,3,20250605,2025-06-05 11:37:36.951,CANCELLED,0,1,0,False,27E,B9****30
B1349,580,UK047,29,4,20251119,2025-11-19 11:37:36.951,CANCELLED,0,1,0,False,9E,A2****73
B1350,537,UK020,23,4,20260204,2026-02-04 11:37:36.951,PENDING,0,0,1,False,12A,L7****75
B1351,691,AI122,2,1,20250903,2025-09-03 11:37:36.951,PENDING,0,0,1,False,27F,X6****33
B1352,141,UK223,12,4,20251020,2025-10-20 11:37:36.951,CANCELLED,0,1,0,False,17D,A2****21
B1353,743,6F148,28,2,20250919,2025-09-19 11:37:36.951,CANCELLED,0,1,0,False,15F,Y2****52
B1354,300,SJ162,4,3,20251214,2025-12-14 11:37:36.951,CONFIRMED,1,0,0,False,34A,G6****15
B1355,675,6F127,17,2,20260330,2026-03-30 11:37:36.951,CONFIRMED,1,0,0,False,28B,A5****18
B1356,311,AI173,13,1,20251110,2025-11-10 11:37:36.951,PENDING,0,0,1,False,11F,W8****77
B1357,471,6F065,23,2,20260205,2026-02-05 11:37:36.951,PENDING,0,0,1,True,14A,W8****78
B1358,393,AI053,12,1,20250622,2025-06-22 11:37:36.951,PENDING,0,0,1,False,20A,E8****45
B1359,642,AI241,24,1,20251022,2025-10-22 11:37:36.951,CONFIRMED,1,0,0,False,14E,E2****28
B1360,445,AI105,12,1,20250615,2025-06-15 11:37:36.951,PENDING,0,0,1,True,18D,E3****14
B1361,758,AI110,2,1,20250824,2025-08-24 11:37:36.951,PENDING,0,0,1,False,13F,G2****59
B1362,809,AI252,13,1,20251022,2025-10-22 11:37:36.951,CONFIRMED,1,0,0,False,15B,E0****42
B1363,172,AI149,5,1,20251214,2025-12-14 11:37:36.951,CANCELLED,0,1,0,False,3B,R7****53
B1364,576,AI224,4,1,20250909,2025-09-09 11:37:36.951,PENDING,0,0,1,False,23F,L0****00
B1365,31,UK158,16,4,20250703,2025-07-03 11:37:36.951,CANCELLED,0,1,0,False,15B,R7****19
B1366,47,6F125,2,2,20250505,2025-05-05 11:37:36.951,CANCELLED,0,1,0,False,25E,A2****74
B1367,130,UK164,5,4,20251214,2025-12-14 11:37:36.951,CONFIRMED,1,0,0,False,18A,X8****38
B1368,352,UK007,4,4,20251226,2025-12-26 11:37:36.951,CANCELLED,0,1,0,False,1E,F2****67
B1369,978,6F118,20,2,20260318,2026-03-18 11:37:36.951,PENDING,0,0,1,False,15F,N8****06
B1370,845,SJ004,11,3,20260101,2026-01-01 11:37:36.951,CANCELLED,0,1,0,False,19C,C9****04
B1371,622,6F206,10,2,20250925,2025-09-25 11:37:36.951,CANCELLED,0,1,0,False,15E,B7****93
B1372,581,SJ130,8,3,20250511,2025-05-11 11:37:36.951,CANCELLED,0,1,0,False,11D,A4****32
B1373,58,SJ070,21,3,20260214,2026-02-14 11:37:36.951,CANCELLED,0,1,0,False,22F,D1****62
B1374,106,AI085,4,1,20250424,2025-04-24 11:37:36.951,CANCELLED,0,1,0,False,7F,E1****79
B1375,812,SJ109,8,3,20250902,2025-09-02 11:37:36.951,CONFIRMED,1,0,0,False,15B,Z3****64
B1376,330,AI168,18,1,20250824,2025-08-24 11:37:36.951,PENDING,0,0,1,False,16B,H2****05
B1377,768,UK123,8,4,20251024,2025-10-24 11:37:36.951,CONFIRMED,1,0,0,False,26A,G0****87
B1378,824,UK110,13,4,20260116,2026-01-16 11:37:36.951,PENDING,0,0,1,False,30D,J5****75
B1379,683,AI206,1,1,20251102,2025-11-02 11:37:36.951,PENDING,0,0,1,False,31C,Z5****59
B1380,383,6F007,14,2,20260416,2026-04-16 11:37:36.951,PENDING,0,0,1,False,6B,Y8****42
B1381,985,SJ013,9,3,20251111,2025-11-11 11:37:36.951,PENDING,0,0,1,False,33A,M0****94
B1382,162,UK061,6,4,20250919,2025-09-19 11:37:36.951,PENDING,0,0,1,False,20D,N9****66
B1383,997,AI010,5,1,20250924,2025-09-24 11:37:36.951,CANCELLED,0,1,0,False,8C,H0****59
B1384,286,AI024,3,1,20250516,2025-05-16 11:37:36.951,CONFIRMED,1,0,0,False,11D,D4****33
B1385,71,UK130,23,4,20250608,2025-06-08 11:37:36.951,CONFIRMED,1,0,0,False,30B,L4****63
B1386,767,AI161,28,1,20260312,2026-03-12 11:37:36.951,CANCELLED,0,1,0,False,10A,A0****52
B1387,454,SJ208,4,3,20250723,2025-07-23 11:37:36.951,PENDING,0,0,1,False,24F,W7****23
B1388,886,6F038,14,2,20250923,2025-09-23 11:37:36.951,PENDING,0,0,1,True,8D,F6****70
B1389,567,6F085,14,2,20260222,2026-02-22 11:37:36.951,PENDING,0,0,1,True,30D,F0****37
B1390,835,SJ028,28,3,20260309,2026-03-09 11:37:36.951,CANCELLED,0,1,0,False,8C,P6****70
B1391,397,SJ084,14,3,20251126,2025-11-26 11:37:36.951,CONFIRMED,1,0,0,False,21F,B5****05
B1392,515,AI139,14,1,20260327,2026-03-27 11:37:36.951,CONFIRMED,1,0,0,False,21D,A2****42
B1393,26,UK179,4,4,20260406,2026-04-06 11:37:36.951,PENDING,0,0,1,False,26E,P0****13
B1394,313,6F256,2,2,20250723,2025-07-23 11:37:36.951,PENDING,0,0,1,False,23F,F0****95
B1395,126,UK023,9,4,20260210,2026-02-10 11:37:36.951,PENDING,0,0,1,True,23B,N2****73
B1396,408,AI039,23,1,20250803,2025-08-03 11:37:36.951,PENDING,0,0,1,True,13E,M3****73
B1397,565,UK190,7,4,20260205,2026-02-05 11:37:36.951,CANCELLED,0,1,0,False,28D,K5****23
B1398,198,6F224,9,2,20260204,2026-02-04 11:37:36.951,PENDING,0,0,1,False,3E,M0****87
B1399,811,UK221,12,4,20250531,2025-05-31 11:37:36.951,PENDING,0,0,1,False,7A,Y7****60
B1400,188,SJ107,16,3,20260402,2026-04-02 11:37:36.951,CANCELLED,0,1,0,False,12F,E6****88
B1401,698,UK155,19,4,20250420,2025-04-20 11:37:36.951,PENDING,0,0,1,True,21D,Z6****73
B1402,817,UK183,25,4,20260321,2026-03-21 11:37:36.951,CANCELLED,0,1,0,False,7E,E3****80
B1403,810,SJ203,4,3,20250508,2025-05-08 11:37:36.951,PENDING,0,0,1,False,26A,E5****25
B1404,716,6F253,23,2,20260307,2026-03-07 11:37:36.951,PENDING,0,0,1,True,16A,Y5****37
B1405,484,AI100,28,1,20250826,2025-08-26 11:37:36.951,PENDING,0,0,1,False,32F,B4****30
B1406,450,6F140,20,2,20250624,2025-06-24 11:37:36.951,CONFIRMED,1,0,0,False,15D,W4****01
B1407,523,UK048,11,4,20250826,2025-08-26 11:37:36.951,CONFIRMED,1,0,0,False,25A,B8****75
B1408,871,SJ204,12,3,20250729,2025-07-29 11:37:36.951,CONFIRMED,1,0,0,False,12F,J7****91
B1409,354,UK105,20,4,20260324,2026-03-24 11:37:36.951,CONFIRMED,1,0,0,False,28C,C6****55
B1410,986,AI098,14,1,20260413,2026-04-13 11:37:36.951,CONFIRMED,1,0,0,False,32C,C9****57
B1411,658,6F013,2,2,20251012,2025-10-12 11:37:36.951,CANCELLED,0,1,0,False,1A,T0****62
B1412,597,6F128,13,2,20251118,2025-11-18 11:37:36.951,CANCELLED,0,1,0,False,28E,E1****93
B1413,100,SJ038,30,3,20251005,2025-10-05 11:37:36.951,PENDING,0,0,1,True,14A,W9****87
B1414,616,SJ182,28,3,20260107,2026-01-07 11:37:36.951,CONFIRMED,1,0,0,False,25F,T7****27
B1415,948,6F199,9,2,20260322,2026-03-22 11:37:36.951,PENDING,0,0,1,False,23B,L9****86
B1416,558,SJ187,23,3,20250817,2025-08-17 11:37:36.951,CANCELLED,0,1,0,False,20B,X4****65
B1417,556,AI182,13,1,20250818,2025-08-18 11:37:36.951,PENDING,0,0,1,False,8E,X5****02
B1418,278,SJ027,16,3,20250504,2025-05-04 11:37:36.951,PENDING,0,0,1,False,19D,A5****97
B1419,693,SJ062,29,3,20260120,2026-01-20 11:37:36.951,CONFIRMED,1,0,0,False,20E,B0****64
B1420,699,SJ161,23,3,20260224,2026-02-24 11:37:36.951,CONFIRMED,1,0,0,False,27B,N4****41
B1421,990,UK058,3,4,20251003,2025-10-03 11:37:36.951,PENDING,0,0,1,True,23C,P0****63
B1422,626,AI181,19,1,20260104,2026-01-04 11:37:36.951,CANCELLED,0,1,0,False,12D,G0****69
B1423,491,AI003,29,1,20250612,2025-06-12 11:37:36.951,CONFIRMED,1,0,0,False,14A,D9****35
B1424,255,6F150,14,2,20251105,2025-11-05 11:37:36.951,CANCELLED,0,1,0,False,11D,R0****28
B1425,381,SJ175,23,3,20250628,2025-06-28 11:37:36.951,CANCELLED,0,1,0,False,34E,G6****94
B1426,892,6F041,3,2,20251215,2025-12-15 11:37:36.951,CANCELLED,0,1,0,False,17C,N5****45
B1427,542,SJ040,2,3,20260415,2026-04-15 11:37:36.951,CANCELLED,0,1,0,False,16E,J1****99
B1428,264,6F020,5,2,20250617,2025-06-17 11:37:36.951,CONFIRMED,1,0,0,False,27C,J4****94
B1429,610,AI248,12,1,20250508,2025-05-08 11:37:36.951,CANCELLED,0,1,0,False,27B,W2****58
B1430,825,SJ016,15,3,20260208,2026-02-08 11:37:36.951,CONFIRMED,1,0,0,False,11A,G9****13
B1431,879,UK204,30,4,20251121,2025-11-21 11:37:36.951,CONFIRMED,1,0,0,False,31C,X7****70
B1432,329,6F211,23,2,20250902,2025-09-02 11:37:36.951,CANCELLED,0,1,0,False,9B,M3****79
B1433,115,SJ166,20,3,20250507,2025-05-07 11:37:36.951,CONFIRMED,1,0,0,False,5B,A0****46
B1434,276,AI036,2,1,20251019,2025-10-19 11:37:36.951,PENDING,0,0,1,False,30C,B0****13
B1435,488,SJ215,12,3,20250918,2025-09-18 11:37:36.951,CONFIRMED,1,0,0,False,1E,V9****57
B1436,281,AI076,6,1,20260105,2026-01-05 11:37:36.951,CONFIRMED,1,0,0,False,20B,C9****58
B1437,275,SJ012,24,3,20251128,2025-11-28 11:37:36.951,CANCELLED,0,1,0,False,24A,L6****38
B1438,773,AI073,26,1,20260401,2026-04-01 11:37:36.951,PENDING,0,0,1,True,20D,F3****33
B1439,843,SJ173,20,3,20251109,2025-11-09 11:37:36.951,CONFIRMED,1,0,0,False,27E,J6****37
B1440,719,AI193,19,1,20260309,2026-03-09 11:37:36.951,CANCELLED,0,1,0,False,25E,W0****94
B1441,896,SJ131,19,3,20250922,2025-09-22 11:37:36.951,PENDING,0,0,1,True,13A,Z1****74
B1442,328,AI225,26,1,20250602,2025-06-02 11:37:36.951,PENDING,0,0,1,False,11E,L0****02
B1443,211,AI190,2,1,20251009,2025-10-09 11:37:36.951,CANCELLED,0,1,0,False,9E,N5****33
B1444,727,SJ238,23,3,20251225,2025-12-25 11:37:36.951,CONFIRMED,1,0,0,False,7B,H0****69
B1445,923,6F005,16,2,20251221,2025-12-21 11:37:36.951,PENDING,0,0,1,False,5F,H0****77
B1446,552,UK136,15,4,20250925,2025-09-25 11:37:36.951,PENDING,0,0,1,False,23C,P7****27
B1447,992,SJ063,3,3,20250521,2025-05-21 11:37:36.951,CONFIRMED,1,0,0,False,15F,B2****12
B1448,26,6F175,21,2,20251121,2025-11-21 11:37:36.951,CANCELLED,0,1,0,False,9E,T2****20
B1449,27,AI037,26,1,20250523,2025-05-23 11:37:36.951,PENDING,0,0,1,False,19A,C9****22
B1450,702,UK225,23,4,20251111,2025-11-11 11:37:36.951,CONFIRMED,1,0,0,False,21C,R6****77
B1451,83,AI141,30,1,20250520,2025-05-20 11:37:36.951,CONFIRMED,1,0,0,False,15E,Y9****58
B1452,896,6F172,26,2,20260126,2026-01-26 11:37:36.951,PENDING,0,0,1,False,3E,T2****25
B1453,946,6F219,11,2,20260207,2026-02-07 11:37:36.951,CANCELLED,0,1,0,False,16F,N8****37
B1454,682,AI045,14,1,20250816,2025-08-16 11:37:36.951,PENDING,0,0,1,False,8E,X1****10
B1455,413,AI198,1,1,20260412,2026-04-12 11:37:36.951,CONFIRMED,1,0,0,False,30A,B3****01
B1456,167,AI120,21,1,20250424,2025-04-24 11:37:36.951,PENDING,0,0,1,False,17F,B3****99
B1457,700,6F134,27,2,20250611,2025-06-11 11:37:36.951,CANCELLED,0,1,0,False,32D,Y5****22
B1458,169,UK102,15,4,20251119,2025-11-19 11:37:36.951,CONFIRMED,1,0,0,False,10B,H8****54
B1459,801,SJ199,17,3,20250610,2025-06-10 11:37:36.951,CANCELLED,0,1,0,False,1F,F6****33
B1460,979,6F235,14,2,20251001,2025-10-01 11:37:36.951,PENDING,0,0,1,False,32E,K4****88
B1461,229,UK065,2,4,20251014,2025-10-14 11:37:36.951,PENDING,0,0,1,False,33F,J7****96
B1462,979,6F135,19,2,20251203,2025-12-03 11:37:36.951,CANCELLED,0,1,0,False,26D,Y5****92
B1463,609,SJ148,7,3,20260210,2026-02-10 11:37:36.951,PENDING,0,0,1,False,31C,Y5****77
B1464,367,AI083,10,1,20260307,2026-03-07 11:37:36.951,CANCELLED,0,1,0,False,6B,M9****65
B1465,528,UK024,23,4,20250702,2025-07-02 11:37:36.951,PENDING,0,0,1,False,5C,Z5****41
B1466,791,UK220,6,4,20250427,2025-04-27 11:37:36.951,CANCELLED,0,1,0,False,28B,B2****63
B1467,647,UK115,6,4,20250430,2025-04-30 11:37:36.951,CANCELLED,0,1,0,False,25A,E6****06
B1468,538,AI255,21,1,20250716,2025-07-16 11:37:36.951,CONFIRMED,1,0,0,False,14F,J9****13
B1469,864,6F001,17,2,20251225,2025-12-25 11:37:36.951,CONFIRMED,1,0,0,False,11A,Z8****83
B1470,524,6F132,3,2,20250527,2025-05-27 11:37:36.951,CANCELLED,0,1,0,False,24E,E1****81
B1471,72,UK184,19,4,20260328,2026-03-28 11:37:36.951,PENDING,0,0,1,False,8E,W6****01
B1472,645,6F098,27,2,20250606,2025-06-06 11:37:36.951,PENDING,0,0,1,False,3D,W8****20
B1473,106,SJ168,28,3,20250719,2025-07-19 11:37:36.951,PENDING,0,0,1,False,21F,V7****58
B1474,732,SJ178,5,3,20250728,2025-07-28 11:37:36.951,CANCELLED,0,1,0,False,14C,N4****62
B1475,885,UK111,23,4,20260307,2026-03-07 11:37:36.951,CANCELLED,0,1,0,False,2C,Y2****32
B1476,965,SJ051,26,3,20260227,2026-02-27 11:37:36.951,CANCELLED,0,1,0,False,32E,K2****14
B1477,689,SJ193,12,3,20250706,2025-07-06 11:37:36.951,CANCELLED,0,1,0,False,18E,T9****99
B1478,282,SJ039,3,3,20260224,2026-02-24 11:37:36.951,CONFIRMED,1,0,0,False,28D,F8****03
B1479,133,UK066,2,4,20251217,2025-12-17 11:37:36.951,CANCELLED,0,1,0,False,22B,F0****28
B1480,534,SJ050,15,3,20260314,2026-03-14 11:37:36.951,PENDING,0,0,1,False,34B,D0****43
B1481,975,6F052,2,2,20250611,2025-06-11 11:37:36.951,CONFIRMED,1,0,0,False,4D,W2****90
B1482,269,SJ170,6,3,20250829,2025-08-29 11:37:36.951,PENDING,0,0,1,False,14E,P2****28
B1483,412,SJ119,2,3,20250609,2025-06-09 11:37:36.951,PENDING,0,0,1,True,26B,G3****51
B1484,673,AI219,30,1,20250507,2025-05-07 11:37:36.951,CONFIRMED,1,0,0,False,13B,D3****01
B1485,619,6F220,17,2,20250705,2025-07-05 11:37:36.951,CANCELLED,0,1,0,False,12D,H9****35
B1486,791,AI207,16,1,20250504,2025-05-04 11:37:36.951,CONFIRMED,1,0,0,False,3D,T5****61
B1487,865,6F024,8,2,20260126,2026-01-26 11:37:36.951,PENDING,0,0,1,False,5E,X2****43
B1488,747,SJ073,22,3,20250504,2025-05-04 11:37:36.951,CANCELLED,0,1,0,False,27E,Y7****15
B1489,18,SJ201,30,3,20250708,2025-07-08 11:37:36.951,CANCELLED,0,1,0,False,24F,K5****66
B1490,754,AI180,2,1,20260310,2026-03-10 11:37:36.951,CONFIRMED,1,0,0,False,29B,N2****25
B1491,117,UK022,4,4,20250716,2025-07-16 11:37:36.951,CONFIRMED,1,0,0,False,18F,V9****39
B1492,798,AI202,24,1,20260327,2026-03-27 11:37:36.951,CANCELLED,0,1,0,False,29C,Z0****90
B1493,794,6F212,25,2,20250601,2025-06-01 11:37:36.952,CONFIRMED,1,0,0,False,26D,Y6****79
B1494,144,6F163,3,2,20250609,2025-06-09 11:37:36.952,CANCELLED,0,1,0,False,23F,A8****48
B1495,717,UK028,14,4,20251015,2025-10-15 11:37:36.952,CONFIRMED,1,0,0,False,27D,J1****41
B1496,551,6F243,5,2,20260321,2026-03-21 11:37:36.952,PENDING,0,0,1,False,7D,R8****88
B1497,929,AI165,18,1,20250902,2025-09-02 11:37:36.952,CONFIRMED,1,0,0,False,11F,X8****09
B1498,666,UK099,16,4,20250718,2025-07-18 11:37:36.952,PENDING,0,0,1,False,3D,L2****27
B1499,688,AI033,21,1,20250617,2025-06-17 11:37:36.952,PENDING,0,0,1,True,17C,W9****48
B1500,961,UK056,14,4,20250430,2025-04-30 11:37:36.952,CONFIRMED,1,0,0,False,22D,H0****30
B1501,753,SJ122,28,3,20250904,2025-09-04 11:37:36.952,CANCELLED,0,1,0,False,23D,W8****41
B1502,422,AI086,20,1,20251015,2025-10-15 11:37:36.952,CONFIRMED,1,0,0,False,23F,E7****30
B1503,898,SJ011,16,3,20251017,2025-10-17 11:37:36.952,CONFIRMED,1,0,0,False,25C,N1****05
B1504,369,SJ021,24,3,20250421,2025-04-21 11:37:36.952,PENDING,0,0,1,False,4E,J9****67
B1505,646,SJ106,12,3,20251129,2025-11-29 11:37:36.952,CONFIRMED,1,0,0,False,8F,A1****00
B1506,558,SJ026,1,3,20260129,2026-01-29 11:37:36.952,CANCELLED,0,1,0,False,9E,M1****44
B1507,50,SJ245,8,3,20251127,2025-11-27 11:37:36.952,PENDING,0,0,1,False,20A,T4****52
B1508,678,AI023,24,1,20250731,2025-07-31 11:37:36.952,PENDING,0,0,1,True,9C,E1****67
B1509,106,AI032,23,1,20250925,2025-09-25 11:37:36.952,CANCELLED,0,1,0,False,14F,F2****53
B1510,216,AI236,10,1,20250511,2025-05-11 11:37:36.952,CANCELLED,0,1,0,False,19F,A4****48
B1511,658,6F094,6,2,20251224,2025-12-24 11:37:36.952,CANCELLED,0,1,0,False,15C,Y3****13
B1512,923,UK163,4,4,20251221,2025-12-21 11:37:36.952,PENDING,0,0,1,False,4A,C2****12
B1513,425,UK163,4,4,20250630,2025-06-30 11:37:36.952,CONFIRMED,1,0,0,False,32B,E2****27
B1514,72,SJ045,9,3,20250507,2025-05-07 11:37:36.952,CANCELLED,0,1,0,False,21E,J8****85
B1515,988,SJ006,24,3,20250706,2025-07-06 11:37:36.952,PENDING,0,0,1,False,26A,F9****51
B1516,842,SJ103,23,3,20250805,2025-08-05 11:37:36.952,CANCELLED,0,1,0,False,34F,M9****50
B1517,785,6F221,11,2,20260116,2026-01-16 11:37:36.952,PENDING,0,0,1,True,31B,K9****44
B1518,759,SJ147,25,3,20260320,2026-03-20 11:37:36.952,PENDING,0,0,1,True,30A,G5****41
B1519,446,SJ064,12,3,20260325,2026-03-25 11:37:36.952,PENDING,0,0,1,False,3C,K9****93
B1520,925,AI028,17,1,20260402,2026-04-02 11:37:36.952,CONFIRMED,1,0,0,False,27A,V8****83
B1521,186,AI148,14,1,20251108,2025-11-08 11:37:36.952,PENDING,0,0,1,False,31E,G3****08
B1522,70,6F263,4,2,20250831,2025-08-31 11:37:36.952,CONFIRMED,1,0,0,False,1C,W1****73
B1523,974,SJ067,23,3,20250519,2025-05-19 11:37:36.952,PENDING,0,0,1,False,21F,L1****46
B1524,150,6F061,3,2,20250617,2025-06-17 11:37:36.952,PENDING,0,0,1,False,23D,H7****91
B1525,246,AI254,20,1,20250529,2025-05-29 11:37:36.952,PENDING,0,0,1,True,11E,K4****76
B1526,774,SJ136,24,3,20251115,2025-11-15 11:37:36.952,CONFIRMED,1,0,0,False,17D,C4****99
B1527,538,AI046,10,1,20250709,2025-07-09 11:37:36.952,PENDING,0,0,1,False,8A,L0****00
B1528,935,UK174,12,4,20260328,2026-03-28 11:37:36.952,PENDING,0,0,1,False,6E,H9****21
B1529,652,6F066,29,2,20250430,2025-04-30 11:37:36.952,PENDING,0,0,1,True,34C,V4****48
B1530,99,UK095,16,4,20251208,2025-12-08 11:37:36.952,PENDING,0,0,1,True,23E,M7****59
B1531,910,6F063,4,2,20260401,2026-04-01 11:37:36.952,PENDING,0,0,1,False,30F,D9****79
B1532,278,UK118,24,4,20250422,2025-04-22 11:37:36.952,PENDING,0,0,1,False,30A,E4****71
B1533,563,UK218,23,4,20250915,2025-09-15 11:37:36.952,PENDING,0,0,1,False,28D,X8****43
B1534,663,UK031,12,4,20250911,2025-09-11 11:37:36.952,CONFIRMED,1,0,0,False,34E,N8****03
B1535,944,UK142,30,4,20260402,2026-04-02 11:37:36.952,PENDING,0,0,1,False,6C,P8****97
B1536,455,AI002,24,1,20250601,2025-06-01 11:37:36.952,PENDING,0,0,1,True,4C,A0****77
B1537,104,UK070,8,4,20251008,2025-10-08 11:37:36.952,CONFIRMED,1,0,0,False,21F,W6****51
B1538,946,SJ121,12,3,20260317,2026-03-17 11:37:36.952,PENDING,0,0,1,False,8E,R0****01
B1539,601,UK201,17,4,20250611,2025-06-11 11:37:36.952,CONFIRMED,1,0,0,False,20B,X1****97
B1540,653,AI138,18,1,20260115,2026-01-15 11:37:36.952,CANCELLED,0,1,0,False,7E,D3****85
B1541,725,SJ014,5,3,20251216,2025-12-16 11:37:36.952,CONFIRMED,1,0,0,False,26A,K5****73
B1542,233,SJ053,12,3,20251213,2025-12-13 11:37:36.952,PENDING,0,0,1,False,14F,V7****71
B1543,394,SJ241,4,3,20250616,2025-06-16 11:37:36.952,CANCELLED,0,1,0,False,4F,Y6****39
B1544,501,AI249,29,1,20250901,2025-09-01 11:37:36.952,CANCELLED,0,1,0,False,16A,L8****47
B1545,695,AI176,30,1,20260308,2026-03-08 11:37:36.952,PENDING,0,0,1,False,8A,N3****55
B1546,251,SJ234,25,3,20260402,2026-04-02 11:37:36.952,PENDING,0,0,1,False,32B,H6****37
B1547,521,6F115,23,2,20250418,2025-04-18 11:37:36.952,PENDING,0,0,1,False,16C,F8****05
B1548,79,AI020,26,1,20251004,2025-10-04 11:37:36.952,CONFIRMED,1,0,0,False,7E,C6****10
B1549,52,AI020,26,1,20251216,2025-12-16 11:37:36.952,CONFIRMED,1,0,0,False,24A,Z3****40
B1550,898,6F079,19,2,20251206,2025-12-06 11:37:36.952,CONFIRMED,1,0,0,False,10D,W8****04
B1551,921,6F104,28,2,20251114,2025-11-14 11:37:36.952,PENDING,0,0,1,True,8E,P2****47
B1552,781,UK046,12,4,20260206,2026-02-06 11:37:36.952,PENDING,0,0,1,False,32D,L3****06
B1553,226,SJ217,2,3,20251115,2025-11-15 11:37:36.952,CONFIRMED,1,0,0,False,33D,Y0****84
B1554,51,6F142,1,2,20250826,2025-08-26 11:37:36.952,CANCELLED,0,1,0,False,8D,M1****27
B1555,186,SJ139,7,3,20260404,2026-04-04 11:37:36.952,CONFIRMED,1,0,0,False,3B,A6****64
B1556,34,6F059,8,2,20260118,2026-01-18 11:37:36.952,CANCELLED,0,1,0,False,31D,X8****38
B1557,803,6F067,23,2,20250810,2025-08-10 11:37:36.952,PENDING,0,0,1,False,17A,H3****70
B1558,742,AI007,11,1,20250807,2025-08-07 11:37:36.952,PENDING,0,0,1,False,27A,A9****38
B1559,131,UK202,4,4,20260120,2026-01-20 11:37:36.952,CONFIRMED,1,0,0,False,5F,E6****04
B1560,632,AI200,14,1,20260307,2026-03-07 11:37:36.952,CONFIRMED,1,0,0,False,18C,C9****20
B1561,443,UK172,10,4,20260127,2026-01-27 11:37:36.952,PENDING,0,0,1,False,18C,B7****32
B1562,838,6F214,2,2,20250501,2025-05-01 11:37:36.952,CONFIRMED,1,0,0,False,10B,Z1****41
B1563,759,UK037,6,4,20250911,2025-09-11 11:37:36.952,PENDING,0,0,1,False,27B,R0****64
B1564,432,AI022,16,1,20250814,2025-08-14 11:37:36.952,PENDING,0,0,1,False,17F,M1****40
B1565,704,AI243,6,1,20260206,2026-02-06 11:37:36.952,CANCELLED,0,1,0,False,20D,P1****03
B1566,497,SJ174,12,3,20251008,2025-10-08 11:37:36.952,CONFIRMED,1,0,0,False,29F,N3****86
B1567,403,SJ079,13,3,20251113,2025-11-13 11:37:36.952,PENDING,0,0,1,False,9A,E0****66
B1568,323,UK097,17,4,20251221,2025-12-21 11:37:36.952,CONFIRMED,1,0,0,False,21A,P8****77
B1569,210,AI013,24,1,20251226,2025-12-26 11:37:36.952,CANCELLED,0,1,0,False,14E,T3****07
B1570,615,UK196,5,4,20251121,2025-11-21 11:37:36.952,CANCELLED,0,1,0,False,25E,G0****13
B1571,329,SJ213,2,3,20251106,2025-11-06 11:37:36.952,CONFIRMED,1,0,0,False,2C,V7****21
B1572,372,UK119,2,4,20250526,2025-05-26 11:37:36.952,CONFIRMED,1,0,0,False,5D,J6****28
B1573,460,AI043,12,1,20260318,2026-03-18 11:37:36.952,PENDING,0,0,1,False,19B,J4****34
B1574,133,AI043,12,1,20250429,2025-04-29 11:37:36.952,CANCELLED,0,1,0,False,18A,E1****23
B1575,835,AI143,12,1,20250616,2025-06-16 11:37:36.952,CANCELLED,0,1,0,False,2B,A9****26
B1576,651,SJ032,3,3,20251020,2025-10-20 11:37:36.952,PENDING,0,0,1,True,6F,Z5****76
B1577,121,6F050,10,2,20260124,2026-01-24 11:37:36.952,CONFIRMED,1,0,0,False,23A,K8****59
B1578,606,AI134,17,1,20251225,2025-12-25 11:37:36.952,PENDING,0,0,1,False,6B,E1****89
B1579,452,6F182,2,2,20250424,2025-04-24 11:37:36.952,CONFIRMED,1,0,0,False,28E,N4****78
B1580,965,SJ086,12,3,20251008,2025-10-08 11:37:36.952,CONFIRMED,1,0,0,False,20D,G7****84
B1581,129,6F170,13,2,20250806,2025-08-06 11:37:36.952,CONFIRMED,1,0,0,False,3D,V3****19
B1582,91,UK168,25,4,20250424,2025-04-24 11:37:36.952,PENDING,0,0,1,False,34B,X2****06
B1583,604,SJ072,4,3,20260222,2026-02-22 11:37:36.952,PENDING,0,0,1,True,33D,Z2****84
B1584,575,UK075,21,4,20250428,2025-04-28 11:37:36.952,CANCELLED,0,1,0,False,21C,B8****86
B1585,29,6F233,6,2,20260108,2026-01-08 11:37:36.952,CANCELLED,0,1,0,False,1C,E0****72
B1586,722,SJ143,10,3,20251113,2025-11-13 11:37:36.952,CANCELLED,0,1,0,False,25B,G3****88
B1587,524,SJ246,8,3,20250628,2025-06-28 11:37:36.952,PENDING,0,0,1,False,34E,N7****00
B1588,333,SJ247,10,3,20251104,2025-11-04 11:37:36.952,CONFIRMED,1,0,0,False,10B,J1****16
B1589,297,UK157,28,4,20250831,2025-08-31 11:37:36.952,PENDING,0,0,1,False,3D,T3****79
B1590,130,UK069,12,4,20260401,2026-04-01 11:37:36.952,CONFIRMED,1,0,0,False,25B,L4****74
B1591,293,AI106,24,1,20251120,2025-11-20 11:37:36.952,CANCELLED,0,1,0,False,8A,A9****36
B1592,173,UK085,11,4,20251117,2025-11-17 11:37:36.952,CONFIRMED,1,0,0,False,24F,C1****98
B1593,720,6F087,4,2,20250924,2025-09-24 11:37:36.952,PENDING,0,0,1,True,1A,V2****34
B1594,944,AI067,13,1,20250601,2025-06-01 11:37:36.952,CONFIRMED,1,0,0,False,25E,L3****75
B1595,24,6F226,10,2,20260107,2026-01-07 11:37:36.952,PENDING,0,0,1,False,4E,X4****01
B1596,99,SJ210,15,3,20251220,2025-12-20 11:37:36.952,CONFIRMED,1,0,0,False,15E,Z0****22
B1597,406,6F269,14,2,20251023,2025-10-23 11:37:36.952,CONFIRMED,1,0,0,False,33A,K0****85
B1598,356,UK013,16,4,20260102,2026-01-02 11:37:36.952,CONFIRMED,1,0,0,False,11B,L2****64
B1599,139,UK013,16,4,20250930,2025-09-30 11:37:36.952,PENDING,0,0,1,False,9E,A0****18
B1600,503,UK143,6,4,20250720,2025-07-20 11:37:36.952,PENDING,0,0,1,False,2C,W1****59
B1601,826,6F262,11,2,20250907,2025-09-07 11:37:36.952,PENDING,0,0,1,False,28D,B0****04
B1602,174,6F042,13,2,20250707,2025-07-07 11:37:36.952,PENDING,0,0,1,True,2A,C2****71
B1603,29,SJ118,10,3,20251206,2025-12-06 11:37:36.952,CANCELLED,0,1,0,False,17E,E9****20
B1604,931,SJ118,10,3,20251117,2025-11-17 11:37:36.952,CANCELLED,0,1,0,False,3C,T6****46
B1605,496,SJ082,8,3,20251003,2025-10-03 11:37:36.952,CANCELLED,0,1,0,False,6C,R6****19
B1606,655,6F015,2,2,20250718,2025-07-18 11:37:36.952,CONFIRMED,1,0,0,False,23E,M7****43
B1607,828,AI101,7,1,20260202,2026-02-02 11:37:36.952,PENDING,0,0,1,True,30F,T6****12
B1608,351,SJ110,12,3,20250628,2025-06-28 11:37:36.952,CANCELLED,0,1,0,False,10B,R0****56
B1609,554,SJ042,15,3,20251021,2025-10-21 11:37:36.952,CANCELLED,0,1,0,False,19D,Y7****49
B1610,299,6F145,12,2,20251013,2025-10-13 11:37:36.952,CONFIRMED,1,0,0,False,27A,C2****00
B1611,720,UK029,10,4,20260105,2026-01-05 11:37:36.952,CANCELLED,0,1,0,False,14C,X7****54
B1612,842,SJ200,8,3,20250418,2025-04-18 11:37:36.952,CANCELLED,0,1,0,False,28C,P6****15
B1613,945,SJ209,6,3,20260129,2026-01-29 11:37:36.952,CONFIRMED,1,0,0,False,6A,M4****44
B1614,192,AI116,28,1,20250511,2025-05-11 11:37:36.952,PENDING,0,0,1,True,30B,Y7****82
B1615,672,6F117,12,2,20250523,2025-05-23 11:37:36.952,CANCELLED,0,1,0,False,33B,P3****48
B1616,64,SJ181,26,3,20251223,2025-12-23 11:37:36.952,PENDING,0,0,1,False,17A,V4****66
B1617,755,AI070,12,1,20250510,2025-05-10 11:37:36.952,PENDING,0,0,1,True,18A,D0****43
B1618,770,AI070,12,1,20260119,2026-01-19 11:37:36.952,CONFIRMED,1,0,0,False,1B,A1****86
B1619,664,UK042,3,4,20260205,2026-02-05 11:37:36.952,PENDING,0,0,1,False,13A,D8****20
B1620,215,AI169,12,1,20260224,2026-02-24 11:37:36.952,PENDING,0,0,1,False,1B,X9****40
B1621,834,6F021,27,2,20251221,2025-12-21 11:37:36.952,PENDING,0,0,1,False,27A,D3****78
B1622,166,SJ046,16,3,20250623,2025-06-23 11:37:36.952,PENDING,0,0,1,False,19F,N2****41
B1623,543,AI211,18,1,20250817,2025-08-17 11:37:36.952,CANCELLED,0,1,0,False,22B,V5****37
B1624,883,SJ091,25,3,20251220,2025-12-20 11:37:36.952,CANCELLED,0,1,0,False,34F,F1****87
B1625,232,AI123,3,1,20260405,2026-04-05 11:37:36.952,PENDING,0,0,1,False,7D,E7****16
B1626,794,6F053,4,2,20250417,2025-04-17 11:37:36.952,CANCELLED,0,1,0,False,25C,V1****39
B1627,541,UK012,3,4,20260109,2026-01-09 11:37:36.952,PENDING,0,0,1,False,27E,D8****07
B1628,195,6F023,23,2,20251125,2025-11-25 11:37:36.952,PENDING,0,0,1,False,33A,F4****57
B1629,506,AI250,2,1,20260102,2026-01-02 11:37:36.952,CONFIRMED,1,0,0,False,11A,Z4****62
B1630,334,AI238,1,1,20260407,2026-04-07 11:37:36.952,PENDING,0,0,1,False,26F,B6****74
B1631,768,UK096,29,4,20260217,2026-02-17 11:37:36.952,CANCELLED,0,1,0,False,24F,N7****13
B1632,793,UK126,12,4,20260330,2026-03-30 11:37:36.952,PENDING,0,0,1,False,1D,L0****61
B1633,304,SJ195,2,3,20250830,2025-08-30 11:37:36.952,CONFIRMED,1,0,0,False,8E,G5****43
B1634,833,SJ171,4,3,20251225,2025-12-25 11:37:36.952,CANCELLED,0,1,0,False,1C,E4****30
B1635,437,AI136,30,1,20250814,2025-08-14 11:37:36.952,PENDING,0,0,1,True,7C,P9****02
B1636,323,SJ192,17,3,20250527,2025-05-27 11:37:36.952,CONFIRMED,1,0,0,False,22B,T5****33
B1637,502,6F035,20,2,20251201,2025-12-01 11:37:36.952,PENDING,0,0,1,False,27C,C1****47
B1638,858,UK088,23,4,20260223,2026-02-23 11:37:36.952,CONFIRMED,1,0,0,False,22C,V9****38
B1639,914,6F009,25,2,20250914,2025-09-14 11:37:36.952,CONFIRMED,1,0,0,False,24E,W1****23
B1640,393,6F004,2,2,20260128,2026-01-28 11:37:36.952,CANCELLED,0,1,0,False,30B,D5****09
B1641,806,UK122,15,4,20260327,2026-03-27 11:37:36.952,PENDING,0,0,1,True,28D,N0****54
B1642,599,AI251,11,1,20260215,2026-02-15 11:37:36.952,PENDING,0,0,1,False,4E,B5****73
B1643,149,AI027,16,1,20260204,2026-02-04 11:37:36.952,PENDING,0,0,1,False,14A,M6****70
B1644,761,SJ165,28,3,20251020,2025-10-20 11:37:36.952,PENDING,0,0,1,False,20E,K3****41
B1645,833,UK081,30,4,20250816,2025-08-16 11:37:36.952,CONFIRMED,1,0,0,False,17D,R2****25
B1646,405,UK191,23,4,20250927,2025-09-27 11:37:36.952,CANCELLED,0,1,0,False,28C,R2****76
B1647,283,SJ188,6,3,20251106,2025-11-06 11:37:36.952,PENDING,0,0,1,False,14F,R6****35
B1648,362,6F016,17,2,20250809,2025-08-09 11:37:36.952,CONFIRMED,1,0,0,False,33D,P2****86
B1649,379,6F064,12,2,20260405,2026-04-05 11:37:36.952,PENDING,0,0,1,False,4F,A4****32
B1650,198,SJ105,5,3,20260403,2026-04-03 11:37:36.952,PENDING,0,0,1,True,10D,M3****89
B1651,556,SJ054,23,3,20250909,2025-09-09 11:37:36.952,CANCELLED,0,1,0,False,21B,P1****40
B1652,356,6F197,26,2,20251219,2025-12-19 11:37:36.952,PENDING,0,0,1,False,23C,R0****75
B1653,540,AI040,24,1,20260326,2026-03-26 11:37:36.952,CANCELLED,0,1,0,False,31B,C9****22
B1654,429,AI131,3,1,20250814,2025-08-14 11:37:36.952,PENDING,0,0,1,True,31A,E7****22
B1655,17,6F141,2,2,20251009,2025-10-09 11:37:36.952,PENDING,0,0,1,False,7D,C7****17
B1656,639,UK035,17,4,20250512,2025-05-12 11:37:36.952,CONFIRMED,1,0,0,False,26E,K2****44
B1657,379,AI005,18,1,20250828,2025-08-28 11:37:36.952,CONFIRMED,1,0,0,False,12B,M2****39
B1658,680,AI001,4,1,20250622,2025-06-22 11:37:36.952,CONFIRMED,1,0,0,False,18D,P9****26
B1659,506,UK211,21,4,20260117,2026-01-17 11:37:36.952,PENDING,0,0,1,False,6D,P8****03
B1660,756,SJ189,24,3,20260404,2026-04-04 11:37:36.952,CANCELLED,0,1,0,False,12D,B5****33
B1661,899,UK006,21,4,20250421,2025-04-21 11:37:36.952,PENDING,0,0,1,False,18D,J4****72
B1662,76,6F189,23,2,20251013,2025-10-13 11:37:36.952,CONFIRMED,1,0,0,False,17A,W0****65
B1663,231,AI133,18,1,20250516,2025-05-16 11:37:36.952,CANCELLED,0,1,0,False,15B,Y9****39
B1664,716,SJ216,2,3,20251108,2025-11-08 11:37:36.952,CONFIRMED,1,0,0,False,25B,F7****91
B1665,962,SJ133,2,3,20260304,2026-03-04 11:37:36.952,CANCELLED,0,1,0,False,29D,B4****66
B1666,248,UK082,10,4,20260305,2026-03-05 11:37:36.952,PENDING,0,0,1,False,32C,F7****39
B1667,302,6F136,12,2,20260216,2026-02-16 11:37:36.952,CANCELLED,0,1,0,False,32C,R0****06
B1668,726,6F039,21,2,20250430,2025-04-30 11:37:36.952,PENDING,0,0,1,False,3B,F0****29
B1669,215,AI011,28,1,20250616,2025-06-16 11:37:36.952,CONFIRMED,1,0,0,False,3E,C5****44
B1670,158,SJ225,4,3,20250512,2025-05-12 11:37:36.952,CANCELLED,0,1,0,False,16C,F5****02
B1671,69,SJ024,9,3,20250708,2025-07-08 11:37:36.952,CONFIRMED,1,0,0,False,22C,E5****93
B1672,393,AI109,6,1,20250801,2025-08-01 11:37:36.952,CANCELLED,0,1,0,False,14E,B3****84
B1673,85,AI147,15,1,20250612,2025-06-12 11:37:36.952,PENDING,0,0,1,True,28B,H3****29
B1674,267,UK057,12,4,20251103,2025-11-03 11:37:36.952,CANCELLED,0,1,0,False,18C,W0****12
B1675,69,6F111,13,2,20250801,2025-08-01 11:37:36.952,CANCELLED,0,1,0,False,9A,X0****59
B1676,611,AI197,2,1,20260414,2026-04-14 11:37:36.952,PENDING,0,0,1,False,24C,H7****74
B1677,347,UK127,5,4,20260131,2026-01-31 11:37:36.952,PENDING,0,0,1,False,29C,A6****93
B1678,962,6F240,4,2,20251231,2025-12-31 11:37:36.952,PENDING,0,0,1,False,24B,E2****17
B1679,728,6F257,21,2,20250817,2025-08-17 11:37:36.952,CANCELLED,0,1,0,False,25A,P4****64
B1680,927,AI253,6,1,20260319,2026-03-19 11:37:36.952,PENDING,0,0,1,True,11F,A9****00
B1681,673,SJ135,21,3,20260402,2026-04-02 11:37:36.952,CANCELLED,0,1,0,False,15C,E4****15
B1682,423,UK112,12,4,20250710,2025-07-10 11:37:36.952,CANCELLED,0,1,0,False,20B,L1****91
B1683,606,AI050,6,1,20250807,2025-08-07 11:37:36.952,CONFIRMED,1,0,0,False,9C,R7****79
B1684,174,UK060,25,4,20251118,2025-11-18 11:37:36.952,PENDING,0,0,1,False,8E,E1****58
B1685,677,SJ183,12,3,20250515,2025-05-15 11:37:36.952,CANCELLED,0,1,0,False,25E,A4****67
B1686,115,UK138,7,4,20251117,2025-11-17 11:37:36.952,CONFIRMED,1,0,0,False,23E,H2****51
B1687,220,SJ071,1,3,20251012,2025-10-12 11:37:36.952,PENDING,0,0,1,False,22F,L7****08
B1688,956,AI057,2,1,20250614,2025-06-14 11:37:36.952,PENDING,0,0,1,False,9D,V8****67
B1689,31,SJ151,2,3,20250710,2025-07-10 11:37:36.952,CANCELLED,0,1,0,False,20B,V4****25
B1690,523,SJ144,6,3,20250628,2025-06-28 11:37:36.952,PENDING,0,0,1,False,12C,M1****22
B1691,343,SJ087,8,3,20260123,2026-01-23 11:37:36.952,PENDING,0,0,1,False,12E,D8****47
B1692,377,SJ066,15,3,20260402,2026-04-02 11:37:36.952,CONFIRMED,1,0,0,False,18A,X4****23
B1693,130,AI247,2,1,20260102,2026-01-02 11:37:36.952,CONFIRMED,1,0,0,False,11F,X2****66
B1694,1000,SJ102,21,3,20260401,2026-04-01 11:37:36.952,PENDING,0,0,1,False,24D,E6****09
B1695,617,6F252,23,2,20260413,2026-04-13 11:37:36.952,CONFIRMED,1,0,0,False,4F,C7****91
B1696,539,6F055,18,2,20251128,2025-11-28 11:37:36.952,PENDING,0,0,1,False,11C,H3****22
B1697,739,AI204,1,1,20251112,2025-11-12 11:37:36.952,CANCELLED,0,1,0,False,34B,C9****60
B1698,2,AI016,2,1,20260202,2026-02-02 11:37:36.952,CONFIRMED,1,0,0,False,31D,B5****60
B1699,871,AI209,25,1,20251211,2025-12-11 11:37:36.952,PENDING,0,0,1,False,15D,K3****95
B1700,101,SJ211,3,3,20260104,2026-01-04 11:37:36.952,PENDING,0,0,1,False,14B,J6****31
B1701,533,6F103,1,2,20251016,2025-10-16 11:37:36.952,CONFIRMED,1,0,0,False,13F,A9****42
B1702,58,UK182,15,4,20250422,2025-04-22 11:37:36.952,CONFIRMED,1,0,0,False,31F,M4****27
B1703,389,6F264,4,2,20251225,2025-12-25 11:37:36.952,CANCELLED,0,1,0,False,19B,M7****49
B1704,692,6F027,30,2,20250723,2025-07-23 11:37:36.952,PENDING,0,0,1,False,29A,J6****18
B1705,941,UK198,7,4,20260131,2026-01-31 11:37:36.952,CANCELLED,0,1,0,False,3B,T9****42
B1706,341,6F171,7,2,20250907,2025-09-07 11:37:36.952,CANCELLED,0,1,0,False,15C,H7****72
B1707,861,AI004,14,1,20250705,2025-07-05 11:37:36.952,CANCELLED,0,1,0,False,1B,L3****79
B1708,20,6F157,21,2,20251122,2025-11-22 11:37:36.952,CONFIRMED,1,0,0,False,3C,W5****89
B1709,255,AI018,2,1,20251003,2025-10-03 11:37:36.952,CANCELLED,0,1,0,False,22B,G8****09
B1710,317,UK098,12,4,20250805,2025-08-05 11:37:36.952,CONFIRMED,1,0,0,False,21E,L7****43
B1711,38,6F167,6,2,20260129,2026-01-29 11:37:36.952,PENDING,0,0,1,True,4C,B9****46
B1712,660,AI228,6,1,20250906,2025-09-06 11:37:36.952,CANCELLED,0,1,0,False,17C,Z6****88
B1713,537,SJ242,29,3,20250831,2025-08-31 11:37:36.952,CANCELLED,0,1,0,False,17D,B6****56
B1714,386,6F227,3,2,20251211,2025-12-11 11:37:36.952,PENDING,0,0,1,False,34C,N3****41
B1715,633,6F037,16,2,20250827,2025-08-27 11:37:36.952,CANCELLED,0,1,0,False,20C,E7****08
B1716,928,6F107,22,2,20251222,2025-12-22 11:37:36.952,PENDING,0,0,1,False,28A,R8****56
B1717,26,SJ125,7,3,20251106,2025-11-06 11:37:36.952,CANCELLED,0,1,0,False,14A,H3****83
B1718,454,UK117,6,4,20250617,2025-06-17 11:37:36.952,CANCELLED,0,1,0,False,9B,Z7****18
B1719,681,6F192,22,2,20251112,2025-11-12 11:37:36.952,CANCELLED,0,1,0,False,29E,P7****08
B1720,323,AI201,25,1,20251127,2025-11-27 11:37:36.952,CANCELLED,0,1,0,False,27B,G8****73
B1721,737,SJ126,7,3,20260325,2026-03-25 11:37:36.952,PENDING,0,0,1,False,21A,F8****05
B1722,513,AI177,20,1,20260210,2026-02-10 11:37:36.952,PENDING,0,0,1,False,5E,E2****86
B1723,819,AI092,28,1,20251223,2025-12-23 11:37:36.952,CANCELLED,0,1,0,False,26B,R0****01
B1724,773,6F076,20,2,20251010,2025-10-10 11:37:36.952,CANCELLED,0,1,0,False,11D,G9****19
B1725,13,AI185,28,1,20250429,2025-04-29 11:37:36.952,PENDING,0,0,1,False,1E,E6****17
B1726,915,AI055,28,1,20250514,2025-05-14 11:37:36.952,CONFIRMED,1,0,0,False,2B,K9****42
B1727,908,6F222,14,2,20260315,2026-03-15 11:37:36.952,CONFIRMED,1,0,0,False,27D,H5****45
B1728,560,AI090,21,1,20251212,2025-12-12 11:37:36.952,CONFIRMED,1,0,0,False,1C,Y2****73
B1729,921,AI183,18,1,20250603,2025-06-03 11:37:36.952,PENDING,0,0,1,False,4F,V2****43
B1730,825,AI041,26,1,20250429,2025-04-29 11:37:36.952,PENDING,0,0,1,False,25F,C7****80
B1731,371,6F210,13,2,20250712,2025-07-12 11:37:36.952,CONFIRMED,1,0,0,False,25F,J3****01
B1732,291,AI170,13,1,20260115,2026-01-15 11:37:36.952,CONFIRMED,1,0,0,False,3A,X2****37
B1733,332,SJ008,24,3,20260416,2026-04-16 11:37:36.952,CANCELLED,0,1,0,False,2E,Y2****03
B1734,606,AI049,1,1,20250929,2025-09-29 11:37:36.952,PENDING,0,0,1,False,27E,Z1****82
B1735,261,SJ132,11,3,20250512,2025-05-12 11:37:36.952,PENDING,0,0,1,False,34E,K4****72
B1736,994,SJ224,9,3,20260126,2026-01-26 11:37:36.952,CONFIRMED,1,0,0,False,28E,F7****80
B1737,790,UK038,21,4,20250611,2025-06-11 11:37:36.952,CONFIRMED,1,0,0,False,1E,Y6****62
B1738,871,SJ220,2,3,20250814,2025-08-14 11:37:36.952,PENDING,0,0,1,False,27B,E0****02
B1739,205,6F124,6,2,20250629,2025-06-29 11:37:36.952,CANCELLED,0,1,0,False,34F,J3****45
B1740,697,SJ164,1,3,20251116,2025-11-16 11:37:36.952,CONFIRMED,1,0,0,False,14D,C2****25
B1741,687,AI026,10,1,20250518,2025-05-18 11:37:36.952,PENDING,0,0,1,False,18E,C2****02
B1742,950,6F144,17,2,20250914,2025-09-14 11:37:36.952,PENDING,0,0,1,False,16D,B3****24
B1743,387,6F137,12,2,20251121,2025-11-21 11:37:36.952,PENDING,0,0,1,True,6F,K0****48
B1744,892,UK139,27,4,20250905,2025-09-05 11:37:36.952,CANCELLED,0,1,0,False,10A,M4****88
B1745,821,UK139,27,4,20250520,2025-05-20 11:37:36.952,CONFIRMED,1,0,0,False,27B,X7****46
B1746,468,SJ140,13,3,20250831,2025-08-31 11:37:36.952,CONFIRMED,1,0,0,False,34D,H6****99
B1747,415,6F131,29,2,20250420,2025-04-20 11:37:36.952,CONFIRMED,1,0,0,False,9F,C2****72
B1748,69,UK128,2,4,20251115,2025-11-15 11:37:36.952,PENDING,0,0,1,False,9A,F9****69
B1749,472,SJ219,8,3,20260219,2026-02-19 11:37:36.952,CONFIRMED,1,0,0,False,23D,N1****23
B1750,104,SJ159,12,3,20250921,2025-09-21 11:37:36.952,PENDING,0,0,1,False,33D,Y8****76
B1751,758,UK192,13,4,20250919,2025-09-19 11:37:36.952,CONFIRMED,1,0,0,False,17E,Y2****13
B1752,161,AI014,14,1,20250813,2025-08-13 11:37:36.952,CANCELLED,0,1,0,False,34F,V4****39
B1753,200,SJ152,8,3,20250808,2025-08-08 11:37:36.952,CANCELLED,0,1,0,False,5C,Y1****00
B1754,216,SJ060,15,3,20260211,2026-02-11 11:37:36.952,PENDING,0,0,1,False,3C,Z7****43
B1755,946,AI127,4,1,20260217,2026-02-17 11:37:36.952,CANCELLED,0,1,0,False,10F,K1****75
B1756,212,SJ096,4,3,20260127,2026-01-27 11:37:36.952,PENDING,0,0,1,False,11F,B9****64
B1757,508,AI215,30,1,20250424,2025-04-24 11:37:36.952,PENDING,0,0,1,False,22B,A5****23
B1758,16,UK009,8,4,20260228,2026-02-28 11:37:36.952,CANCELLED,0,1,0,False,26B,T6****48
B1759,498,AI171,23,1,20251026,2025-10-26 11:37:36.952,PENDING,0,0,1,False,16F,M6****75
B1760,884,UK151,2,4,20260114,2026-01-14 11:37:36.952,CANCELLED,0,1,0,False,31B,Y6****95
B1761,332,AI099,6,1,20250522,2025-05-22 11:37:36.952,CONFIRMED,1,0,0,False,15A,K3****25
B1762,717,UK050,8,4,20250604,2025-06-04 11:37:36.952,CONFIRMED,1,0,0,False,32B,Y5****77
B1763,877,UK092,23,4,20251006,2025-10-06 11:37:36.952,CANCELLED,0,1,0,False,3B,T5****92
B1764,551,SJ058,4,3,20250620,2025-06-20 11:37:36.952,CANCELLED,0,1,0,False,13B,Y9****87
B1765,601,SJ090,14,3,20251221,2025-12-21 11:37:36.952,CANCELLED,0,1,0,False,1C,G4****74
B1766,942,6F173,2,2,20250907,2025-09-07 11:37:36.952,CANCELLED,0,1,0,False,1F,A7****51
B1767,256,AI186,10,1,20251119,2025-11-19 11:37:36.952,CONFIRMED,1,0,0,False,6D,L1****85
B1768,992,AI130,26,1,20260323,2026-03-23 11:37:36.952,PENDING,0,0,1,False,13C,F8****56
B1769,766,SJ111,9,3,20251123,2025-11-23 11:37:36.952,PENDING,0,0,1,True,6F,C8****58
B1770,728,6F203,29,2,20250804,2025-08-04 11:37:36.952,CONFIRMED,1,0,0,False,8D,R4****39
B1771,880,6F138,24,2,20250524,2025-05-24 11:37:36.952,PENDING,0,0,1,False,1F,T7****93
B1772,815,6F109,6,2,20250829,2025-08-29 11:37:36.952,PENDING,0,0,1,True,10B,K1****98
B1773,172,AI074,28,1,20260101,2026-01-01 11:37:36.952,PENDING,0,0,1,False,16E,W0****20
B1774,649,UK161,6,4,20260107,2026-01-07 11:37:36.952,CANCELLED,0,1,0,False,1B,W8****88
B1775,1000,AI008,2,1,20250619,2025-06-19 11:37:36.952,CANCELLED,0,1,0,False,14B,F9****69
B1776,498,UK121,6,4,20251227,2025-12-27 11:37:36.952,CANCELLED,0,1,0,False,17A,P2****74
B1777,471,6F154,12,2,20250426,2025-04-26 11:37:36.952,CONFIRMED,1,0,0,False,11A,P7****70
B1778,384,6F161,11,2,20250801,2025-08-01 11:37:36.952,CONFIRMED,1,0,0,False,10D,Y1****13
B1779,690,6F153,22,2,20260201,2026-02-01 11:37:36.952,PENDING,0,0,1,False,22B,D5****80
B1780,589,6F225,15,2,20260210,2026-02-10 11:37:36.952,PENDING,0,0,1,False,11B,F1****47
B1781,700,AI191,27,1,20260209,2026-02-09 11:37:36.952,PENDING,0,0,1,False,18C,H9****45
B1782,507,AI218,2,1,20250818,2025-08-18 11:37:36.952,CONFIRMED,1,0,0,False,25F,B8****14
B1783,992,6F267,9,2,20250928,2025-09-28 11:37:36.952,PENDING,0,0,1,False,25D,Y9****67
B1784,527,UK125,17,4,20250820,2025-08-20 11:37:36.952,CANCELLED,0,1,0,False,1B,F3****53
B1785,804,6F208,28,2,20250819,2025-08-19 11:37:36.952,PENDING,0,0,1,False,1B,W4****87
B1786,831,6F119,10,2,20260212,2026-02-12 11:37:36.952,CANCELLED,0,1,0,False,26B,N0****06
B1787,325,AI063,24,1,20250711,2025-07-11 11:37:36.952,CONFIRMED,1,0,0,False,1E,A5****64
B1788,214,UK016,18,4,20250605,2025-06-05 11:37:36.952,CANCELLED,0,1,0,False,2B,G9****03
B1789,208,6F048,13,2,20260113,2026-01-13 11:37:36.952,CANCELLED,0,1,0,False,30F,A9****75
B1790,169,6F266,1,2,20250423,2025-04-23 11:37:36.952,CANCELLED,0,1,0,False,28A,D9****98
B1791,330,AI167,30,1,20260224,2026-02-24 11:37:36.952,CONFIRMED,1,0,0,False,3C,M7****92
B1792,280,6F165,6,2,20260117,2026-01-17 11:37:36.952,CONFIRMED,1,0,0,False,8E,W9****81
B1793,978,SJ104,13,3,20251125,2025-11-25 11:37:36.952,CONFIRMED,1,0,0,False,14C,W1****58
B1794,305,UK160,6,4,20250626,2025-06-26 11:37:36.952,CONFIRMED,1,0,0,False,8D,L6****52
B1795,146,UK160,6,4,20260321,2026-03-21 11:37:36.952,PENDING,0,0,1,False,9C,L6****16
B1796,775,SJ230,2,3,20251128,2025-11-28 11:37:36.952,CONFIRMED,1,0,0,False,9B,R0****60
B1797,516,AI042,12,1,20250603,2025-06-03 11:37:36.952,CANCELLED,0,1,0,False,1A,C5****53
B1798,90,UK197,29,4,20250516,2025-05-16 11:37:36.952,CONFIRMED,1,0,0,False,23E,Z1****60
B1799,453,AI107,15,1,20260205,2026-02-05 11:37:36.952,PENDING,0,0,1,False,16E,B5****13
B1800,60,SJ128,22,3,20250822,2025-08-22 11:37:36.952,PENDING,0,0,1,False,7F,R9****53
B1801,311,6F121,14,2,20260414,2026-04-14 11:37:36.952,PENDING,0,0,1,False,34F,R9****91
B1802,528,AI111,21,1,20250630,2025-06-30 11:37:36.952,PENDING,0,0,1,True,16B,K6****61
B1803,227,SJ137,12,3,20260221,2026-02-21 11:37:36.952,CONFIRMED,1,0,0,False,24F,Y7****80
B1804,474,AI232,7,1,20251112,2025-11-12 11:37:36.952,CONFIRMED,1,0,0,False,1F,F3****43
B1805,978,SJ113,6,3,20251026,2025-10-26 11:37:36.952,CONFIRMED,1,0,0,False,14B,F2****73
B1806,541,AI117,24,1,20250802,2025-08-02 11:37:36.952,CANCELLED,0,1,0,False,17A,Y7****64
B1807,663,6F185,12,2,20250628,2025-06-28 11:37:36.952,CANCELLED,0,1,0,False,12C,E5****69
B1808,757,AI194,23,1,20260126,2026-01-26 11:37:36.952,PENDING,0,0,1,False,3B,T3****52
B1809,782,UK045,19,4,20260409,2026-04-09 11:37:36.952,PENDING,0,0,1,False,13B,F0****16
B1810,79,6F228,14,2,20260320,2026-03-20 11:37:36.952,CONFIRMED,1,0,0,False,34B,J4****19
B1811,433,SJ190,2,3,20260404,2026-04-04 11:37:36.952,CANCELLED,0,1,0,False,25A,T5****52
B1812,801,AI156,28,1,20260106,2026-01-06 11:37:36.952,CANCELLED,0,1,0,False,8A,P9****83
B1813,153,AI104,19,1,20250421,2025-04-21 11:37:36.952,PENDING,0,0,1,True,9D,N4****62
B1814,789,UK033,13,4,20250622,2025-06-22 11:37:36.952,CONFIRMED,1,0,0,False,26C,R3****06
B1815,401,UK137,16,4,20250501,2025-05-01 11:37:36.952,PENDING,0,0,1,False,3C,R0****36
B1816,279,UK214,13,4,20250621,2025-06-21 11:37:36.952,PENDING,0,0,1,False,20F,Y8****07
B1817,57,6F033,4,2,20250607,2025-06-07 11:37:36.952,PENDING,0,0,1,False,28D,T4****82
B1818,977,AI114,12,1,20251107,2025-11-07 11:37:36.952,CONFIRMED,1,0,0,False,26B,M9****03
B1819,186,AI017,28,1,20260119,2026-01-19 11:37:36.952,CONFIRMED,1,0,0,False,21E,N4****74
B1820,398,6F244,21,2,20251201,2025-12-01 11:37:36.952,PENDING,0,0,1,False,18E,X3****97
B1821,605,6F160,23,2,20251127,2025-11-27 11:37:36.952,PENDING,0,0,1,False,1C,Y8****55
B1822,788,6F088,22,2,20260105,2026-01-05 11:37:36.952,CANCELLED,0,1,0,False,17D,P6****39
B1823,158,6F155,7,2,20251126,2025-11-26 11:37:36.952,CANCELLED,0,1,0,False,19E,D2****15
B1824,787,AI095,9,1,20260415,2026-04-15 11:37:36.952,PENDING,0,0,1,False,9B,J0****62
B1825,693,6F139,14,2,20250517,2025-05-17 11:37:36.952,PENDING,0,0,1,False,5E,K2****87
B1826,359,6F101,16,2,20250711,2025-07-11 11:37:36.952,CANCELLED,0,1,0,False,19A,G7****58
B1827,440,AI054,15,1,20250623,2025-06-23 11:37:36.952,PENDING,0,0,1,False,20D,B6****56
B1828,589,SJ094,19,3,20250518,2025-05-18 11:37:36.952,CANCELLED,0,1,0,False,25B,A5****49
B1829,466,6F217,6,2,20260115,2026-01-15 11:37:36.952,CANCELLED,0,1,0,False,4E,Y7****08
B1830,663,6F100,26,2,20260415,2026-04-15 11:37:36.952,CANCELLED,0,1,0,False,23C,C6****65
B1831,446,6F081,23,2,20260205,2026-02-05 11:37:36.952,CONFIRMED,1,0,0,False,21C,V6****65
B1832,750,SJ156,8,3,20250617,2025-06-17 11:37:36.952,CONFIRMED,1,0,0,False,4D,D2****00
B1833,801,6F060,7,2,20250607,2025-06-07 11:37:36.952,PENDING,0,0,1,False,27D,V6****51
B1834,743,UK129,14,4,20250814,2025-08-14 11:37:36.952,CANCELLED,0,1,0,False,33E,L1****41
B1835,488,UK032,6,4,20260207,2026-02-07 11:37:36.952,CONFIRMED,1,0,0,False,2E,A2****86
B1836,530,AI166,2,1,20250923,2025-09-23 11:37:36.952,PENDING,0,0,1,False,13A,L7****36
B1837,73,SJ056,13,3,20251031,2025-10-31 11:37:36.952,PENDING,0,0,1,False,22F,J2****20
B1838,929,SJ101,12,3,20250612,2025-06-12 11:37:36.952,PENDING,0,0,1,False,18F,Y8****13
B1839,928,SJ065,23,3,20250509,2025-05-09 11:37:36.952,PENDING,0,0,1,False,9C,P1****97
B1840,701,SJ100,23,3,20250419,2025-04-19 11:37:36.952,PENDING,0,0,1,False,34A,W4****94
B1841,950,UK011,12,4,20251024,2025-10-24 11:37:36.952,CANCELLED,0,1,0,False,1E,B7****48
B1842,17,6F062,12,2,20260217,2026-02-17 11:37:36.952,PENDING,0,0,1,False,3B,Z3****98
B1843,531,SJ176,10,3,20250815,2025-08-15 11:37:36.952,CANCELLED,0,1,0,False,23E,F9****31
B1844,731,6F120,6,2,20251126,2025-11-26 11:37:36.952,CONFIRMED,1,0,0,False,3B,V4****42
B1845,326,AI121,14,1,20260305,2026-03-05 11:37:36.952,PENDING,0,0,1,False,24A,R7****75
B1846,995,UK072,26,4,20250830,2025-08-30 11:37:36.952,CONFIRMED,1,0,0,False,34F,V6****08
B1847,632,AI006,26,1,20260406,2026-04-06 11:37:36.952,CANCELLED,0,1,0,False,11B,L8****96
B1848,613,SJ231,7,3,20250519,2025-05-19 11:37:36.952,CANCELLED,0,1,0,False,30D,P0****42
B1849,546,SJ129,28,3,20250624,2025-06-24 11:37:36.952,PENDING,0,0,1,True,12E,V3****66
B1850,596,6F110,13,2,20250421,2025-04-21 11:37:36.952,PENDING,0,0,1,False,33B,Z1****78
B1851,921,6F231,14,2,20251126,2025-11-26 11:37:36.952,PENDING,0,0,1,False,2D,E6****69
B1852,708,6F095,27,2,20250809,2025-08-09 11:37:36.952,CONFIRMED,1,0,0,False,33E,E7****79
B1853,842,UK054,6,4,20250505,2025-05-05 11:37:36.952,CONFIRMED,1,0,0,False,18F,F3****65
B1854,202,SJ123,2,3,20250810,2025-08-10 11:37:36.952,CONFIRMED,1,0,0,False,29D,W4****41
B1855,344,6F006,26,2,20260104,2026-01-04 11:37:36.952,PENDING,0,0,1,False,3D,L3****89
B1856,853,UK226,19,4,20250504,2025-05-04 11:37:36.952,PENDING,0,0,1,False,4E,V1****79
B1857,523,AI065,23,1,20260307,2026-03-07 11:37:36.952,PENDING,0,0,1,False,17E,V9****38
B1858,859,6F008,10,2,20251125,2025-11-25 11:37:36.952,PENDING,0,0,1,True,10B,G8****61
B1859,400,AI195,1,1,20251111,2025-11-11 11:37:36.952,PENDING,0,0,1,False,7B,D2****18
B1860,218,UK043,4,4,20250801,2025-08-01 11:37:36.952,PENDING,0,0,1,True,3A,D8****66
B1861,445,AI125,12,1,20251015,2025-10-15 11:37:36.952,CONFIRMED,1,0,0,False,25E,X2****82
B1862,765,AI089,28,1,20251005,2025-10-05 11:37:36.952,PENDING,0,0,1,False,21A,J8****03
B1863,222,UK019,5,4,20260212,2026-02-12 11:37:36.952,CONFIRMED,1,0,0,False,22C,L7****33
B1864,383,UK078,5,4,20250927,2025-09-27 11:37:36.952,CANCELLED,0,1,0,False,22C,T7****15
B1865,881,SJ009,22,3,20250728,2025-07-28 11:37:36.952,CANCELLED,0,1,0,False,15E,L7****87
B1866,592,UK178,7,4,20260128,2026-01-28 11:37:36.952,CONFIRMED,1,0,0,False,7A,J4****83
B1867,7,UK018,2,4,20251123,2025-11-23 11:37:36.952,CONFIRMED,1,0,0,False,13D,K7****50
B1868,272,SJ059,12,3,20260410,2026-04-10 11:37:36.952,CANCELLED,0,1,0,False,29E,L6****97
B1869,739,UK108,7,4,20260204,2026-02-04 11:37:36.952,CONFIRMED,1,0,0,False,19C,B2****68
B1870,16,6F045,5,2,20250425,2025-04-25 11:37:36.952,CANCELLED,0,1,0,False,5D,X4****40
B1871,424,AI144,3,1,20251004,2025-10-04 11:37:36.952,CANCELLED,0,1,0,False,23E,Y5****31
B1872,524,AI244,6,1,20250709,2025-07-09 11:37:36.952,PENDING,0,0,1,False,26E,R2****18
B1873,803,6F265,4,2,20250425,2025-04-25 11:37:36.952,CONFIRMED,1,0,0,False,11B,B2****54
B1874,753,6F108,4,2,20260126,2026-01-26 11:37:36.952,CONFIRMED,1,0,0,False,16E,K1****54
B1875,21,6F069,23,2,20250617,2025-06-17 11:37:36.952,PENDING,0,0,1,False,17D,N0****67
B1876,690,6F072,25,2,20250614,2025-06-14 11:37:36.952,CANCELLED,0,1,0,False,18F,D5****17
B1877,939,6F096,23,2,20251109,2025-11-09 11:37:36.952,CONFIRMED,1,0,0,False,33F,C7****21
B1878,228,SJ233,4,3,20251231,2025-12-31 11:37:36.952,PENDING,0,0,1,False,31D,X8****44
B1879,785,AI203,2,1,20251203,2025-12-03 11:37:36.952,PENDING,0,0,1,False,9E,X4****40
B1880,288,UK147,12,4,20260308,2026-03-08 11:37:36.952,CONFIRMED,1,0,0,False,2E,N4****65
B1881,809,UK039,17,4,20250826,2025-08-26 11:37:36.952,PENDING,0,0,1,False,8E,F1****77
B1882,134,6F216,30,2,20251017,2025-10-17 11:37:36.952,CANCELLED,0,1,0,False,18B,P6****63
B1883,984,AI214,12,1,20251117,2025-11-17 11:37:36.952,PENDING,0,0,1,False,5B,E2****80
B1884,283,UK025,10,4,20250831,2025-08-31 11:37:36.952,CANCELLED,0,1,0,False,31D,W3****01
B1885,404,UK053,6,4,20250810,2025-08-10 11:37:36.952,CANCELLED,0,1,0,False,11B,E4****40
B1886,665,6F130,4,2,20260212,2026-02-12 11:37:36.952,PENDING,0,0,1,True,9D,M1****64
B1887,66,6F247,4,2,20260309,2026-03-09 11:37:36.952,PENDING,0,0,1,False,23F,W6****31
B1888,649,6F159,28,2,20251225,2025-12-25 11:37:36.952,CANCELLED,0,1,0,False,25C,Z5****77
B1889,604,UK086,22,4,20260224,2026-02-24 11:37:36.952,CANCELLED,0,1,0,False,22C,Y0****02
B1890,437,6F102,14,2,20250830,2025-08-30 11:37:36.952,PENDING,0,0,1,False,12E,G4****72
B1891,829,UK186,26,4,20260126,2026-01-26 11:37:36.952,CANCELLED,0,1,0,False,18D,A4****45
B1892,934,6F032,10,2,20250824,2025-08-24 11:37:36.952,PENDING,0,0,1,False,17F,T4****11
B1893,259,6F186,17,2,20250802,2025-08-02 11:37:36.952,CONFIRMED,1,0,0,False,19A,V7****20
B1894,980,6F106,2,2,20260224,2026-02-24 11:37:36.952,CANCELLED,0,1,0,False,4F,H7****83
B1895,966,AI021,4,1,20251005,2025-10-05 11:37:36.952,CANCELLED,0,1,0,False,14E,B0****14
B1896,103,AI157,25,1,20251130,2025-11-30 11:37:36.952,PENDING,0,0,1,False,11F,C1****86
B1897,993,6F054,24,2,20251101,2025-11-01 11:37:36.952,PENDING,0,0,1,False,26F,A7****10
B1898,567,AI187,29,1,20251003,2025-10-03 11:37:36.952,PENDING,0,0,1,False,10D,K2****80
B1899,769,SJ124,13,3,20250928,2025-09-28 11:37:36.952,PENDING,0,0,1,False,4B,C5****60
B1900,101,SJ223,14,3,20251006,2025-10-06 11:37:36.952,CANCELLED,0,1,0,False,11C,F8****52
B1901,198,UK103,11,4,20250425,2025-04-25 11:37:36.952,CONFIRMED,1,0,0,False,21A,K2****01
B1902,813,SJ157,4,3,20260208,2026-02-08 11:37:36.952,CONFIRMED,1,0,0,False,14F,X9****63
B1903,226,6F242,27,2,20251106,2025-11-06 11:37:36.952,CONFIRMED,1,0,0,False,9B,E2****39
B1904,943,UK213,2,4,20250701,2025-07-01 11:37:36.952,CONFIRMED,1,0,0,False,8B,M6****01
B1905,463,SJ120,23,3,20260213,2026-02-13 11:37:36.952,PENDING,0,0,1,False,24B,K3****32
B1906,237,AI035,9,1,20250811,2025-08-11 11:37:36.952,CANCELLED,0,1,0,False,22B,G2****64
B1907,26,6F147,14,2,20260114,2026-01-14 11:37:36.952,CANCELLED,0,1,0,False,1B,F8****76
B1908,121,SJ229,12,3,20250809,2025-08-09 11:37:36.952,CANCELLED,0,1,0,False,23B,V6****09
B1909,910,AI230,22,1,20251114,2025-11-14 11:37:36.952,PENDING,0,0,1,False,31B,R7****52
B1910,506,UK162,2,4,20250610,2025-06-10 11:37:36.952,CANCELLED,0,1,0,False,5C,C5****59
B1911,182,AI066,14,1,20250529,2025-05-29 11:37:36.952,PENDING,0,0,1,False,27C,N2****96
B1912,711,6F205,17,2,20250909,2025-09-09 11:37:36.952,CANCELLED,0,1,0,False,19D,T5****52
B1913,814,AI124,20,1,20250524,2025-05-24 11:37:36.952,CONFIRMED,1,0,0,False,27B,N6****89
B1914,767,UK114,15,4,20251019,2025-10-19 11:37:36.952,PENDING,0,0,1,False,20A,H2****92
B1915,634,AI231,4,1,20250603,2025-06-03 11:37:36.952,CANCELLED,0,1,0,False,18B,C2****35
B1916,543,AI113,20,1,20251030,2025-10-30 11:37:36.952,CONFIRMED,1,0,0,False,7D,W5****06
B1917,984,UK180,1,4,20250803,2025-08-03 11:37:36.952,PENDING,0,0,1,True,27A,X7****81
B1918,315,UK180,1,4,20251007,2025-10-07 11:37:36.952,CONFIRMED,1,0,0,False,2B,V1****71
B1919,991,6F080,14,2,20260317,2026-03-17 11:37:36.952,PENDING,0,0,1,False,7C,G7****20
B1920,797,SJ095,9,3,20250511,2025-05-11 11:37:36.952,PENDING,0,0,1,False,14A,T8****49
B1921,618,SJ115,5,3,20250424,2025-04-24 11:37:36.952,CANCELLED,0,1,0,False,21F,K6****62
B1922,736,AI142,8,1,20250514,2025-05-14 11:37:36.952,CONFIRMED,1,0,0,False,7D,X2****33
B1923,273,UK169,13,4,20251128,2025-11-28 11:37:36.952,CANCELLED,0,1,0,False,33F,X9****94
B1924,910,SJ041,20,3,20250504,2025-05-04 11:37:36.952,CANCELLED,0,1,0,False,27D,D2****71
B1925,232,UK171,15,4,20250420,2025-04-20 11:37:36.952,CONFIRMED,1,0,0,False,7D,W3****10
B1926,420,AI081,28,1,20251127,2025-11-27 11:37:36.952,CANCELLED,0,1,0,False,18F,M9****99
B1927,768,AI162,11,1,20260128,2026-01-28 11:37:36.952,PENDING,0,0,1,False,27D,C3****37
B1928,442,SJ037,6,3,20260123,2026-01-23 11:37:36.952,CANCELLED,0,1,0,False,6F,J8****84
B1929,496,SJ037,6,3,20251105,2025-11-05 11:37:36.952,CONFIRMED,1,0,0,False,6A,P7****48
B1930,24,UK080,27,4,20251216,2025-12-16 11:37:36.952,PENDING,0,0,1,False,3B,K9****42
B1931,109,SJ031,10,3,20250926,2025-09-26 11:37:36.952,PENDING,0,0,1,False,16C,D6****90
B1932,703,AI199,13,1,20251228,2025-12-28 11:37:36.952,CANCELLED,0,1,0,False,4B,G4****42
B1933,502,6F082,26,2,20250528,2025-05-28 11:37:36.952,CANCELLED,0,1,0,False,7B,C6****79
B1934,859,UK217,21,4,20260412,2026-04-12 11:37:36.952,PENDING,0,0,1,False,9F,C5****13
B1935,25,UK014,14,4,20260413,2026-04-13 11:37:36.952,CANCELLED,0,1,0,False,6C,K0****28
B1936,187,SJ180,15,3,20260111,2026-01-11 11:37:36.952,CONFIRMED,1,0,0,False,14D,E8****71
B1937,288,6F268,9,2,20260219,2026-02-19 11:37:36.952,CANCELLED,0,1,0,False,16E,M7****91
B1938,628,UK205,14,4,20260407,2026-04-07 11:37:36.952,CANCELLED,0,1,0,False,19B,Z7****19
B1939,338,SJ212,23,3,20250722,2025-07-22 11:37:36.952,PENDING,0,0,1,False,22B,E1****31
B1940,878,UK052,25,4,20250625,2025-06-25 11:37:36.952,CANCELLED,0,1,0,False,17C,P9****68
B1941,914,UK230,6,4,20250613,2025-06-13 11:37:36.952,CANCELLED,0,1,0,False,19D,L2****25
B1942,37,AI145,10,1,20250718,2025-07-18 11:37:36.952,CANCELLED,0,1,0,False,23D,R9****88
B1943,794,SJ035,12,3,20260313,2026-03-13 11:37:36.952,CONFIRMED,1,0,0,False,7E,K8****05
B1944,137,SJ184,12,3,20250720,2025-07-20 11:37:36.952,CANCELLED,0,1,0,False,10B,R5****84
B1945,508,6F207,5,2,20251103,2025-11-03 11:37:36.952,CONFIRMED,1,0,0,False,24A,C7****56
B1946,227,UK144,2,4,20260330,2026-03-30 11:37:36.952,CONFIRMED,1,0,0,False,15A,A7****41
B1947,320,AI126,19,1,20251022,2025-10-22 11:37:36.952,CONFIRMED,1,0,0,False,1A,Z6****71
B1948,840,SJ145,29,3,20250519,2025-05-19 11:37:36.952,CONFIRMED,1,0,0,False,10A,W9****28
B1949,916,6F040,15,2,20250516,2025-05-16 11:37:36.952,PENDING,0,0,1,False,15B,F3****22
B1950,182,UK049,17,4,20250615,2025-06-15 11:37:36.952,CONFIRMED,1,0,0,False,21B,F8****47
B1951,874,UK049,17,4,20260318,2026-03-18 11:37:36.952,CANCELLED,0,1,0,False,3F,Y9****41
B1952,86,AI087,11,1,20251018,2025-10-18 11:37:36.952,CONFIRMED,1,0,0,False,2C,Y1****35
B1953,467,AI152,25,1,20250524,2025-05-24 11:37:36.952,CANCELLED,0,1,0,False,19A,R2****06
B1954,926,SJ240,5,3,20251106,2025-11-06 11:37:36.952,CONFIRMED,1,0,0,False,2A,W0****02
B1955,53,AI212,18,1,20250914,2025-09-14 11:37:36.952,PENDING,0,0,1,False,22B,D9****19
B1956,860,AI064,27,1,20250921,2025-09-21 11:37:36.952,CONFIRMED,1,0,0,False,3B,J4****42
B1957,867,6F093,12,2,20250607,2025-06-07 11:37:36.952,CONFIRMED,1,0,0,False,32E,V8****35
B1958,235,AI118,14,1,20250428,2025-04-28 11:37:36.952,PENDING,0,0,1,False,29C,H7****13
B1959,959,AI172,2,1,20251219,2025-12-19 11:37:36.952,CONFIRMED,1,0,0,False,23D,N9****85
B1960,779,6F183,19,2,20260130,2026-01-30 11:37:36.952,CANCELLED,0,1,0,False,27E,X4****90
B1961,799,6F200,13,2,20250715,2025-07-15 11:37:36.952,CONFIRMED,1,0,0,False,28A,Z0****98
B1962,433,SJ077,27,3,20251223,2025-12-23 11:37:36.952,CONFIRMED,1,0,0,False,18C,B6****37
B1963,496,UK030,12,4,20260224,2026-02-24 11:37:36.952,CONFIRMED,1,0,0,False,27F,C6****13
B1964,999,SJ232,23,3,20250521,2025-05-21 11:37:36.952,PENDING,0,0,1,False,18B,X8****08
B1965,100,6F090,24,2,20260129,2026-01-29 11:37:36.952,CONFIRMED,1,0,0,False,20D,N9****44
B1966,990,UK002,1,4,20251106,2025-11-06 11:37:36.952,CONFIRMED,1,0,0,False,12B,L0****24
B1967,599,AI154,14,1,20250703,2025-07-03 11:37:36.952,CANCELLED,0,1,0,False,22C,A0****41
B1968,403,6F089,4,2,20251011,2025-10-11 11:37:36.952,CONFIRMED,1,0,0,False,2D,Y1****74
B1969,396,6F218,6,2,20260408,2026-04-08 11:37:36.952,CONFIRMED,1,0,0,False,29A,T9****25
B1970,527,6F241,4,2,20251126,2025-11-26 11:37:36.952,CONFIRMED,1,0,0,False,12B,G3****45
B1971,415,6F116,21,2,20250820,2025-08-20 11:37:36.952,CONFIRMED,1,0,0,False,2B,Z8****04
B1972,939,UK199,2,4,20250418,2025-04-18 11:37:36.952,CANCELLED,0,1,0,False,19B,F9****17
B1973,613,SJ033,13,3,20250428,2025-04-28 11:37:36.952,CANCELLED,0,1,0,False,8C,E0****82
B1974,677,AI210,6,1,20250803,2025-08-03 11:37:36.952,PENDING,0,0,1,False,15B,F6****06
B1975,463,UK148,17,4,20250826,2025-08-26 11:37:36.952,PENDING,0,0,1,True,20E,B3****80
B1976,541,AI229,14,1,20250827,2025-08-27 11:37:36.952,PENDING,0,0,1,False,16F,F2****01
B1977,626,UK005,16,4,20260101,2026-01-01 11:37:36.952,PENDING,0,0,1,False,4A,M9****19
B1978,619,SJ080,1,3,20251207,2025-12-07 11:37:36.952,CONFIRMED,1,0,0,False,12C,A2****62
B1979,922,SJ092,27,3,20251202,2025-12-02 11:37:36.952,CANCELLED,0,1,0,False,1F,J7****94
B1980,364,SJ055,14,3,20251204,2025-12-04 11:37:36.952,CANCELLED,0,1,0,False,15A,Y2****32
B1981,130,AI239,5,1,20250517,2025-05-17 11:37:36.952,CONFIRMED,1,0,0,False,19D,Z7****56
B1982,84,6F162,28,2,20250617,2025-06-17 11:37:36.952,PENDING,0,0,1,True,7A,H7****53
B1983,271,UK101,4,4,20250628,2025-06-28 11:37:36.952,PENDING,0,0,1,True,27A,P6****27
B1984,244,6F198,24,2,20250425,2025-04-25 11:37:36.952,CONFIRMED,1,0,0,False,27F,X2****80
B1985,388,6F239,28,2,20250928,2025-09-28 11:37:36.952,CONFIRMED,1,0,0,False,31F,Y0****16
B1986,214,SJ177,2,3,20251007,2025-10-07 11:37:36.952,CONFIRMED,1,0,0,False,13F,N7****22
B1987,818,6F044,4,2,20260312,2026-03-12 11:37:36.952,CANCELLED,0,1,0,False,19F,W5****68
B1988,166,6F248,4,2,20260217,2026-02-17 11:37:36.952,PENDING,0,0,1,False,13A,H7****94
B1989,791,6F002,27,2,20251210,2025-12-10 11:37:36.952,PENDING,0,0,1,True,16F,H7****92
B1990,59,SJ197,24,3,20260331,2026-03-31 11:37:36.952,CONFIRMED,1,0,0,False,14B,E4****66
B1991,602,UK091,28,4,20260114,2026-01-14 11:37:36.952,CANCELLED,0,1,0,False,22E,W4****76
B1992,883,6F215,7,2,20250425,2025-04-25 11:37:36.952,CONFIRMED,1,0,0,False,25C,G8****40
B1993,843,AI093,26,1,20260311,2026-03-11 11:37:36.952,CANCELLED,0,1,0,False,5B,P6****35
B1994,924,UK090,14,4,20260331,2026-03-31 11:37:36.952,CONFIRMED,1,0,0,False,21D,J5****56
B1995,504,SJ005,9,3,20251120,2025-11-20 11:37:36.952,CANCELLED,0,1,0,False,11C,J8****62
B1996,706,UK106,2,4,20250808,2025-08-08 11:37:36.952,CANCELLED,0,1,0,False,27E,M1****50
B1997,123,6F223,23,2,20250503,2025-05-03 11:37:36.952,PENDING,0,0,1,False,27B,P5****20
B1998,648,6F011,23,2,20251023,2025-10-23 11:37:36.952,CONFIRMED,1,0,0,False,14C,T2****97
B1999,413,UK124,23,4,20250808,2025-08-08 11:37:36.952,PENDING,0,0,1,True,12B,C2****50
